age,annual_income,monthly_visits,device,region,customer_segment
67.0,88645.78,8.0,desktop,West,Premium
50.0,56544.45,6.0,mobile,North,Premium
53.0,48922.55,7.0,mobile,East,Regular
64.0,50620.78,8.0,mobile,East,Regular
48.0,51330.57,6.0,tablet,West,Regular
58.0,83525.04,4.0,tablet,West,Regular
61.0,65238.36,10.0,tablet,South,Regular
29.0,78136.55,4.0,desktop,North,Premium
20.0,12000.0,6.0,tablet,East,Budget
33.0,62203.84,6.0,mobile,South,Regular
32.0,76867.96,5.0,mobile,East,Regular
63.0,95155.46,5.0,desktop,South,Premium
65.0,56278.64,10.0,mobile,West,Regular
18.0,21355.81,5.0,mobile,East,Budget
43.0,67474.52,7.0,tablet,North,Regular
60.0,43715.66,5.0,tablet,South,Budget
24.0,19862.0,5.0,mobile,West,Budget
59.0,43326.39,7.0,mobile,East,Regular
24.0,76825.33,6.0,tablet,North,Regular
42.0,79744.74,9.0,desktop,East,Premium
60.0,70141.21,12.0,mobile,North,Premium
33.0,34752.28,7.0,mobile,North,Regular
35.0,106057.66,5.0,mobile,South,Budget
32.0,32333.94,10.0,desktop,East,Regular
55.0,54172.03,11.0,desktop,North,Premium
31.0,26832.67,4.0,desktop,East,Regular
69.0,82079.94,8.0,mobile,South,Regular
41.0,64660.36,11.0,tablet,South,Premium
42.0,73510.37,8.0,desktop,East,Premium
44.0,57558.75,6.0,mobile,West,Regular
48.0,,8.0,desktop,West,Regular
46.0,59252.93,7.0,tablet,East,Regular
44.0,18003.19,5.0,tablet,East,Budget
69.0,75657.36,3.0,mobile,West,Regular
59.0,74048.89,4.0,desktop,East,Regular
59.0,47938.5,3.0,desktop,North,Regular
54.0,55542.66,8.0,mobile,West,Regular
50.0,61792.27,4.0,mobile,North,Regular
35.0,87208.3,7.0,mobile,North,Premium
69.0,64450.1,7.0,mobile,South,Regular
42.0,56668.86,5.0,mobile,North,Regular
29.0,45644.13,4.0,mobile,South,Regular
61.0,25762.96,4.0,mobile,West,Budget
26.0,43914.07,3.0,desktop,West,Regular
62.0,57274.77,8.0,desktop,West,Regular
49.0,50809.93,9.0,mobile,South,Regular
23.0,57372.8,8.0,mobile,South,Regular
20.0,70776.22,6.0,mobile,North,Regular
41.0,64583.45,7.0,mobile,South,Regular
19.0,61388.2,3.0,mobile,South,Regular
25.0,69014.56,4.0,desktop,East,Regular
44.0,59622.16,5.0,tablet,North,Regular
68.0,55283.43,11.0,mobile,North,Regular
42.0,65300.94,7.0,mobile,North,Regular
60.0,21357.05,10.0,mobile,East,Regular
65.0,80973.14,9.0,desktop,West,Premium
60.0,30139.95,4.0,desktop,South,Budget
50.0,72670.2,4.0,mobile,North,Regular
40.0,56195.34,6.0,tablet,East,Regular
44.0,78105.84,5.0,mobile,East,Regular
31.0,56656.93,3.0,mobile,West,Regular
43.0,37074.27,5.0,desktop,North,Regular
37.0,77434.28,6.0,mobile,West,Regular
30.0,59665.59,5.0,desktop,North,Regular
69.0,58350.27,9.0,mobile,South,Regular
18.0,57608.6,4.0,mobile,South,Regular
23.0,76018.14,9.0,tablet,North,Premium
28.0,72353.63,7.0,mobile,East,Regular
68.0,60610.21,3.0,desktop,East,Regular
53.0,24994.84,4.0,mobile,South,Budget
63.0,47937.48,4.0,mobile,East,Budget
28.0,58139.35,6.0,tablet,South,Regular
55.0,91931.38,4.0,mobile,East,Regular
37.0,,7.0,mobile,South,Regular
43.0,54204.9,6.0,mobile,East,Regular
18.0,79971.2,7.0,mobile,East,Premium
50.0,53829.15,5.0,desktop,West,Regular
61.0,55501.86,7.0,mobile,East,Regular
52.0,59208.46,8.0,desktop,South,Regular
26.0,26113.25,3.0,mobile,South,Budget
45.0,75224.44,5.0,desktop,West,Premium
31.0,64593.96,8.0,mobile,North,Regular
68.0,50430.42,4.0,mobile,West,Budget
63.0,33241.8,5.0,mobile,West,Budget
27.0,60362.02,2.0,mobile,East,Regular
44.0,84093.43,9.0,desktop,North,Premium
66.0,43271.97,10.0,desktop,South,Regular
62.0,34866.92,7.0,desktop,South,Regular
54.0,64504.85,12.0,desktop,East,Premium
51.0,24175.8,4.0,desktop,East,Budget
20.0,12000.0,3.0,desktop,South,Budget
56.0,47222.61,5.0,mobile,North,Budget
42.0,42316.57,6.0,desktop,East,Regular
22.0,50583.02,3.0,desktop,West,Regular
30.0,45098.79,9.0,desktop,East,Regular
46.0,62777.23,4.0,tablet,North,Regular
55.0,51714.6,4.0,mobile,East,Regular
44.0,44158.24,4.0,desktop,West,Regular
49.0,46986.23,6.0,mobile,North,Regular
63.0,68774.04,7.0,mobile,North,Regular
53.0,75319.14,7.0,desktop,East,Premium
36.0,74235.5,8.0,desktop,North,Premium
51.0,70098.18,10.0,mobile,East,Premium
49.0,12000.0,10.0,mobile,South,Budget
23.0,36122.81,9.0,desktop,North,Regular
21.0,49872.87,7.0,tablet,South,Regular
52.0,60284.7,6.0,desktop,South,Regular
38.0,23822.84,5.0,desktop,North,Regular
49.0,84620.25,9.0,mobile,West,Premium
34.0,62247.43,6.0,mobile,West,Budget
29.0,43759.69,8.0,mobile,North,Regular
25.0,59456.75,7.0,mobile,West,Regular
37.0,49260.64,3.0,desktop,South,Regular
60.0,40997.14,7.0,mobile,East,Regular
38.0,66315.86,7.0,desktop,East,Premium
37.0,47123.06,6.0,tablet,East,Regular
47.0,27967.44,4.0,tablet,East,Budget
68.0,43502.48,4.0,mobile,South,Budget
38.0,53914.99,6.0,mobile,East,Regular
48.0,34614.93,5.0,mobile,North,Budget
40.0,81438.93,9.0,desktop,South,Premium
49.0,34432.44,3.0,tablet,North,Budget
41.0,91369.6,7.0,desktop,North,Budget
51.0,74117.83,5.0,mobile,South,Regular
46.0,37403.74,7.0,mobile,North,Regular
53.0,58842.8,4.0,mobile,South,Regular
67.0,79885.66,9.0,mobile,North,Premium
25.0,52431.38,10.0,tablet,West,Regular
47.0,32400.17,3.0,desktop,West,Budget
40.0,58502.45,7.0,mobile,South,Regular
36.0,96072.62,7.0,desktop,North,Premium
30.0,26475.89,5.0,mobile,South,Budget
20.0,67378.94,9.0,desktop,East,Premium
38.0,56490.76,5.0,mobile,East,Regular
60.0,53945.78,3.0,desktop,West,Regular
23.0,48514.64,4.0,mobile,North,Regular
39.0,49931.1,6.0,tablet,South,Regular
68.0,77082.41,3.0,mobile,South,Regular
67.0,68269.36,6.0,desktop,South,Regular
29.0,36394.31,5.0,mobile,South,Regular
18.0,87523.93,9.0,desktop,North,Premium
52.0,30411.99,6.0,mobile,North,Budget
18.0,69618.34,3.0,mobile,East,Regular
33.0,60045.55,4.0,tablet,West,Budget
43.0,80346.43,4.0,mobile,North,Regular
63.0,63504.79,5.0,desktop,North,Regular
22.0,77511.17,2.0,desktop,South,Regular
52.0,55908.77,6.0,mobile,East,Regular
45.0,75858.38,4.0,desktop,West,Regular
24.0,63297.38,3.0,mobile,North,Regular
61.0,99393.23,7.0,desktop,West,Premium
61.0,42503.8,7.0,desktop,West,Regular
43.0,80307.37,4.0,mobile,North,Regular
67.0,65719.16,8.0,mobile,East,Regular
49.0,59963.0,7.0,mobile,West,Regular
65.0,45109.16,6.0,tablet,East,Regular
67.0,65388.99,8.0,mobile,East,Regular
47.0,26972.66,8.0,mobile,North,Regular
32.0,29078.94,7.0,mobile,West,Regular
25.0,70693.63,7.0,mobile,North,Regular
47.0,25360.44,8.0,desktop,South,Regular
28.0,85202.15,5.0,mobile,North,Premium
57.0,50980.07,6.0,mobile,East,Regular
66.0,61466.91,7.0,mobile,West,Regular
30.0,57983.75,6.0,desktop,East,Regular
46.0,64889.7,5.0,desktop,East,Regular
20.0,50905.14,8.0,mobile,East,Regular
27.0,49140.98,5.0,desktop,North,Regular
37.0,53974.45,5.0,desktop,West,Regular
63.0,77484.32,6.0,desktop,West,Premium
68.0,79167.81,10.0,mobile,South,Premium
51.0,81982.35,6.0,desktop,South,Premium
48.0,63814.01,4.0,mobile,North,Regular
47.0,52498.25,8.0,mobile,West,Regular
21.0,22917.61,4.0,mobile,West,Budget
37.0,69373.16,3.0,mobile,North,Regular
69.0,73327.7,6.0,mobile,West,Regular
39.0,48453.98,6.0,mobile,North,Regular
29.0,72660.09,6.0,mobile,North,Regular
30.0,82300.21,0.0,desktop,South,Regular
55.0,58411.94,7.0,desktop,South,Regular
19.0,77660.23,10.0,mobile,South,Premium
68.0,62680.05,8.0,desktop,North,Regular
63.0,21829.7,10.0,mobile,North,Regular
47.0,47076.9,10.0,desktop,South,Regular
42.0,48328.88,4.0,mobile,South,Regular
57.0,67119.29,4.0,mobile,East,Regular
46.0,39264.55,6.0,desktop,East,Regular
42.0,47756.11,9.0,desktop,North,Regular
34.0,37286.51,3.0,tablet,West,Budget
41.0,55761.7,7.0,mobile,South,Regular
57.0,57928.98,11.0,mobile,South,Regular
20.0,76027.6,3.0,mobile,South,Regular
19.0,72476.88,4.0,mobile,South,Regular
55.0,59827.28,7.0,desktop,South,Regular
37.0,61360.85,5.0,desktop,East,Regular
59.0,58713.53,12.0,tablet,North,Premium
19.0,58790.83,5.0,mobile,South,Regular
65.0,87472.77,7.0,mobile,North,Premium
24.0,12000.0,9.0,mobile,West,Budget
39.0,53027.37,6.0,desktop,West,Regular
68.0,62795.09,10.0,mobile,South,Regular
23.0,79137.9,10.0,desktop,North,Premium
52.0,34655.14,5.0,mobile,East,Budget
55.0,63478.21,9.0,mobile,North,Regular
40.0,73779.84,10.0,mobile,South,Premium
22.0,47633.86,10.0,mobile,East,Regular
45.0,,6.0,desktop,South,Regular
40.0,49345.31,6.0,mobile,South,Regular
63.0,32525.81,6.0,tablet,North,Budget
53.0,69561.1,4.0,mobile,West,Regular
35.0,39524.94,4.0,tablet,South,Budget
21.0,92153.49,5.0,desktop,North,Premium
48.0,59372.32,5.0,desktop,North,Regular
32.0,40434.64,4.0,mobile,West,Budget
53.0,46450.59,2.0,mobile,South,Budget
62.0,34699.13,10.0,mobile,North,Regular
36.0,64333.34,4.0,mobile,South,Regular
64.0,86366.34,5.0,desktop,West,Premium
44.0,52232.53,4.0,mobile,East,Regular
45.0,75039.71,11.0,mobile,West,Premium
57.0,37695.41,5.0,mobile,South,Budget
59.0,62703.9,4.0,desktop,East,Regular
65.0,102620.51,6.0,desktop,North,Premium
69.0,28430.11,6.0,mobile,North,Budget
25.0,81188.48,5.0,desktop,West,Premium
39.0,80015.78,7.0,desktop,North,Premium
66.0,18942.11,5.0,mobile,North,Budget
33.0,27854.01,7.0,mobile,East,Regular
18.0,37018.31,12.0,tablet,North,Regular
47.0,75915.41,7.0,mobile,North,Regular
57.0,47962.14,7.0,desktop,North,Regular
56.0,53190.24,6.0,desktop,North,Regular
60.0,70685.92,7.0,mobile,West,Regular
51.0,58894.16,8.0,desktop,East,Regular
25.0,61048.96,6.0,desktop,East,Regular
62.0,50107.2,4.0,mobile,North,Budget
39.0,79013.37,3.0,mobile,South,Regular
62.0,40970.33,5.0,desktop,West,Regular
60.0,90027.28,3.0,mobile,East,Regular
68.0,49763.48,6.0,mobile,North,Regular
18.0,40565.36,6.0,desktop,North,Regular
63.0,69450.0,8.0,desktop,South,Premium
50.0,65534.24,3.0,mobile,South,Regular
43.0,16905.16,7.0,mobile,East,Budget
59.0,60932.04,11.0,mobile,South,Regular
67.0,29503.94,10.0,desktop,West,Regular
44.0,39909.7,5.0,mobile,West,Regular
22.0,72229.47,5.0,mobile,East,Regular
55.0,39241.53,9.0,desktop,South,Regular
29.0,63589.36,5.0,mobile,West,Regular
29.0,48882.9,3.0,mobile,West,Regular
28.0,95130.82,6.0,mobile,North,Premium
28.0,54542.03,8.0,desktop,North,Premium
65.0,32954.64,5.0,mobile,West,Budget
36.0,34353.17,7.0,mobile,West,Regular
23.0,38321.64,8.0,desktop,East,Regular
27.0,58972.71,4.0,mobile,North,Regular
38.0,56354.02,8.0,mobile,East,Regular
35.0,75788.46,6.0,mobile,South,Regular
34.0,59736.27,5.0,mobile,South,Regular
67.0,58955.12,9.0,mobile,East,Regular
63.0,62850.41,8.0,mobile,East,Regular
47.0,53772.54,5.0,mobile,North,Regular
69.0,62199.85,6.0,mobile,South,Regular
35.0,72007.45,3.0,mobile,North,Regular
25.0,72004.24,4.0,tablet,North,Regular
32.0,45427.14,5.0,mobile,North,Regular
22.0,20964.11,3.0,mobile,East,Budget
67.0,40149.72,8.0,desktop,North,Regular
29.0,61941.29,10.0,desktop,South,Premium
41.0,12000.0,2.0,mobile,South,Budget
28.0,46775.23,4.0,mobile,South,Regular
68.0,65261.55,8.0,tablet,North,Regular
26.0,44991.82,6.0,desktop,South,Regular
44.0,33897.74,10.0,mobile,South,Regular
67.0,91328.45,7.0,mobile,East,Premium
45.0,83939.48,5.0,mobile,North,Regular
64.0,51067.57,7.0,desktop,East,Regular
64.0,82677.85,10.0,tablet,South,Premium
57.0,82188.14,9.0,mobile,East,Premium
56.0,33611.79,3.0,desktop,East,Budget
47.0,109806.72,4.0,tablet,East,Premium
48.0,37451.65,3.0,mobile,West,Budget
61.0,50920.76,5.0,tablet,East,Regular
40.0,34263.03,6.0,desktop,South,Regular
67.0,57715.88,3.0,mobile,South,Regular
63.0,29856.39,4.0,desktop,West,Budget
37.0,56000.55,9.0,mobile,East,Regular
39.0,77782.18,9.0,mobile,East,Premium
55.0,60393.52,7.0,tablet,South,Regular
65.0,50827.19,6.0,desktop,East,Regular
23.0,87017.28,14.0,mobile,South,Premium
21.0,38168.05,2.0,desktop,East,Regular
30.0,75449.82,4.0,desktop,West,Premium
40.0,50035.06,6.0,tablet,South,Regular
26.0,60384.76,10.0,desktop,East,Premium
45.0,56687.45,2.0,mobile,North,Regular
46.0,58608.55,5.0,desktop,South,Regular
67.0,54973.55,12.0,desktop,East,Premium
56.0,40386.85,6.0,desktop,North,Regular
31.0,44645.92,5.0,mobile,North,Regular
58.0,64831.82,4.0,mobile,West,Regular
59.0,53830.58,9.0,mobile,North,Regular
53.0,32718.17,6.0,mobile,South,Budget
53.0,41857.26,5.0,mobile,North,Budget
34.0,42094.4,6.0,desktop,West,Regular
55.0,54833.0,7.0,mobile,West,Regular
25.0,59484.33,4.0,mobile,South,Regular
50.0,57720.85,8.0,mobile,South,Regular
65.0,42811.58,6.0,desktop,East,Regular
68.0,56225.02,10.0,mobile,North,Regular
33.0,28485.69,7.0,mobile,North,Regular
35.0,12000.0,3.0,desktop,West,Budget
50.0,54727.27,11.0,desktop,North,Premium
38.0,22738.28,5.0,tablet,East,Budget
56.0,36858.98,8.0,desktop,South,Regular
28.0,31658.96,6.0,mobile,South,Regular
26.0,,6.0,tablet,South,Regular
20.0,31537.02,6.0,mobile,North,Regular
42.0,61221.61,11.0,mobile,West,Premium
29.0,45905.6,7.0,mobile,South,Regular
33.0,30934.68,7.0,desktop,West,Regular
65.0,24143.06,7.0,mobile,South,Budget
60.0,64841.59,3.0,mobile,North,Regular
61.0,63307.79,3.0,mobile,South,Regular
48.0,71040.77,6.0,mobile,North,Regular
23.0,,6.0,mobile,South,Premium
56.0,60957.09,7.0,tablet,East,Regular
49.0,61124.15,2.0,desktop,South,Regular
65.0,53010.32,13.0,mobile,East,Premium
42.0,57571.91,6.0,desktop,North,Regular
27.0,48435.46,4.0,desktop,North,Regular
48.0,37535.97,4.0,desktop,West,Regular
41.0,95274.44,12.0,desktop,South,Premium
52.0,18146.12,5.0,desktop,North,Budget
37.0,60439.94,6.0,desktop,East,Regular
33.0,64197.83,8.0,mobile,South,Regular
24.0,58332.29,8.0,desktop,North,Premium
67.0,36075.54,11.0,desktop,South,Regular
57.0,51456.69,1.0,mobile,South,Budget
42.0,46041.94,3.0,mobile,West,Budget
30.0,33755.09,6.0,mobile,East,Regular
50.0,54293.56,11.0,desktop,West,Premium
39.0,47046.53,7.0,desktop,West,Budget
51.0,44132.84,10.0,desktop,East,Regular
22.0,68812.72,5.0,mobile,East,Regular
27.0,33946.5,3.0,mobile,West,Budget
56.0,63910.33,6.0,mobile,South,Regular
21.0,42875.4,0.0,tablet,North,Budget
53.0,63606.7,5.0,mobile,North,Regular
39.0,56436.36,7.0,mobile,East,Regular
18.0,59846.97,4.0,mobile,East,Regular
57.0,35435.3,5.0,desktop,South,Regular
54.0,39508.26,5.0,desktop,East,Regular
60.0,37873.43,1.0,mobile,West,Budget
64.0,58439.24,9.0,tablet,West,Regular
55.0,69876.79,7.0,mobile,East,Regular
61.0,76497.94,5.0,desktop,West,Regular
23.0,44923.63,7.0,mobile,West,Regular
65.0,56610.76,5.0,desktop,North,Regular
65.0,22594.93,8.0,mobile,North,Budget
54.0,12000.0,7.0,desktop,South,Budget
59.0,37578.67,6.0,mobile,West,Budget
56.0,41565.02,5.0,desktop,West,Regular
63.0,23839.01,3.0,mobile,East,Budget
64.0,19328.69,6.0,desktop,West,Budget
45.0,65466.09,2.0,tablet,North,Regular
60.0,38763.84,6.0,mobile,South,Budget
65.0,21236.39,6.0,desktop,East,Budget
33.0,101097.91,5.0,mobile,South,Premium
20.0,58178.95,7.0,desktop,East,Premium
26.0,48382.57,7.0,desktop,North,Regular
19.0,68227.58,4.0,mobile,West,Regular
40.0,39531.3,6.0,mobile,North,Regular
19.0,86344.26,6.0,mobile,South,Premium
31.0,23949.08,3.0,mobile,South,Budget
31.0,28564.17,5.0,desktop,East,Regular
54.0,51874.56,7.0,desktop,South,Regular
30.0,39333.57,8.0,tablet,East,Regular
67.0,82706.74,5.0,mobile,East,Regular
27.0,22590.56,5.0,mobile,East,Budget
68.0,39960.59,10.0,mobile,South,Regular
47.0,59266.08,5.0,mobile,South,Regular
30.0,65717.35,5.0,mobile,North,Regular
20.0,74466.71,4.0,mobile,South,Regular
33.0,61310.43,4.0,mobile,South,Regular
48.0,98386.83,3.0,desktop,North,Premium
23.0,44976.98,7.0,desktop,East,Regular
26.0,,5.0,mobile,East,Regular
23.0,71470.96,5.0,desktop,South,Premium
53.0,48078.59,7.0,desktop,North,Regular
22.0,48520.37,6.0,mobile,North,Regular
19.0,45091.92,5.0,desktop,West,Regular
41.0,41493.74,5.0,mobile,South,Regular
34.0,,3.0,mobile,East,Budget
47.0,43239.51,7.0,mobile,South,Regular
66.0,23404.35,2.0,mobile,East,Budget
62.0,61836.5,9.0,desktop,East,Premium
45.0,22511.37,3.0,mobile,West,Budget
51.0,95384.54,6.0,mobile,East,Premium
60.0,88098.49,12.0,desktop,West,Regular
40.0,76227.62,3.0,tablet,West,Regular
52.0,49977.4,7.0,tablet,West,Regular
29.0,42474.54,9.0,desktop,West,Regular
49.0,78559.16,9.0,mobile,West,Premium
30.0,57756.7,6.0,desktop,East,Regular
27.0,65288.53,5.0,mobile,South,Regular
57.0,39780.75,9.0,mobile,North,Regular
47.0,75362.85,4.0,mobile,North,Regular
37.0,38169.88,6.0,mobile,North,Regular
20.0,56224.68,5.0,mobile,West,Regular
30.0,19604.71,5.0,mobile,West,Budget
59.0,41019.78,4.0,desktop,East,Regular
42.0,64048.92,2.0,desktop,South,Regular
67.0,45081.49,5.0,desktop,South,Regular
64.0,45145.38,3.0,desktop,South,Regular
62.0,69755.66,5.0,mobile,South,Regular
18.0,52572.23,5.0,tablet,South,Regular
20.0,78763.51,10.0,desktop,South,Premium
48.0,12000.0,2.0,desktop,West,Budget
35.0,65328.83,9.0,mobile,West,Regular
61.0,64100.47,7.0,mobile,East,Regular
34.0,23232.78,9.0,mobile,West,Budget
25.0,28126.82,6.0,mobile,East,Budget
23.0,71477.1,5.0,mobile,South,Regular
33.0,32720.4,10.0,mobile,East,Regular
50.0,41295.63,9.0,mobile,South,Regular
24.0,65886.26,7.0,desktop,North,Premium
59.0,47352.02,6.0,desktop,North,Regular
33.0,63462.2,2.0,desktop,South,Regular
34.0,36668.66,7.0,mobile,West,Regular
52.0,59871.95,1.0,mobile,South,Budget
62.0,75510.48,5.0,mobile,North,Regular
40.0,60425.69,3.0,mobile,East,Regular
59.0,12000.0,3.0,desktop,South,Budget
33.0,66917.54,4.0,desktop,West,Regular
24.0,55101.25,5.0,mobile,West,Regular
61.0,35899.7,6.0,desktop,East,Regular
57.0,81683.27,7.0,mobile,North,Regular
57.0,19210.98,8.0,desktop,West,Regular
63.0,91263.58,11.0,desktop,West,Premium
43.0,41332.3,1.0,tablet,North,Budget
28.0,85280.97,9.0,mobile,East,Premium
48.0,53044.4,5.0,desktop,South,Regular
47.0,27433.66,1.0,mobile,East,Budget
38.0,55819.51,5.0,mobile,North,Regular
51.0,60533.14,5.0,desktop,West,Regular
31.0,64713.14,7.0,desktop,South,Premium
49.0,75051.82,7.0,mobile,East,Regular
59.0,36054.18,11.0,mobile,North,Regular
23.0,63724.34,7.0,desktop,West,Premium
41.0,68591.27,2.0,mobile,West,Regular
52.0,48505.57,8.0,mobile,West,Regular
20.0,35268.44,7.0,mobile,South,Regular
50.0,34871.89,7.0,desktop,South,Regular
65.0,68839.7,5.0,desktop,West,Regular
60.0,69824.63,8.0,mobile,West,Regular
53.0,37399.22,5.0,mobile,West,Budget
59.0,27245.81,7.0,tablet,East,Regular
36.0,78576.24,7.0,desktop,South,Premium
35.0,22970.52,6.0,tablet,East,Budget
22.0,57076.5,3.0,mobile,South,Regular
55.0,37858.93,1.0,desktop,West,Budget
34.0,18945.05,9.0,mobile,East,Regular
63.0,56366.47,6.0,mobile,East,Regular
42.0,50105.25,6.0,mobile,North,Regular
64.0,82549.88,6.0,desktop,North,Premium
25.0,99120.88,3.0,desktop,North,Premium
26.0,50143.4,3.0,tablet,East,Regular
36.0,74303.16,6.0,desktop,North,Premium
19.0,74690.49,6.0,mobile,North,Regular
43.0,43468.0,5.0,mobile,East,Regular
51.0,36629.09,6.0,desktop,North,Regular
52.0,85943.45,3.0,mobile,South,Regular
29.0,46612.6,4.0,tablet,South,Regular
26.0,53371.27,6.0,mobile,West,Regular
47.0,48087.68,7.0,desktop,East,Regular
50.0,51229.77,9.0,mobile,North,Regular
67.0,41857.84,7.0,desktop,South,Regular
64.0,68781.66,4.0,tablet,North,Regular
37.0,78878.48,7.0,mobile,North,Regular
26.0,46451.85,5.0,mobile,West,Regular
31.0,26408.37,9.0,tablet,South,Regular
63.0,54886.95,8.0,mobile,West,Regular
41.0,24272.59,8.0,mobile,North,Regular
69.0,41149.87,7.0,desktop,East,Regular
52.0,78373.49,3.0,desktop,North,Regular
48.0,100076.99,8.0,mobile,East,Premium
23.0,61363.58,4.0,mobile,South,Regular
48.0,32677.29,7.0,mobile,West,Regular
37.0,69404.29,4.0,mobile,East,Regular
61.0,12000.0,7.0,mobile,North,Budget
24.0,40052.78,14.0,desktop,East,Premium
27.0,84197.81,9.0,desktop,North,Regular
52.0,68708.66,7.0,desktop,West,Premium
53.0,26405.11,8.0,mobile,North,Premium
61.0,20774.69,10.0,desktop,East,Regular
45.0,70898.94,3.0,desktop,East,Regular
37.0,52931.48,4.0,mobile,East,Regular
33.0,42065.56,3.0,mobile,East,Budget
37.0,62086.01,6.0,desktop,South,Regular
52.0,42451.59,6.0,desktop,West,Budget
46.0,15633.09,2.0,desktop,West,Budget
33.0,69970.14,9.0,desktop,South,Premium
29.0,40981.91,8.0,mobile,East,Regular
54.0,33915.06,6.0,mobile,East,Budget
30.0,27340.07,7.0,tablet,West,Regular
28.0,58853.44,6.0,mobile,South,Regular
35.0,37861.24,3.0,desktop,West,Regular
62.0,66301.93,7.0,tablet,North,Regular
41.0,48558.8,9.0,mobile,South,Regular
48.0,75386.68,10.0,mobile,South,Premium
22.0,46190.68,8.0,desktop,South,Regular
35.0,40869.48,9.0,mobile,East,Regular
57.0,14687.26,2.0,mobile,West,Budget
58.0,32017.49,4.0,tablet,West,Budget
48.0,68214.82,2.0,mobile,South,Regular
63.0,114684.44,6.0,desktop,West,Premium
33.0,28975.06,10.0,mobile,South,Regular
26.0,33235.59,7.0,mobile,West,Regular
22.0,60609.58,7.0,tablet,South,Regular
28.0,63384.81,9.0,tablet,West,Regular
57.0,40414.84,3.0,mobile,West,Budget
65.0,55455.36,2.0,mobile,West,Budget
24.0,21899.05,2.0,desktop,North,Budget
44.0,47963.91,9.0,mobile,North,Regular
24.0,71816.37,7.0,mobile,East,Regular
61.0,86412.74,6.0,mobile,South,Regular
24.0,50560.41,13.0,tablet,South,Premium
51.0,48737.67,4.0,desktop,North,Regular
22.0,62901.64,4.0,mobile,South,Regular
56.0,,4.0,mobile,East,Regular
65.0,63595.38,8.0,mobile,South,Regular
56.0,38962.42,10.0,desktop,South,Regular
32.0,60998.83,6.0,desktop,South,Regular
61.0,73162.85,8.0,mobile,East,Regular
33.0,39723.41,3.0,desktop,West,Regular
57.0,27324.41,3.0,mobile,North,Budget
61.0,64042.89,7.0,desktop,East,Regular
43.0,61199.73,11.0,desktop,South,Premium
50.0,73148.08,10.0,mobile,North,Premium
62.0,55684.03,6.0,tablet,North,Regular
27.0,41100.9,9.0,desktop,South,Regular
19.0,45230.84,4.0,mobile,South,Regular
40.0,33460.87,5.0,mobile,East,Budget
27.0,35097.59,8.0,tablet,South,Regular
63.0,42772.8,8.0,mobile,West,Regular
63.0,44325.33,4.0,desktop,East,Regular
37.0,76117.66,7.0,mobile,East,Regular
34.0,29547.26,5.0,tablet,West,Budget
54.0,53008.32,7.0,tablet,North,Regular
41.0,42244.59,3.0,desktop,West,Regular
23.0,83574.75,7.0,mobile,East,Premium
52.0,59193.15,9.0,desktop,West,Premium
55.0,46556.19,5.0,mobile,South,Regular
21.0,70197.81,10.0,tablet,North,Premium
58.0,55323.34,11.0,desktop,South,Premium
45.0,,2.0,mobile,East,Budget
60.0,84543.18,8.0,mobile,South,Premium
62.0,68153.38,6.0,mobile,South,Regular
53.0,88420.98,5.0,mobile,North,Regular
35.0,77038.23,3.0,mobile,East,Regular
37.0,69453.14,6.0,desktop,East,Premium
55.0,56669.22,6.0,mobile,North,Regular
21.0,32476.28,5.0,mobile,West,Regular
30.0,68161.59,3.0,mobile,East,Regular
44.0,55503.11,7.0,mobile,East,Regular
67.0,67502.67,6.0,tablet,North,Regular
57.0,53913.11,8.0,desktop,North,Regular
60.0,40366.28,7.0,desktop,West,Regular
27.0,34081.64,5.0,desktop,South,Regular
32.0,68002.3,5.0,mobile,South,Budget
31.0,79789.47,8.0,mobile,North,Premium
56.0,48381.76,5.0,mobile,South,Regular
45.0,63145.87,2.0,desktop,East,Regular
28.0,81622.9,8.0,desktop,West,Premium
56.0,37529.94,3.0,mobile,West,Budget
51.0,47360.76,4.0,mobile,East,Regular
64.0,31879.23,6.0,desktop,West,Regular
47.0,77570.25,8.0,mobile,North,Premium
24.0,59353.6,5.0,desktop,South,Regular
64.0,44968.92,7.0,mobile,East,Regular
27.0,21243.61,5.0,mobile,East,Budget
20.0,50582.14,4.0,mobile,North,Regular
59.0,73987.7,12.0,desktop,North,Premium
41.0,48292.01,5.0,tablet,East,Regular
51.0,45740.85,7.0,mobile,South,Regular
24.0,66910.99,2.0,desktop,South,Regular
55.0,29686.76,7.0,desktop,West,Regular
39.0,55224.67,4.0,mobile,North,Budget
69.0,66076.28,2.0,tablet,North,Regular
51.0,38712.83,7.0,tablet,West,Regular
66.0,37728.8,9.0,mobile,North,Regular
59.0,59128.84,4.0,mobile,East,Regular
61.0,52234.95,4.0,mobile,North,Regular
22.0,49528.55,5.0,desktop,West,Regular
58.0,58333.62,8.0,desktop,South,Regular
49.0,58640.28,4.0,mobile,East,Regular
38.0,35843.8,7.0,tablet,South,Regular
34.0,40992.12,4.0,desktop,West,Premium
51.0,63147.87,7.0,mobile,East,Regular
28.0,76507.71,3.0,mobile,North,Regular
27.0,81131.1,6.0,mobile,South,Premium
63.0,37437.31,6.0,desktop,North,Regular
57.0,75979.16,5.0,mobile,East,Regular
48.0,69318.72,8.0,desktop,West,Premium
57.0,53668.46,3.0,mobile,East,Budget
34.0,63965.28,7.0,tablet,South,Regular
55.0,70747.75,5.0,mobile,East,Regular
28.0,89763.51,8.0,mobile,North,Premium
41.0,33356.99,13.0,desktop,South,Premium
25.0,66226.83,4.0,mobile,South,Regular
37.0,51535.94,7.0,desktop,East,Regular
35.0,50207.87,9.0,tablet,North,Regular
39.0,77070.83,12.0,mobile,East,Premium
42.0,70554.86,7.0,mobile,North,Regular
19.0,34194.2,6.0,mobile,West,Regular
35.0,48714.45,10.0,mobile,East,Regular
61.0,58848.0,8.0,tablet,South,Regular
40.0,26328.19,2.0,mobile,North,Budget
46.0,71470.48,7.0,mobile,North,Regular
23.0,52863.62,5.0,mobile,East,Regular
38.0,57573.12,4.0,mobile,South,Regular
68.0,61006.74,3.0,mobile,South,Budget
46.0,90168.24,8.0,desktop,West,Premium
19.0,55086.46,4.0,desktop,North,Regular
55.0,47288.07,6.0,mobile,West,Regular
58.0,88824.96,2.0,desktop,West,Regular
37.0,44436.64,2.0,desktop,West,Regular
19.0,43979.0,9.0,desktop,North,Regular
61.0,26905.9,10.0,desktop,South,Regular
31.0,75788.42,4.0,mobile,East,Regular
65.0,59771.88,6.0,mobile,North,Regular
36.0,63718.89,7.0,desktop,West,Premium
38.0,57679.05,2.0,desktop,West,Regular
59.0,51717.63,7.0,mobile,East,Regular
25.0,38854.29,6.0,desktop,South,Regular
19.0,38947.57,9.0,mobile,West,Regular
57.0,,6.0,desktop,West,Regular
66.0,56858.56,11.0,tablet,South,Regular
69.0,86703.3,8.0,mobile,North,Premium
24.0,39373.84,8.0,desktop,North,Regular
25.0,44778.23,6.0,tablet,West,Budget
35.0,34224.54,8.0,mobile,South,Regular
55.0,81699.1,4.0,tablet,West,Regular
65.0,30032.55,6.0,desktop,South,Regular
60.0,69697.8,5.0,mobile,East,Regular
37.0,82888.34,4.0,desktop,North,Premium
65.0,51661.78,6.0,mobile,South,Regular
31.0,68780.28,8.0,desktop,West,Premium
24.0,12356.02,3.0,desktop,South,Budget
40.0,46797.0,3.0,mobile,East,Budget
22.0,21641.99,9.0,mobile,South,Regular
53.0,57849.64,11.0,tablet,East,Regular
69.0,54630.51,6.0,desktop,South,Regular
23.0,39245.35,7.0,desktop,East,Premium
24.0,73141.5,3.0,mobile,West,Budget
27.0,61491.14,8.0,tablet,West,Regular
27.0,44114.69,7.0,mobile,North,Regular
45.0,44326.37,6.0,desktop,South,Regular
47.0,25396.83,6.0,desktop,South,Regular
67.0,50801.39,2.0,tablet,South,Budget
41.0,96377.44,4.0,mobile,North,Premium
66.0,40422.19,4.0,mobile,West,Budget
57.0,62797.54,4.0,tablet,East,Premium
62.0,43634.29,7.0,desktop,West,Regular
27.0,70370.77,7.0,desktop,South,Premium
41.0,63182.6,6.0,mobile,North,Regular
65.0,49875.71,6.0,mobile,East,Regular
57.0,19234.62,4.0,tablet,South,Budget
29.0,44330.75,7.0,desktop,East,Regular
61.0,78215.96,3.0,desktop,South,Regular
57.0,49670.46,9.0,mobile,West,Regular
25.0,66929.68,5.0,tablet,West,Regular
21.0,44998.61,11.0,desktop,West,Premium
31.0,17603.51,6.0,desktop,South,Regular
42.0,62927.97,8.0,desktop,West,Premium
25.0,60827.92,5.0,tablet,North,Regular
19.0,43067.07,9.0,desktop,North,Regular
23.0,47178.58,6.0,mobile,West,Regular
34.0,60236.15,8.0,desktop,East,Premium
38.0,42793.51,2.0,desktop,West,Regular
34.0,61349.06,6.0,desktop,East,Regular
41.0,50488.24,6.0,desktop,South,Regular
55.0,12000.0,8.0,mobile,North,Budget
30.0,51666.39,3.0,desktop,North,Regular
41.0,42717.3,7.0,desktop,West,Regular
55.0,37976.45,6.0,mobile,South,Budget
20.0,62478.89,10.0,mobile,North,Premium
66.0,44868.76,4.0,desktop,East,Regular
69.0,65198.0,9.0,desktop,North,Premium
33.0,76145.2,7.0,tablet,West,Premium
64.0,57363.62,5.0,mobile,East,Regular
31.0,23934.83,6.0,mobile,North,Budget
65.0,40078.99,5.0,mobile,North,Budget
52.0,72589.12,8.0,mobile,East,Regular
30.0,49434.21,7.0,mobile,East,Regular
21.0,38598.57,5.0,mobile,South,Regular
38.0,52771.19,8.0,mobile,North,Regular
56.0,64505.78,5.0,desktop,East,Regular
29.0,59682.03,11.0,mobile,North,Premium
44.0,67328.92,4.0,mobile,North,Regular
24.0,38262.2,4.0,mobile,South,Regular
40.0,49140.63,7.0,mobile,West,Regular
19.0,49591.88,1.0,desktop,East,Regular
69.0,54144.88,5.0,desktop,West,Regular
44.0,13151.37,7.0,mobile,West,Budget
61.0,49909.35,6.0,mobile,North,Regular
24.0,,7.0,desktop,North,Regular
26.0,82068.07,7.0,mobile,East,Premium
27.0,85355.04,5.0,mobile,West,Premium
47.0,87824.15,5.0,mobile,West,Regular
62.0,70608.79,9.0,mobile,East,Regular
49.0,45002.14,9.0,mobile,North,Regular
43.0,73574.46,2.0,desktop,South,Regular
66.0,50643.48,5.0,tablet,North,Regular
27.0,66703.51,5.0,mobile,North,Regular
26.0,36777.28,7.0,desktop,West,Regular
52.0,43009.95,7.0,mobile,East,Regular
62.0,63817.69,2.0,desktop,North,Regular
31.0,89670.53,7.0,tablet,South,Premium
31.0,54138.92,4.0,mobile,North,Regular
45.0,99193.77,5.0,mobile,East,Premium
58.0,109123.6,5.0,mobile,East,Premium
32.0,29295.82,8.0,desktop,East,Regular
60.0,54106.31,3.0,desktop,North,Regular
44.0,35827.79,3.0,desktop,North,Regular
54.0,51902.57,3.0,mobile,North,Budget
50.0,44094.08,5.0,mobile,North,Regular
42.0,53333.68,4.0,mobile,North,Regular
45.0,73732.84,5.0,mobile,East,Regular
69.0,73231.87,6.0,mobile,North,Regular
38.0,59807.99,5.0,mobile,North,Regular
67.0,54727.63,6.0,desktop,East,Regular
59.0,57019.16,6.0,mobile,North,Regular
27.0,57189.27,3.0,mobile,East,Regular
63.0,66026.46,8.0,desktop,South,Premium
37.0,54788.47,7.0,mobile,North,Regular
27.0,64629.18,4.0,mobile,South,Regular
31.0,28799.13,8.0,desktop,North,Regular
25.0,70373.78,6.0,desktop,East,Premium
35.0,89246.17,5.0,desktop,South,Premium
23.0,58326.3,6.0,mobile,East,Regular
46.0,,5.0,mobile,South,Budget
68.0,,7.0,mobile,South,Regular
68.0,48194.12,8.0,desktop,East,Regular
66.0,12000.0,4.0,mobile,East,Budget
30.0,50395.18,8.0,mobile,North,Regular
29.0,66692.68,9.0,desktop,East,Premium
53.0,62312.93,5.0,mobile,North,Budget
68.0,79258.88,5.0,mobile,East,Regular
60.0,67004.1,3.0,mobile,South,Regular
28.0,57190.57,6.0,mobile,East,Regular
56.0,15643.4,7.0,mobile,East,Budget
44.0,32692.2,7.0,desktop,South,Regular
41.0,58280.73,4.0,mobile,South,Regular
43.0,68131.03,5.0,desktop,East,Regular
46.0,34413.57,8.0,mobile,West,Regular
65.0,42629.86,7.0,desktop,West,Regular
59.0,64036.36,5.0,mobile,South,Regular
20.0,16953.64,4.0,mobile,East,Budget
57.0,16226.21,10.0,desktop,West,Regular
34.0,50189.66,5.0,desktop,North,Budget
35.0,59731.73,4.0,mobile,East,Regular
49.0,45264.55,6.0,mobile,West,Regular
69.0,12000.0,3.0,mobile,East,Budget
21.0,55203.31,4.0,mobile,North,Regular
44.0,28456.0,2.0,desktop,South,Budget
30.0,67687.7,5.0,desktop,East,Regular
65.0,52749.43,5.0,desktop,West,Regular
42.0,59981.23,5.0,mobile,North,Regular
62.0,67443.35,9.0,mobile,West,Regular
63.0,44329.37,6.0,desktop,South,Regular
23.0,71125.18,8.0,mobile,South,Premium
57.0,79363.19,12.0,mobile,East,Premium
59.0,62605.17,3.0,desktop,North,Regular
61.0,81076.44,4.0,mobile,West,Regular
69.0,42351.17,9.0,desktop,North,Regular
57.0,72889.13,3.0,mobile,East,Regular
61.0,60085.78,4.0,mobile,West,Regular
54.0,35226.84,3.0,mobile,West,Budget
33.0,53208.89,5.0,mobile,South,Regular
62.0,44268.56,3.0,desktop,West,Regular
54.0,43827.99,10.0,mobile,North,Regular
53.0,56481.24,7.0,mobile,North,Regular
68.0,,3.0,mobile,East,Premium
56.0,48479.7,7.0,desktop,South,Regular
35.0,57237.42,8.0,desktop,South,Premium
33.0,25702.98,11.0,mobile,South,Regular
35.0,56883.39,9.0,mobile,North,Regular
26.0,77614.23,8.0,mobile,East,Premium
22.0,70809.88,8.0,desktop,South,Premium
57.0,64170.65,6.0,desktop,East,Regular
58.0,44345.2,5.0,desktop,North,Regular
26.0,35469.95,3.0,mobile,East,Budget
38.0,52914.95,13.0,desktop,West,Premium
65.0,28275.14,13.0,mobile,South,Regular
61.0,30338.21,8.0,mobile,West,Regular
49.0,73435.52,3.0,mobile,West,Regular
68.0,36607.02,6.0,mobile,South,Budget
35.0,90339.33,5.0,desktop,North,Premium
61.0,26474.63,4.0,mobile,West,Budget
66.0,63291.29,5.0,desktop,West,Regular
48.0,31569.13,7.0,desktop,North,Regular
26.0,58229.74,6.0,desktop,South,Regular
33.0,34171.44,6.0,mobile,South,Budget
44.0,55580.32,8.0,desktop,East,Premium
32.0,51678.15,7.0,mobile,East,Regular
22.0,45829.92,9.0,desktop,West,Premium
26.0,64910.56,4.0,desktop,North,Regular
68.0,84660.89,6.0,mobile,West,Regular
37.0,43060.43,5.0,desktop,West,Regular
47.0,72290.8,5.0,mobile,East,Regular
40.0,56446.67,5.0,mobile,North,Regular
59.0,54175.07,7.0,mobile,East,Regular
23.0,98208.8,10.0,mobile,East,Premium
32.0,12000.0,4.0,mobile,West,Regular
48.0,41284.65,7.0,mobile,East,Regular
59.0,18904.78,5.0,mobile,South,Budget
41.0,48559.57,10.0,mobile,West,Budget
54.0,50230.1,6.0,desktop,East,Regular
59.0,130263.53,5.0,mobile,West,Premium
51.0,61631.32,8.0,tablet,West,Regular
60.0,90336.79,11.0,mobile,East,Premium
67.0,80491.6,11.0,tablet,South,Premium
29.0,46042.74,5.0,mobile,South,Regular
40.0,64261.31,6.0,mobile,South,Regular
29.0,87835.66,3.0,mobile,North,Regular
39.0,58200.56,3.0,mobile,West,Regular
18.0,58906.05,8.0,tablet,East,Regular
53.0,64728.96,3.0,mobile,South,Regular
30.0,24961.56,5.0,desktop,West,Regular
61.0,38672.57,5.0,desktop,East,Regular
55.0,61434.41,5.0,mobile,North,Regular
35.0,65574.4,6.0,desktop,West,Premium
41.0,36558.47,12.0,desktop,West,Budget
52.0,48353.48,9.0,mobile,North,Regular
39.0,52324.06,6.0,desktop,South,Regular
28.0,51755.03,7.0,desktop,East,Regular
20.0,68493.51,4.0,mobile,East,Regular
46.0,56858.29,11.0,mobile,South,Regular
45.0,58035.13,5.0,desktop,North,Regular
57.0,26702.59,5.0,mobile,West,Budget
24.0,33861.27,6.0,desktop,South,Regular
21.0,61112.21,4.0,tablet,West,Regular
56.0,23128.47,4.0,desktop,West,Budget
55.0,60071.93,5.0,desktop,South,Regular
59.0,41619.25,5.0,mobile,East,Budget
18.0,38615.99,4.0,desktop,North,Regular
52.0,67554.8,6.0,mobile,West,Regular
67.0,41288.27,5.0,mobile,South,Budget
57.0,37683.26,2.0,desktop,East,Budget
42.0,41301.41,5.0,desktop,North,Regular
42.0,55829.76,6.0,desktop,South,Regular
39.0,109186.0,11.0,desktop,North,Regular
20.0,12632.72,4.0,desktop,West,Budget
55.0,54277.38,5.0,mobile,South,Regular
45.0,49864.33,6.0,mobile,North,Regular
45.0,73540.25,10.0,desktop,West,Premium
66.0,47291.16,13.0,desktop,West,Premium
56.0,12000.0,6.0,tablet,South,Budget
67.0,80937.56,7.0,desktop,West,Premium
22.0,32969.84,10.0,mobile,East,Regular
67.0,53412.48,1.0,mobile,North,Budget
47.0,27432.09,7.0,desktop,East,Regular
38.0,32843.48,10.0,tablet,North,Regular
47.0,44721.69,5.0,mobile,South,Regular
19.0,71600.47,5.0,mobile,East,Regular
66.0,71304.74,6.0,mobile,South,Regular
50.0,42681.28,4.0,mobile,West,Budget
20.0,64520.51,7.0,mobile,South,Regular
65.0,47144.13,7.0,desktop,East,Regular
41.0,56761.33,3.0,mobile,East,Regular
24.0,57599.85,3.0,desktop,North,Regular
50.0,66838.41,9.0,desktop,South,Premium
21.0,42289.8,5.0,desktop,South,Regular
46.0,51881.56,5.0,desktop,North,Regular
57.0,58826.91,6.0,desktop,South,Regular
21.0,56285.64,5.0,mobile,East,Regular
59.0,38646.34,7.0,mobile,North,Regular
48.0,88690.99,7.0,desktop,East,Premium
34.0,45314.34,6.0,mobile,North,Regular
29.0,69517.46,9.0,mobile,South,Premium
18.0,58513.85,4.0,tablet,West,Regular
28.0,78730.65,5.0,mobile,North,Regular
32.0,12000.0,2.0,mobile,South,Budget
63.0,95204.55,3.0,desktop,North,Premium
44.0,50209.93,7.0,mobile,West,Regular
28.0,29968.58,3.0,tablet,East,Budget
56.0,57002.74,3.0,mobile,East,Regular
41.0,99287.46,7.0,mobile,West,Premium
61.0,64480.58,5.0,mobile,South,Regular
57.0,29956.05,4.0,mobile,East,Budget
66.0,45225.72,3.0,desktop,South,Regular
54.0,80957.67,6.0,desktop,West,Budget
23.0,26519.71,6.0,tablet,West,Budget
46.0,50830.99,12.0,mobile,West,Regular
40.0,48560.53,10.0,mobile,South,Regular
59.0,97472.49,7.0,desktop,South,Premium
26.0,,9.0,mobile,West,Regular
42.0,80508.73,9.0,desktop,South,Premium
60.0,40937.94,2.0,mobile,West,Budget
50.0,38433.99,2.0,mobile,West,Budget
19.0,74353.81,4.0,desktop,East,Premium
60.0,66769.01,4.0,desktop,West,Regular
37.0,20054.36,6.0,mobile,West,Budget
53.0,67105.63,8.0,desktop,North,Premium
51.0,67165.52,6.0,desktop,South,Regular
51.0,42192.58,6.0,desktop,South,Regular
39.0,58761.46,6.0,mobile,South,Regular
39.0,59731.85,5.0,mobile,West,Premium
23.0,44722.29,5.0,desktop,West,Regular
47.0,42758.37,10.0,desktop,East,Regular
33.0,41042.93,6.0,mobile,South,Regular
38.0,48976.38,1.0,mobile,East,Budget
26.0,27962.23,3.0,mobile,East,Budget
56.0,53519.6,3.0,desktop,East,Regular
65.0,24668.31,12.0,desktop,West,Regular
37.0,55845.53,6.0,mobile,West,Budget
40.0,52674.31,8.0,mobile,South,Regular
42.0,33781.81,5.0,desktop,West,Regular
21.0,71282.77,3.0,mobile,West,Regular
57.0,92809.99,6.0,desktop,South,Premium
63.0,80662.5,8.0,mobile,North,Regular
44.0,27212.11,9.0,mobile,North,Regular
21.0,79630.91,3.0,mobile,East,Regular
35.0,58681.24,2.0,mobile,South,Regular
26.0,53289.83,7.0,mobile,South,Regular
60.0,42511.16,6.0,desktop,North,Regular
59.0,54198.63,3.0,mobile,South,Budget
37.0,81903.82,4.0,mobile,South,Budget
37.0,65137.04,4.0,mobile,North,Regular
61.0,46107.77,7.0,desktop,South,Regular
22.0,,7.0,desktop,North,Regular
58.0,46063.69,6.0,mobile,West,Regular
68.0,65967.58,7.0,desktop,North,Regular
41.0,91373.69,8.0,mobile,East,Premium
57.0,33327.87,5.0,desktop,West,Regular
55.0,,7.0,mobile,South,Regular
64.0,46676.2,3.0,mobile,East,Budget
19.0,39375.51,5.0,mobile,West,Regular
54.0,62216.3,4.0,mobile,South,Premium
38.0,65256.14,3.0,desktop,South,Regular
62.0,26192.89,6.0,mobile,East,Budget
62.0,33768.1,2.0,mobile,North,Budget
32.0,78015.45,10.0,mobile,West,Premium
48.0,60609.85,8.0,mobile,East,Regular
43.0,64663.98,12.0,desktop,North,Premium
47.0,44371.97,8.0,tablet,South,Regular
61.0,46772.64,5.0,desktop,West,Regular
52.0,63412.23,6.0,mobile,South,Budget
57.0,44457.81,11.0,mobile,North,Regular
53.0,32311.61,3.0,desktop,North,Budget
31.0,54319.64,3.0,tablet,South,Regular
48.0,72258.56,10.0,mobile,East,Premium
37.0,33886.75,2.0,desktop,East,Budget
39.0,75267.33,6.0,mobile,East,Regular
23.0,68224.47,5.0,desktop,East,Premium
27.0,37211.4,11.0,desktop,North,Regular
35.0,54461.1,10.0,desktop,South,Premium
33.0,53486.89,6.0,desktop,South,Regular
51.0,66871.66,9.0,desktop,North,Premium
33.0,67520.14,6.0,mobile,South,Regular
30.0,28508.37,5.0,desktop,West,Regular
40.0,27611.94,9.0,mobile,North,Regular
47.0,74708.48,6.0,mobile,South,Regular
69.0,56558.07,4.0,mobile,West,Regular
44.0,62581.67,6.0,mobile,North,Regular
36.0,60931.54,6.0,mobile,North,Regular
34.0,84652.53,10.0,mobile,North,Premium
41.0,30417.46,7.0,mobile,West,Regular
66.0,75893.82,5.0,mobile,West,Regular
37.0,38107.95,8.0,tablet,South,Regular
30.0,68726.3,4.0,mobile,West,Budget
48.0,80865.94,6.0,mobile,South,Regular
58.0,26944.02,6.0,mobile,North,Budget
67.0,62294.8,4.0,desktop,North,Regular
32.0,,11.0,mobile,West,Regular
64.0,48568.89,3.0,mobile,South,Budget
62.0,55162.7,6.0,mobile,South,Regular
37.0,33506.1,6.0,desktop,North,Regular
35.0,35251.22,6.0,mobile,North,Regular
31.0,67330.22,8.0,mobile,North,Regular
34.0,71040.23,8.0,desktop,East,Premium
63.0,43087.09,3.0,desktop,North,Regular
34.0,25529.06,5.0,mobile,East,Budget
43.0,100129.88,4.0,desktop,East,Premium
66.0,76061.15,7.0,mobile,North,Regular
53.0,61430.79,7.0,desktop,South,Regular
24.0,33951.23,7.0,mobile,North,Regular
21.0,42801.87,11.0,mobile,East,Regular
29.0,59114.11,5.0,desktop,South,Regular
63.0,35337.21,9.0,tablet,West,Regular
29.0,85994.93,5.0,desktop,West,Premium
34.0,57020.84,6.0,mobile,East,Regular
46.0,62080.4,3.0,desktop,West,Regular
43.0,33987.89,3.0,desktop,North,Regular
21.0,36392.17,4.0,desktop,East,Regular
28.0,,5.0,desktop,North,Regular
69.0,59774.85,6.0,mobile,East,Regular
39.0,49077.49,8.0,mobile,North,Regular
32.0,48614.67,1.0,mobile,North,Budget
61.0,60540.1,5.0,mobile,North,Budget
42.0,58763.65,3.0,mobile,South,Regular
61.0,83589.08,8.0,tablet,South,Premium
26.0,50435.58,5.0,mobile,West,Regular
42.0,34340.62,4.0,mobile,North,Budget
60.0,54088.12,6.0,mobile,South,Regular
57.0,83175.18,7.0,mobile,North,Regular
53.0,43406.22,6.0,desktop,West,Regular
41.0,55282.51,4.0,desktop,East,Regular
60.0,47273.31,3.0,desktop,South,Regular
37.0,62300.44,5.0,mobile,South,Regular
52.0,59384.06,3.0,mobile,North,Regular
46.0,38352.89,11.0,mobile,West,Regular
33.0,49830.87,2.0,mobile,North,Budget
28.0,72865.09,6.0,desktop,North,Premium
45.0,75890.85,8.0,desktop,South,Premium
34.0,72492.92,10.0,desktop,West,Premium
44.0,71311.01,10.0,mobile,West,Premium
54.0,47776.25,8.0,mobile,West,Regular
59.0,47170.08,6.0,tablet,South,Premium
58.0,72618.55,7.0,desktop,East,Premium
44.0,31268.16,5.0,mobile,East,Budget
20.0,53196.12,8.0,tablet,East,Regular
27.0,17810.07,5.0,mobile,East,Regular
56.0,46873.68,6.0,tablet,East,Regular
48.0,40449.95,5.0,mobile,South,Budget
60.0,30640.12,6.0,mobile,North,Budget
43.0,65731.38,6.0,mobile,East,Regular
41.0,39877.68,9.0,mobile,West,Regular
30.0,47117.13,6.0,mobile,West,Regular
21.0,49274.98,7.0,desktop,East,Regular
25.0,39869.53,4.0,mobile,West,Regular
53.0,82297.14,7.0,mobile,West,Regular
48.0,44634.24,6.0,desktop,West,Regular
30.0,58213.33,5.0,mobile,West,Regular
36.0,28675.62,4.0,mobile,South,Budget
51.0,45045.41,5.0,mobile,North,Regular
37.0,47989.17,11.0,mobile,East,Regular
37.0,48315.99,12.0,desktop,East,Premium
32.0,42867.61,9.0,mobile,East,Regular
51.0,57164.76,6.0,desktop,North,Regular
64.0,84973.61,7.0,tablet,South,Regular
31.0,51745.89,4.0,mobile,North,Regular
33.0,51617.13,9.0,desktop,South,Premium
42.0,46684.94,7.0,desktop,North,Regular
27.0,104173.18,5.0,desktop,South,Premium
45.0,86046.7,6.0,desktop,North,Premium
64.0,65297.29,9.0,mobile,West,Regular
50.0,68192.42,7.0,desktop,West,Premium
26.0,40414.13,9.0,mobile,South,Regular
28.0,51359.13,6.0,mobile,North,Regular
21.0,58496.87,7.0,desktop,South,Premium
68.0,56710.07,11.0,mobile,South,Regular
35.0,37549.4,5.0,mobile,West,Regular
33.0,39058.49,7.0,tablet,South,Regular
62.0,64488.18,8.0,mobile,North,Regular
33.0,60502.2,4.0,mobile,North,Regular
30.0,13003.46,4.0,desktop,North,Budget
31.0,56183.19,4.0,tablet,West,Regular
38.0,79325.15,6.0,mobile,East,Regular
21.0,41712.03,11.0,tablet,East,Regular
51.0,59088.86,8.0,mobile,West,Regular
39.0,25834.48,8.0,desktop,North,Regular
68.0,70713.91,8.0,mobile,South,Regular
58.0,32506.7,9.0,mobile,South,Regular
37.0,29823.2,3.0,desktop,South,Budget
54.0,48162.46,6.0,desktop,North,Regular
59.0,100878.73,6.0,desktop,South,Premium
28.0,42399.1,10.0,tablet,North,Regular
26.0,29622.47,7.0,mobile,North,Regular
25.0,,7.0,mobile,North,Regular
20.0,58880.64,4.0,desktop,East,Regular
34.0,86907.49,11.0,mobile,South,Premium
59.0,29507.09,6.0,desktop,North,Regular
57.0,23124.77,6.0,mobile,North,Budget
37.0,48203.83,8.0,desktop,West,Regular
43.0,61813.99,5.0,mobile,West,Regular
57.0,61395.25,13.0,tablet,East,Premium
66.0,75665.57,8.0,mobile,North,Regular
32.0,25095.47,7.0,mobile,South,Budget
52.0,38213.23,6.0,mobile,South,Regular
48.0,51811.58,7.0,mobile,West,Regular
50.0,70858.63,8.0,desktop,South,Premium
59.0,63728.26,2.0,tablet,North,Regular
57.0,46127.92,9.0,tablet,East,Regular
38.0,34374.99,3.0,mobile,West,Budget
57.0,71701.29,9.0,desktop,South,Premium
20.0,73018.36,8.0,mobile,South,Premium
35.0,107603.67,3.0,desktop,East,Premium
29.0,50913.08,8.0,mobile,North,Regular
31.0,86239.17,8.0,desktop,North,Premium
64.0,30684.39,5.0,desktop,South,Regular
40.0,43744.07,7.0,desktop,North,Regular
21.0,41128.24,7.0,mobile,East,Regular
43.0,45314.34,8.0,desktop,South,Regular
21.0,37229.98,6.0,mobile,South,Regular
25.0,43751.17,2.0,desktop,North,Regular
37.0,53336.12,8.0,mobile,South,Regular
40.0,45583.78,5.0,mobile,East,Regular
30.0,67343.98,2.0,mobile,East,Regular
51.0,52766.19,4.0,desktop,West,Regular
43.0,54375.97,7.0,mobile,East,Regular
25.0,83289.45,8.0,mobile,East,Premium
60.0,60582.69,4.0,mobile,North,Regular
25.0,57440.12,6.0,mobile,West,Regular
36.0,54032.79,7.0,mobile,West,Regular
27.0,55635.9,4.0,desktop,North,Regular
67.0,65646.28,3.0,mobile,South,Regular
32.0,38693.95,10.0,mobile,East,Regular
63.0,76848.14,4.0,desktop,North,Regular
68.0,85207.15,4.0,tablet,East,Regular
29.0,77018.22,6.0,mobile,West,Regular
19.0,44777.36,9.0,desktop,East,Premium
18.0,23201.74,6.0,mobile,South,Budget
27.0,45851.66,7.0,mobile,West,Regular
38.0,57426.04,4.0,mobile,West,Regular
26.0,70639.17,6.0,desktop,North,Premium
67.0,50839.63,7.0,mobile,North,Regular
42.0,48469.31,3.0,desktop,West,Regular
62.0,84215.02,11.0,mobile,East,Premium
18.0,41290.39,10.0,mobile,North,Regular
24.0,75294.93,2.0,tablet,West,Regular
41.0,72148.1,9.0,desktop,North,Premium
26.0,28360.04,4.0,mobile,South,Budget
26.0,59869.36,7.0,mobile,South,Regular
19.0,43499.47,4.0,mobile,South,Budget
32.0,35833.55,6.0,mobile,West,Regular
57.0,18164.19,3.0,mobile,North,Budget
59.0,23717.69,7.0,desktop,West,Regular
44.0,62538.68,8.0,mobile,North,Regular
27.0,46808.14,3.0,mobile,South,Regular
41.0,59768.13,4.0,tablet,South,Regular
50.0,33591.68,12.0,desktop,West,Regular
25.0,48136.15,6.0,mobile,East,Regular
39.0,49095.52,4.0,desktop,South,Regular
60.0,24149.58,7.0,mobile,South,Budget
39.0,21846.74,7.0,mobile,North,Budget
42.0,63044.32,2.0,mobile,West,Regular
60.0,57305.5,5.0,mobile,South,Regular
52.0,36138.05,6.0,desktop,East,Regular
26.0,52431.17,4.0,mobile,North,Regular
49.0,67398.55,3.0,mobile,North,Regular
66.0,90297.17,3.0,tablet,South,Regular
29.0,37024.71,6.0,desktop,East,Regular
64.0,66501.54,10.0,desktop,East,Premium
48.0,95922.09,9.0,mobile,North,Premium
52.0,55713.16,9.0,mobile,East,Regular
35.0,83167.01,9.0,mobile,West,Premium
20.0,,7.0,mobile,West,Premium
19.0,82808.86,9.0,mobile,East,Premium
52.0,54215.14,4.0,mobile,East,Regular
69.0,17642.12,3.0,desktop,West,Budget
49.0,69695.34,6.0,mobile,East,Regular
36.0,74984.53,4.0,mobile,East,Regular
58.0,78102.83,4.0,mobile,North,Premium
67.0,77925.87,3.0,desktop,East,Regular
29.0,53831.58,4.0,mobile,North,Regular
23.0,39754.44,10.0,desktop,South,Regular
67.0,45379.09,9.0,desktop,East,Regular
20.0,53734.68,9.0,desktop,South,Premium
64.0,62374.48,7.0,mobile,West,Regular
25.0,44981.5,4.0,desktop,South,Regular
23.0,55369.49,7.0,mobile,South,Regular
32.0,71608.72,6.0,desktop,West,Premium
34.0,60794.29,8.0,desktop,North,Premium
35.0,99400.85,6.0,mobile,North,Premium
19.0,96724.94,8.0,mobile,South,Premium
62.0,31901.34,1.0,mobile,East,Budget
61.0,43282.09,2.0,desktop,South,Budget
53.0,28735.68,9.0,desktop,West,Regular
65.0,31570.85,3.0,desktop,North,Budget
66.0,65128.44,10.0,mobile,North,Regular
69.0,34944.99,2.0,mobile,North,Budget
37.0,33869.36,8.0,mobile,West,Regular
49.0,49118.36,10.0,mobile,South,Regular
57.0,70129.55,5.0,desktop,North,Regular
52.0,47443.04,7.0,desktop,West,Regular
59.0,47403.14,14.0,mobile,West,Regular
53.0,72445.42,6.0,mobile,West,Regular
38.0,63679.88,6.0,mobile,East,Regular
47.0,63372.13,10.0,desktop,East,Premium
28.0,73030.22,7.0,mobile,East,Regular
67.0,34539.91,3.0,mobile,West,Budget
64.0,58645.92,4.0,mobile,East,Regular
49.0,41965.84,9.0,mobile,South,Regular
57.0,74581.02,5.0,tablet,North,Regular
35.0,70440.65,8.0,mobile,West,Regular
37.0,33899.26,5.0,desktop,West,Regular
44.0,80699.23,8.0,tablet,East,Premium
31.0,31457.94,8.0,desktop,South,Regular
18.0,77406.15,7.0,mobile,East,Regular
38.0,58445.01,5.0,mobile,West,Regular
55.0,37284.41,5.0,desktop,West,Regular
31.0,32429.15,2.0,desktop,East,Budget
54.0,48429.99,9.0,mobile,West,Regular
49.0,53940.73,9.0,mobile,West,Budget
39.0,40444.25,6.0,mobile,East,Regular
55.0,65483.36,5.0,mobile,South,Regular
62.0,26871.09,6.0,desktop,East,Regular
67.0,54268.71,4.0,mobile,East,Regular
57.0,54426.31,7.0,mobile,South,Regular
22.0,17599.03,6.0,mobile,North,Budget
35.0,60497.52,9.0,desktop,South,Regular
45.0,29556.85,6.0,mobile,East,Budget
22.0,12000.0,11.0,desktop,North,Regular
39.0,42329.16,3.0,desktop,North,Regular
24.0,49905.76,5.0,desktop,East,Regular
46.0,72203.38,6.0,mobile,East,Regular
27.0,44833.55,8.0,desktop,North,Regular
32.0,83407.51,10.0,mobile,East,Premium
33.0,82725.55,5.0,mobile,West,Regular
68.0,75921.93,9.0,mobile,East,Regular
41.0,80462.88,7.0,mobile,East,Premium
46.0,61302.21,3.0,desktop,East,Regular
66.0,43432.8,7.0,desktop,East,Regular
18.0,67169.22,7.0,tablet,East,Budget
32.0,73464.82,6.0,mobile,East,Regular
40.0,59105.73,8.0,desktop,North,Premium
64.0,49571.88,7.0,mobile,West,Regular
55.0,23503.38,6.0,mobile,South,Budget
53.0,67720.66,7.0,tablet,South,Regular
37.0,61330.78,14.0,tablet,North,Premium
62.0,28743.11,5.0,desktop,North,Budget
27.0,56359.46,2.0,mobile,South,Regular
38.0,68640.27,8.0,mobile,West,Regular
36.0,52244.86,6.0,mobile,West,Regular
18.0,69846.55,2.0,mobile,West,Regular
22.0,69272.55,3.0,desktop,North,Regular
58.0,25277.65,6.0,desktop,East,Regular
67.0,48455.66,6.0,desktop,South,Regular
30.0,63953.46,3.0,mobile,East,Regular
22.0,72474.48,3.0,mobile,North,Regular
25.0,82210.91,8.0,desktop,South,Premium
21.0,16557.43,7.0,desktop,North,Regular
59.0,53087.69,7.0,mobile,West,Regular
20.0,68516.61,5.0,desktop,West,Premium
53.0,78550.35,5.0,mobile,North,Regular
59.0,87695.09,8.0,mobile,North,Premium
29.0,35946.05,6.0,desktop,South,Regular
29.0,47038.6,3.0,mobile,South,Regular
31.0,33592.71,5.0,mobile,North,Budget
57.0,70542.85,4.0,mobile,North,Regular
66.0,28256.63,4.0,mobile,West,Budget
57.0,77766.2,3.0,mobile,East,Regular
31.0,72883.23,4.0,mobile,South,Regular
55.0,64016.07,6.0,mobile,North,Regular
54.0,12000.0,1.0,mobile,West,Budget
40.0,41012.81,9.0,mobile,West,Regular
24.0,69184.52,9.0,mobile,West,Premium
34.0,26404.83,6.0,tablet,West,Budget
60.0,49655.2,11.0,mobile,West,Premium
44.0,52328.36,4.0,tablet,West,Regular
24.0,71967.96,6.0,mobile,East,Regular
65.0,59971.1,5.0,desktop,West,Regular
44.0,59810.43,6.0,mobile,South,Regular
36.0,45689.68,3.0,mobile,East,Budget
19.0,54492.1,6.0,desktop,West,Regular
47.0,51732.53,3.0,mobile,South,Regular
46.0,68768.38,3.0,desktop,West,Regular
25.0,50839.41,11.0,tablet,East,Regular
62.0,74801.68,8.0,desktop,East,Premium
44.0,20832.03,7.0,mobile,East,Budget
22.0,78096.9,7.0,desktop,North,Premium
28.0,51015.93,5.0,desktop,South,Regular
32.0,76668.72,6.0,mobile,South,Regular
56.0,56027.52,7.0,mobile,East,Regular
57.0,71261.26,8.0,tablet,South,Regular
60.0,83892.33,7.0,desktop,South,Premium
49.0,43422.21,9.0,mobile,North,Regular
65.0,55950.63,6.0,desktop,East,Regular
34.0,51009.53,5.0,mobile,South,Regular
48.0,58482.86,11.0,mobile,West,Regular
50.0,22364.78,9.0,desktop,East,Regular
37.0,50981.11,7.0,mobile,West,Regular
41.0,49438.19,6.0,desktop,West,Regular
54.0,38825.07,5.0,mobile,North,Budget
62.0,50515.1,3.0,mobile,West,Budget
65.0,23877.48,4.0,mobile,West,Budget
33.0,81985.23,2.0,tablet,South,Regular
55.0,63189.1,7.0,mobile,North,Regular
57.0,91583.72,5.0,desktop,North,Premium
66.0,37082.57,8.0,desktop,South,Regular
51.0,31290.21,3.0,desktop,North,Budget
28.0,59924.42,12.0,mobile,West,Premium
56.0,,4.0,mobile,West,Budget
26.0,58808.38,10.0,tablet,South,Premium
37.0,40447.58,5.0,desktop,West,Regular
43.0,47728.57,7.0,tablet,East,Regular
55.0,59351.89,3.0,mobile,South,Regular
26.0,55234.59,3.0,desktop,North,Regular
54.0,91118.0,7.0,mobile,West,Premium
25.0,66811.43,6.0,desktop,West,Premium
38.0,28794.03,8.0,desktop,West,Regular
24.0,73685.13,4.0,desktop,North,Premium
19.0,27850.58,9.0,mobile,East,Regular
34.0,56020.09,7.0,mobile,West,Regular
68.0,29662.41,5.0,mobile,North,Budget
47.0,37943.74,4.0,desktop,North,Regular
55.0,80265.1,8.0,desktop,North,Premium
29.0,43290.28,7.0,desktop,South,Regular
28.0,41564.21,2.0,desktop,East,Regular
65.0,43181.41,7.0,mobile,West,Regular
56.0,48110.15,7.0,desktop,West,Regular
43.0,82765.51,6.0,mobile,South,Regular
32.0,30975.81,6.0,mobile,North,Regular
62.0,29834.24,5.0,mobile,West,Budget
42.0,65715.1,3.0,tablet,North,Regular
20.0,22737.77,7.0,mobile,East,Regular
62.0,47021.79,5.0,mobile,North,Regular
39.0,76602.17,8.0,mobile,West,Premium
41.0,54261.31,1.0,tablet,South,Budget
37.0,44747.19,0.0,tablet,West,Budget
32.0,40189.15,8.0,mobile,South,Regular
49.0,36100.11,3.0,mobile,West,Budget
33.0,42527.64,13.0,desktop,West,Premium
44.0,56882.72,3.0,mobile,East,Regular
22.0,78757.15,6.0,mobile,North,Premium
61.0,73258.84,5.0,mobile,West,Regular
29.0,42986.6,10.0,mobile,East,Regular
49.0,39696.67,5.0,desktop,West,Regular
32.0,67875.49,9.0,mobile,West,Premium
27.0,18254.62,9.0,mobile,North,Regular
26.0,45440.73,5.0,mobile,South,Regular
54.0,47679.97,6.0,mobile,West,Regular
21.0,32140.98,6.0,desktop,West,Regular
59.0,34410.83,7.0,mobile,West,Budget
42.0,60927.92,6.0,mobile,North,Regular
41.0,21358.06,6.0,mobile,North,Budget
29.0,35957.93,5.0,mobile,North,Regular
36.0,41196.56,6.0,mobile,West,Regular
56.0,,8.0,desktop,West,Regular
64.0,26878.54,11.0,desktop,West,Regular
65.0,75406.25,7.0,mobile,South,Regular
50.0,47843.01,4.0,desktop,North,Regular
32.0,48773.19,4.0,mobile,East,Regular
22.0,46736.4,4.0,desktop,North,Regular
47.0,40580.01,6.0,mobile,West,Regular
46.0,34494.96,8.0,mobile,South,Regular
44.0,76506.45,7.0,desktop,North,Premium
45.0,57835.6,11.0,tablet,North,Regular
21.0,51640.66,2.0,mobile,East,Regular
38.0,73438.57,4.0,tablet,West,Regular
24.0,39735.28,2.0,mobile,South,Premium
62.0,66186.05,4.0,mobile,East,Regular
64.0,54183.99,4.0,desktop,South,Regular
60.0,36177.57,4.0,desktop,East,Regular
42.0,68704.12,8.0,mobile,East,Regular
59.0,24210.38,7.0,mobile,North,Budget
59.0,66527.42,10.0,desktop,East,Budget
36.0,36226.72,6.0,tablet,North,Regular
21.0,61720.11,9.0,mobile,West,Regular
61.0,80868.03,7.0,desktop,East,Premium
48.0,64822.74,14.0,tablet,South,Premium
41.0,41739.81,6.0,desktop,East,Regular
62.0,53029.68,7.0,mobile,North,Regular
67.0,46334.73,6.0,desktop,North,Regular
63.0,30450.58,5.0,mobile,South,Budget
18.0,31740.2,11.0,mobile,East,Regular
18.0,54391.32,7.0,mobile,North,Regular
43.0,64101.08,6.0,mobile,East,Regular
45.0,18742.55,6.0,desktop,East,Regular
30.0,52059.38,5.0,mobile,East,Regular
37.0,63441.78,6.0,mobile,West,Regular
47.0,55602.74,5.0,mobile,South,Regular
57.0,33684.0,7.0,desktop,South,Regular
57.0,73789.79,6.0,mobile,East,Regular
21.0,29457.87,4.0,mobile,East,Budget
37.0,66133.04,9.0,desktop,East,Premium
31.0,84874.12,7.0,desktop,West,Premium
33.0,13190.97,4.0,mobile,East,Budget
60.0,58397.82,4.0,desktop,North,Budget
40.0,59488.69,3.0,mobile,West,Regular
42.0,57757.67,9.0,mobile,North,Regular
68.0,38196.75,9.0,mobile,South,Regular
41.0,47146.64,7.0,desktop,East,Regular
57.0,25796.11,5.0,mobile,North,Budget
68.0,55854.37,5.0,mobile,East,Regular
68.0,63805.75,9.0,desktop,West,Premium
34.0,40152.82,2.0,mobile,West,Budget
38.0,35029.23,7.0,mobile,East,Regular
20.0,43918.21,9.0,mobile,West,Regular
56.0,53035.62,4.0,desktop,West,Regular
38.0,,10.0,desktop,North,Premium
18.0,51137.6,7.0,desktop,East,Regular
25.0,54518.17,1.0,tablet,West,Budget
27.0,27418.17,4.0,desktop,South,Regular
22.0,12000.0,5.0,desktop,North,Budget
21.0,65260.78,3.0,desktop,South,Regular
47.0,81058.83,7.0,mobile,South,Regular
30.0,,10.0,desktop,East,Regular
67.0,40051.91,5.0,desktop,East,Budget
47.0,59009.27,5.0,desktop,West,Regular
48.0,71824.3,11.0,desktop,East,Premium
45.0,65830.82,8.0,desktop,East,Premium
51.0,78181.36,5.0,tablet,West,Regular
58.0,52033.33,5.0,mobile,North,Regular
34.0,61213.71,4.0,mobile,West,Regular
49.0,61157.91,7.0,mobile,West,Regular
47.0,44606.84,6.0,desktop,North,Regular
53.0,76653.13,4.0,desktop,East,Regular
57.0,65300.72,7.0,mobile,West,Regular
57.0,72258.84,5.0,mobile,West,Regular
48.0,45416.86,8.0,mobile,East,Regular
21.0,73268.32,5.0,mobile,North,Regular
59.0,32396.68,4.0,desktop,West,Budget
68.0,60769.49,5.0,desktop,South,Regular
46.0,12000.0,6.0,desktop,North,Budget
40.0,33261.02,8.0,mobile,West,Regular
28.0,67476.56,4.0,mobile,North,Regular
41.0,44207.1,4.0,mobile,West,Regular
48.0,56431.9,4.0,mobile,East,Regular
58.0,21252.17,4.0,mobile,North,Budget
43.0,83343.35,8.0,mobile,North,Premium
27.0,64698.97,3.0,desktop,South,Regular
26.0,52510.97,5.0,mobile,East,Regular
45.0,61158.82,7.0,mobile,West,Regular
50.0,59436.62,9.0,desktop,North,Premium
63.0,80728.45,5.0,mobile,West,Regular
60.0,57209.28,6.0,mobile,South,Regular
48.0,24197.57,7.0,desktop,North,Regular
25.0,48004.04,7.0,mobile,West,Regular
60.0,78136.21,7.0,mobile,West,Regular
46.0,64152.37,4.0,tablet,East,Regular
61.0,44772.93,5.0,mobile,South,Budget
56.0,64948.03,7.0,desktop,East,Regular
34.0,55286.06,8.0,mobile,West,Regular
38.0,,12.0,tablet,West,Premium
39.0,21960.57,4.0,mobile,West,Budget
32.0,35437.88,5.0,tablet,South,Budget
58.0,66042.01,5.0,mobile,South,Regular
37.0,48646.58,8.0,mobile,South,Regular
54.0,59885.39,4.0,mobile,West,Regular
46.0,91324.45,6.0,mobile,North,Premium
39.0,46909.23,13.0,mobile,East,Regular
53.0,,4.0,desktop,East,Regular
27.0,42109.04,6.0,desktop,East,Regular
47.0,40783.82,6.0,mobile,North,Regular
25.0,51544.25,4.0,desktop,South,Regular
23.0,24596.28,4.0,mobile,West,Budget
61.0,12000.0,7.0,mobile,West,Budget
60.0,79701.94,3.0,desktop,East,Regular
53.0,50981.83,7.0,desktop,South,Regular
66.0,74976.6,8.0,tablet,West,Regular
49.0,55397.19,2.0,desktop,South,Regular
23.0,55920.53,4.0,mobile,East,Regular
37.0,66116.31,4.0,mobile,South,Regular
30.0,67047.12,2.0,desktop,East,Regular
55.0,29488.63,5.0,mobile,South,Budget
27.0,76621.69,1.0,mobile,West,Regular
49.0,34039.08,5.0,desktop,East,Regular
62.0,56986.06,4.0,mobile,South,Regular
27.0,102962.59,5.0,mobile,West,Premium
65.0,54583.26,5.0,mobile,West,Regular
54.0,85594.59,5.0,mobile,West,Regular
20.0,46227.04,4.0,desktop,South,Regular
45.0,65018.88,2.0,desktop,West,Regular
35.0,54021.26,6.0,desktop,South,Regular
54.0,61183.78,8.0,mobile,West,Regular
28.0,36317.16,5.0,tablet,West,Regular
43.0,35084.5,8.0,desktop,East,Regular
42.0,59580.36,7.0,desktop,East,Regular
43.0,22492.13,4.0,mobile,North,Budget
65.0,,11.0,mobile,North,Regular
67.0,65564.5,7.0,mobile,South,Regular
21.0,41008.54,4.0,tablet,West,Regular
58.0,35671.97,5.0,mobile,North,Budget
26.0,31387.94,10.0,mobile,North,Regular
26.0,55904.31,4.0,desktop,North,Regular
43.0,45922.68,11.0,tablet,North,Regular
68.0,55958.27,5.0,mobile,East,Regular
45.0,49359.48,2.0,desktop,East,Regular
48.0,89179.37,5.0,mobile,North,Regular
56.0,44510.96,6.0,tablet,East,Regular
42.0,14806.76,11.0,desktop,South,Regular
40.0,55306.64,6.0,desktop,West,Regular
54.0,53081.6,6.0,mobile,South,Regular
25.0,56087.99,8.0,mobile,North,Premium
63.0,21703.45,11.0,mobile,West,Regular
36.0,75131.25,2.0,tablet,North,Regular
48.0,52426.77,8.0,mobile,East,Regular
69.0,52202.59,7.0,desktop,South,Premium
57.0,22162.05,6.0,mobile,West,Budget
57.0,62271.96,8.0,desktop,South,Regular
60.0,51763.63,8.0,mobile,West,Regular
24.0,79386.44,3.0,tablet,South,Regular
40.0,44936.92,7.0,mobile,East,Premium
60.0,28953.94,7.0,mobile,East,Budget
31.0,55545.84,5.0,desktop,East,Regular
34.0,35239.43,5.0,mobile,East,Budget
63.0,61135.82,2.0,mobile,West,Regular
58.0,31943.53,7.0,desktop,West,Regular
31.0,50527.39,3.0,mobile,West,Budget
18.0,48626.11,4.0,desktop,East,Regular
43.0,52376.08,6.0,desktop,North,Regular
63.0,43027.68,7.0,desktop,North,Budget
46.0,37254.09,3.0,mobile,North,Budget
26.0,51884.62,7.0,mobile,South,Regular
43.0,41760.2,4.0,tablet,East,Budget
41.0,56012.38,6.0,desktop,East,Regular
49.0,47749.68,6.0,desktop,North,Regular
52.0,12000.0,4.0,mobile,North,Budget
30.0,51837.92,10.0,mobile,South,Regular
44.0,80044.4,4.0,desktop,North,Premium
43.0,58935.28,10.0,mobile,East,Regular
26.0,64677.81,10.0,mobile,North,Premium
43.0,61891.87,6.0,desktop,North,Regular
25.0,43930.23,3.0,desktop,West,Regular
28.0,27149.51,13.0,mobile,North,Regular
32.0,68754.77,2.0,mobile,North,Regular
68.0,73504.4,9.0,mobile,West,Regular
20.0,64032.93,6.0,desktop,East,Premium
62.0,61273.2,7.0,desktop,South,Regular
29.0,60698.59,6.0,mobile,East,Regular
67.0,52504.41,4.0,desktop,North,Regular
24.0,58355.9,9.0,desktop,South,Premium
49.0,53278.35,5.0,mobile,North,Regular
42.0,59362.77,6.0,desktop,West,Regular
29.0,34752.42,8.0,mobile,North,Regular
36.0,40865.43,1.0,mobile,East,Budget
39.0,64050.27,7.0,mobile,South,Regular
48.0,46499.45,7.0,tablet,South,Regular
56.0,12000.0,6.0,desktop,West,Budget
32.0,55468.0,8.0,mobile,East,Regular
37.0,12000.0,6.0,mobile,South,Budget
19.0,89979.28,2.0,mobile,North,Regular
31.0,66957.01,9.0,mobile,East,Premium
35.0,66043.7,7.0,desktop,East,Premium
59.0,40265.08,5.0,tablet,South,Budget
57.0,31331.97,7.0,mobile,North,Budget
58.0,48996.49,9.0,desktop,West,Regular
31.0,53476.2,8.0,mobile,South,Regular
29.0,38252.69,8.0,mobile,East,Regular
39.0,56153.45,8.0,mobile,South,Regular
40.0,66340.58,3.0,mobile,East,Regular
57.0,64660.09,5.0,tablet,West,Regular
63.0,33125.22,6.0,desktop,South,Regular
39.0,12000.0,10.0,mobile,West,Budget
29.0,53198.03,12.0,desktop,East,Premium
64.0,40468.12,4.0,mobile,North,Budget
45.0,61733.38,6.0,mobile,South,Regular
65.0,84699.93,4.0,desktop,West,Regular
38.0,84682.25,5.0,desktop,East,Premium
34.0,58675.46,11.0,mobile,South,Premium
21.0,74470.53,8.0,mobile,West,Premium
56.0,84745.52,2.0,mobile,South,Regular
43.0,54084.58,7.0,mobile,South,Regular
31.0,58431.14,5.0,mobile,West,Regular
41.0,69566.88,10.0,desktop,West,Premium
25.0,52542.97,7.0,mobile,East,Regular
68.0,43667.82,4.0,mobile,South,Budget
40.0,38871.36,7.0,mobile,South,Regular
33.0,53385.97,4.0,mobile,South,Regular
49.0,41368.84,5.0,mobile,West,Regular
59.0,68563.27,7.0,desktop,South,Premium
66.0,46911.76,7.0,mobile,South,Regular
53.0,81329.73,12.0,mobile,West,Premium
25.0,76496.62,7.0,desktop,East,Premium
39.0,29612.1,11.0,desktop,East,Regular
55.0,74016.61,11.0,tablet,North,Premium
60.0,45647.79,6.0,desktop,West,Regular
42.0,79578.83,6.0,mobile,South,Regular
62.0,63191.76,6.0,mobile,North,Regular
24.0,52521.61,5.0,tablet,South,Regular
35.0,,7.0,desktop,West,Premium
68.0,42773.73,5.0,mobile,South,Budget
28.0,59719.12,3.0,desktop,South,Regular
54.0,60800.43,5.0,desktop,West,Regular
28.0,50650.83,9.0,desktop,South,Premium
24.0,60862.35,5.0,tablet,North,Regular
26.0,34411.75,8.0,desktop,West,Regular
65.0,64139.64,8.0,tablet,East,Regular
68.0,30404.06,7.0,mobile,West,Budget
23.0,65407.51,9.0,tablet,North,Premium
54.0,62542.07,4.0,desktop,West,Regular
22.0,67069.5,2.0,mobile,South,Regular
60.0,42943.72,6.0,desktop,North,Premium
35.0,111443.52,2.0,desktop,West,Premium
20.0,49292.17,9.0,mobile,East,Regular
66.0,56522.85,4.0,mobile,West,Regular
65.0,39279.93,7.0,mobile,North,Regular
19.0,80913.96,6.0,tablet,South,Premium
38.0,44724.97,6.0,tablet,North,Regular
65.0,72621.31,3.0,desktop,South,Regular
36.0,35743.22,7.0,mobile,East,Regular
49.0,59648.3,5.0,mobile,North,Regular
63.0,46703.25,5.0,mobile,North,Regular
21.0,71488.25,4.0,desktop,South,Premium
43.0,48261.64,9.0,desktop,West,Regular
47.0,37398.99,11.0,desktop,West,Regular
66.0,62417.94,3.0,mobile,North,Regular
41.0,31167.08,7.0,mobile,South,Budget
61.0,35670.54,6.0,mobile,North,Budget
47.0,68460.88,3.0,desktop,South,Regular
40.0,18341.74,4.0,tablet,East,Budget
56.0,68324.49,8.0,tablet,South,Regular
62.0,46310.45,3.0,mobile,West,Budget
53.0,36558.7,10.0,tablet,North,Regular
50.0,58584.46,4.0,mobile,South,Regular
69.0,65955.79,5.0,mobile,North,Regular
49.0,42897.39,6.0,desktop,North,Regular
26.0,50658.91,5.0,tablet,South,Regular
65.0,69191.85,4.0,desktop,West,Regular
60.0,68308.68,3.0,mobile,West,Premium
37.0,53081.42,4.0,desktop,East,Regular
39.0,39474.18,4.0,desktop,South,Regular
52.0,36160.22,7.0,desktop,North,Regular
58.0,42811.44,5.0,desktop,East,Regular
54.0,66978.95,8.0,tablet,South,Regular
64.0,65062.37,4.0,desktop,East,Regular
21.0,59902.92,8.0,desktop,North,Premium
69.0,80504.4,4.0,mobile,North,Regular
43.0,48508.64,4.0,mobile,East,Regular
31.0,47014.58,6.0,desktop,North,Regular
29.0,46931.44,3.0,mobile,West,Regular
41.0,90370.7,7.0,mobile,West,Premium
33.0,15352.31,7.0,mobile,West,Budget
67.0,59757.91,8.0,desktop,West,Regular
43.0,62713.61,6.0,desktop,West,Regular
67.0,55469.67,3.0,mobile,South,Regular
52.0,98434.61,2.0,desktop,East,Premium
37.0,76459.02,2.0,mobile,West,Regular
38.0,68913.96,10.0,desktop,South,Budget
66.0,37405.21,7.0,mobile,East,Regular
52.0,63786.52,5.0,mobile,South,Premium
39.0,47380.26,2.0,mobile,East,Budget
56.0,55252.72,3.0,mobile,South,Regular
37.0,58221.39,3.0,mobile,East,Regular
29.0,45357.72,6.0,tablet,North,Regular
57.0,66397.62,7.0,mobile,South,Regular
22.0,85226.16,9.0,mobile,North,Premium
42.0,74035.14,10.0,desktop,North,Premium
39.0,58595.28,7.0,mobile,West,Regular
41.0,18107.98,7.0,desktop,South,Regular
29.0,75030.91,4.0,mobile,West,Regular
38.0,74872.64,3.0,desktop,West,Regular
24.0,50940.48,3.0,mobile,North,Regular
40.0,45601.19,3.0,mobile,South,Budget
56.0,67014.66,4.0,desktop,East,Regular
25.0,39383.08,3.0,mobile,South,Budget
25.0,69637.24,9.0,mobile,West,Premium
21.0,34323.78,4.0,mobile,West,Budget
61.0,37334.57,3.0,tablet,West,Budget
57.0,54984.65,9.0,mobile,West,Regular
20.0,27282.33,4.0,mobile,West,Budget
47.0,54740.55,5.0,desktop,North,Regular
42.0,64725.43,9.0,desktop,East,Premium
52.0,29976.26,2.0,mobile,West,Budget
37.0,72153.24,7.0,mobile,North,Regular
59.0,44186.59,8.0,tablet,South,Regular
44.0,65071.06,7.0,desktop,South,Premium
29.0,58779.48,8.0,desktop,West,Premium
44.0,46195.89,4.0,mobile,East,Regular
30.0,44944.2,8.0,mobile,North,Regular
44.0,22715.94,12.0,desktop,East,Regular
32.0,41710.83,8.0,mobile,West,Regular
40.0,40318.84,4.0,desktop,South,Regular
33.0,85670.8,6.0,mobile,East,Premium
45.0,73936.6,3.0,mobile,East,Regular
57.0,29092.79,8.0,mobile,East,Regular
53.0,69868.99,3.0,mobile,South,Regular
37.0,59006.6,11.0,mobile,East,Regular
43.0,47701.61,4.0,desktop,North,Budget
34.0,63519.63,6.0,mobile,North,Regular
34.0,69700.91,4.0,mobile,West,Regular
51.0,44172.46,3.0,mobile,East,Budget
58.0,49709.03,15.0,mobile,East,Premium
27.0,57977.94,8.0,mobile,East,Regular
31.0,36403.35,10.0,mobile,North,Regular
23.0,58341.64,8.0,tablet,North,Regular
69.0,53367.65,8.0,mobile,South,Regular
54.0,42141.48,6.0,desktop,West,Regular
26.0,39120.51,9.0,mobile,East,Regular
57.0,60624.51,1.0,desktop,West,Regular
33.0,71316.35,5.0,desktop,East,Premium
33.0,61106.7,7.0,desktop,North,Premium
43.0,38885.66,6.0,mobile,East,Regular
51.0,68947.27,4.0,desktop,South,Regular
52.0,58107.65,3.0,mobile,West,Regular
19.0,66016.99,7.0,desktop,South,Premium
56.0,76721.29,6.0,desktop,West,Premium
39.0,38017.67,8.0,desktop,South,Regular
65.0,52313.11,3.0,mobile,West,Budget
48.0,43745.16,4.0,desktop,North,Regular
66.0,38568.34,10.0,mobile,West,Regular
31.0,92455.77,10.0,mobile,West,Premium
52.0,72515.04,5.0,mobile,East,Regular
36.0,21879.18,6.0,mobile,North,Budget
62.0,62923.37,8.0,desktop,South,Regular
49.0,44545.36,7.0,desktop,North,Regular
57.0,76430.56,5.0,desktop,South,Regular
48.0,56518.31,4.0,mobile,West,Regular
57.0,51693.32,5.0,desktop,North,Regular
26.0,57624.9,6.0,desktop,East,Regular
29.0,62138.46,4.0,desktop,North,Regular
54.0,55524.35,8.0,mobile,North,Regular
27.0,50856.55,5.0,desktop,South,Regular
22.0,52384.08,7.0,mobile,North,Regular
47.0,64525.91,7.0,desktop,South,Premium
68.0,33865.65,6.0,mobile,South,Budget
34.0,54934.27,8.0,desktop,West,Premium
28.0,52729.02,6.0,desktop,East,Regular
55.0,45888.52,2.0,mobile,South,Budget
31.0,68740.7,8.0,desktop,East,Premium
58.0,30857.96,6.0,desktop,East,Regular
28.0,48147.36,5.0,desktop,East,Regular
27.0,39050.82,3.0,desktop,West,Regular
69.0,65165.96,6.0,mobile,East,Regular
49.0,46234.83,4.0,desktop,North,Regular
32.0,55893.18,7.0,desktop,North,Regular
41.0,62173.03,5.0,desktop,South,Regular
49.0,25139.15,7.0,mobile,North,Budget
20.0,63431.06,4.0,mobile,East,Regular
69.0,41008.3,3.0,mobile,South,Budget
42.0,50228.48,3.0,mobile,East,Budget
67.0,52883.62,4.0,mobile,West,Regular
59.0,70093.71,6.0,mobile,West,Regular
20.0,68777.52,7.0,mobile,West,Regular
59.0,87974.68,6.0,mobile,North,Regular
45.0,58295.11,10.0,desktop,North,Premium
63.0,46087.76,7.0,desktop,South,Regular
49.0,45601.32,6.0,tablet,West,Regular
32.0,67202.32,4.0,mobile,South,Regular
54.0,84931.53,3.0,desktop,East,Regular
32.0,61362.37,5.0,mobile,East,Regular
35.0,44228.06,4.0,mobile,North,Regular
48.0,60122.53,10.0,mobile,North,Regular
35.0,59774.79,5.0,mobile,East,Regular
66.0,55606.94,4.0,mobile,North,Regular
18.0,41122.7,8.0,mobile,West,Regular
37.0,12000.0,3.0,mobile,West,Budget
19.0,44973.04,4.0,desktop,North,Regular
55.0,74663.96,10.0,mobile,North,Premium
46.0,58968.44,7.0,mobile,East,Regular
25.0,13749.12,4.0,desktop,East,Budget
21.0,55092.92,7.0,mobile,West,Regular
56.0,20498.29,8.0,mobile,West,Budget
28.0,92162.74,6.0,mobile,North,Premium
61.0,58557.05,4.0,desktop,South,Regular
35.0,32524.5,7.0,desktop,South,Regular
46.0,69902.07,9.0,mobile,West,Regular
21.0,40387.46,6.0,mobile,North,Regular
44.0,65487.73,10.0,desktop,West,Premium
19.0,55404.29,4.0,desktop,North,Regular
29.0,32962.43,5.0,mobile,North,Budget
66.0,67420.25,9.0,mobile,South,Regular
68.0,29984.84,6.0,mobile,South,Budget
40.0,80036.35,8.0,desktop,South,Premium
65.0,56130.14,4.0,mobile,West,Regular
28.0,35783.29,6.0,desktop,West,Regular
48.0,21139.99,7.0,desktop,West,Regular
54.0,85185.26,2.0,desktop,East,Regular
64.0,82106.61,5.0,mobile,East,Regular
18.0,31521.73,11.0,mobile,East,Regular
48.0,85750.15,4.0,tablet,East,Regular
30.0,58121.57,2.0,mobile,North,Regular
38.0,50867.46,5.0,mobile,East,Regular
67.0,53375.9,7.0,mobile,North,Regular
51.0,49984.74,2.0,desktop,East,Regular
64.0,81728.06,7.0,mobile,East,Regular
27.0,57804.48,10.0,desktop,East,Premium
51.0,20587.24,5.0,desktop,North,Budget
66.0,94094.44,9.0,mobile,South,Premium
22.0,71470.52,7.0,mobile,West,Regular
63.0,34664.24,5.0,mobile,North,Budget
34.0,48343.36,10.0,mobile,West,Regular
39.0,38106.74,10.0,desktop,South,Regular
19.0,55870.42,4.0,mobile,East,Regular
61.0,62363.64,2.0,desktop,East,Regular
29.0,59448.04,7.0,desktop,South,Premium
69.0,43825.04,5.0,desktop,East,Regular
19.0,40053.13,14.0,mobile,East,Premium
23.0,70819.73,5.0,mobile,West,Regular
24.0,53122.09,2.0,tablet,East,Regular
53.0,97035.61,5.0,mobile,East,Premium
50.0,39924.16,3.0,mobile,North,Regular
28.0,69726.6,11.0,mobile,South,Premium
23.0,55913.23,8.0,mobile,North,Regular
31.0,40804.49,2.0,mobile,East,Budget
26.0,80445.23,5.0,mobile,East,Regular
55.0,57307.64,7.0,mobile,South,Regular
64.0,38305.29,8.0,mobile,West,Regular
40.0,49041.3,11.0,desktop,North,Premium
35.0,74004.42,4.0,tablet,East,Regular
45.0,32119.51,4.0,mobile,East,Budget
35.0,80754.63,2.0,desktop,West,Regular
27.0,67798.19,6.0,desktop,West,Premium
22.0,49797.6,7.0,mobile,East,Regular
51.0,80349.39,10.0,mobile,South,Regular
59.0,87680.58,6.0,mobile,North,Regular
45.0,66191.81,4.0,desktop,West,Regular
53.0,58188.65,4.0,tablet,West,Regular
24.0,89527.37,5.0,desktop,North,Premium
46.0,82955.64,3.0,mobile,South,Regular
52.0,37663.6,3.0,tablet,North,Budget
50.0,51131.95,6.0,mobile,North,Regular
19.0,50973.2,7.0,mobile,West,Regular
23.0,47313.45,4.0,desktop,South,Regular
69.0,26978.67,7.0,desktop,East,Regular
31.0,71885.95,4.0,mobile,West,Budget
30.0,56567.65,10.0,mobile,West,Regular
48.0,56849.75,5.0,desktop,South,Regular
56.0,81378.51,5.0,desktop,East,Premium
67.0,44412.93,7.0,mobile,West,Regular
56.0,53933.26,7.0,desktop,South,Regular
60.0,60133.2,2.0,mobile,North,Regular
65.0,46894.15,8.0,desktop,West,Regular
51.0,52918.49,8.0,desktop,East,Regular
49.0,69369.96,4.0,desktop,West,Regular
44.0,54838.05,3.0,tablet,West,Regular
28.0,79967.76,9.0,desktop,South,Premium
18.0,40914.14,8.0,tablet,East,Regular
24.0,58785.72,8.0,mobile,South,Regular
64.0,28220.18,5.0,mobile,South,Budget
33.0,52780.96,4.0,mobile,East,Regular
21.0,41814.23,12.0,mobile,North,Regular
25.0,80576.24,7.0,desktop,East,Budget
24.0,68980.41,4.0,desktop,East,Regular
37.0,64561.87,4.0,mobile,North,Regular
54.0,89666.58,6.0,mobile,West,Premium
59.0,,5.0,mobile,North,Regular
60.0,68502.12,5.0,mobile,North,Regular
67.0,42027.45,4.0,mobile,South,Budget
58.0,27810.64,6.0,mobile,West,Budget
31.0,,4.0,mobile,North,Regular
41.0,48310.87,4.0,desktop,North,Regular
51.0,42828.32,6.0,mobile,East,Regular
27.0,49534.35,7.0,mobile,East,Regular
53.0,23867.76,3.0,desktop,North,Budget
19.0,83062.86,5.0,mobile,South,Premium
29.0,33527.06,6.0,mobile,West,Regular
62.0,42346.72,12.0,desktop,East,Regular
34.0,65733.65,7.0,desktop,North,Premium
68.0,24330.53,8.0,mobile,South,Budget
61.0,72357.65,5.0,mobile,West,Regular
30.0,72677.51,3.0,mobile,West,Regular
65.0,49107.57,4.0,desktop,South,Regular
63.0,34675.71,4.0,mobile,East,Budget
69.0,46065.49,8.0,mobile,North,Regular
38.0,20095.17,10.0,mobile,South,Regular
65.0,81188.81,6.0,mobile,East,Regular
34.0,56023.31,9.0,tablet,North,Regular
36.0,41103.74,5.0,tablet,South,Regular
44.0,37868.21,8.0,mobile,South,Regular
36.0,65831.09,7.0,tablet,East,Regular
18.0,83384.71,3.0,desktop,North,Premium
55.0,30943.19,5.0,mobile,South,Budget
41.0,44143.13,3.0,desktop,North,Regular
60.0,21774.29,8.0,desktop,West,Budget
28.0,67770.74,3.0,mobile,North,Regular
29.0,57958.27,10.0,desktop,East,Premium
55.0,97702.15,6.0,desktop,West,Premium
54.0,52684.67,6.0,mobile,East,Regular
44.0,46761.15,8.0,mobile,South,Regular
49.0,41587.62,11.0,mobile,South,Regular
63.0,71137.0,7.0,mobile,South,Regular
63.0,24189.88,10.0,mobile,West,Regular
64.0,69199.86,3.0,mobile,East,Regular
69.0,59670.76,4.0,tablet,West,Regular
34.0,45433.13,7.0,desktop,North,Regular
59.0,37913.72,12.0,tablet,North,Regular
32.0,74968.1,5.0,tablet,West,Regular
63.0,90252.14,5.0,desktop,South,Premium
66.0,46556.28,9.0,mobile,East,Regular
40.0,65028.02,6.0,desktop,East,Premium
44.0,88014.05,9.0,desktop,South,Premium
24.0,43250.36,10.0,mobile,East,Regular
23.0,50226.17,7.0,mobile,North,Regular
28.0,31873.43,8.0,desktop,South,Regular
20.0,52198.18,4.0,mobile,East,Regular
38.0,53454.09,7.0,mobile,West,Regular
69.0,47064.95,3.0,desktop,East,Regular
54.0,40978.02,7.0,tablet,North,Regular
48.0,24961.63,5.0,mobile,North,Budget
55.0,29475.48,10.0,desktop,South,Regular
20.0,36455.8,4.0,mobile,South,Budget
52.0,67172.65,10.0,mobile,North,Regular
44.0,45333.28,9.0,mobile,West,Regular
23.0,38824.87,2.0,desktop,South,Regular
44.0,67465.55,3.0,tablet,North,Regular
52.0,65689.72,9.0,desktop,South,Premium
40.0,40665.04,5.0,mobile,East,Regular
65.0,43092.88,4.0,desktop,East,Regular
67.0,67556.54,3.0,desktop,North,Premium
36.0,61939.19,2.0,mobile,West,Regular
67.0,39107.67,4.0,desktop,South,Regular
30.0,59574.31,6.0,mobile,West,Regular
24.0,54440.71,6.0,mobile,South,Regular
51.0,76192.62,7.0,mobile,West,Regular
25.0,38489.19,2.0,mobile,East,Budget
34.0,71804.94,3.0,tablet,North,Regular
39.0,63227.08,7.0,mobile,South,Regular
53.0,35792.53,7.0,tablet,East,Regular
61.0,75078.02,7.0,mobile,West,Regular
64.0,72319.57,6.0,desktop,East,Regular
50.0,29870.51,9.0,mobile,East,Regular
68.0,92773.44,5.0,mobile,West,Regular
55.0,33145.14,6.0,mobile,East,Budget
63.0,37477.51,10.0,mobile,East,Regular
47.0,48847.9,5.0,mobile,East,Regular
24.0,69695.51,3.0,desktop,East,Regular
28.0,66121.64,6.0,desktop,East,Premium
39.0,53192.15,10.0,mobile,West,Regular
60.0,81087.97,6.0,mobile,West,Regular
39.0,62733.12,9.0,mobile,North,Regular
18.0,81662.26,4.0,mobile,West,Regular
40.0,108865.21,6.0,desktop,North,Premium
54.0,58698.74,8.0,desktop,South,Regular
69.0,12000.0,5.0,desktop,North,Budget
28.0,46338.81,5.0,mobile,West,Regular
34.0,34397.22,10.0,desktop,North,Regular
42.0,56764.76,4.0,tablet,West,Regular
43.0,56871.5,4.0,tablet,West,Regular
68.0,31480.52,5.0,desktop,South,Regular
38.0,32878.68,6.0,mobile,East,Regular
46.0,49936.13,5.0,desktop,East,Regular
31.0,51226.48,6.0,mobile,East,Budget
20.0,12000.0,8.0,tablet,West,Budget
38.0,73702.22,7.0,mobile,North,Regular
40.0,55595.76,6.0,mobile,South,Regular
26.0,54807.97,1.0,mobile,South,Regular
52.0,60712.23,1.0,desktop,West,Regular
35.0,35282.85,8.0,tablet,South,Regular
20.0,54020.59,6.0,mobile,North,Regular
45.0,75009.05,4.0,mobile,East,Regular
31.0,75769.31,8.0,tablet,West,Premium
55.0,63912.44,7.0,tablet,West,Regular
18.0,49610.02,8.0,mobile,South,Regular
57.0,39132.28,6.0,tablet,North,Regular
46.0,80511.43,7.0,mobile,West,Premium
55.0,65139.75,6.0,desktop,South,Regular
37.0,46813.86,8.0,mobile,North,Regular
63.0,12963.31,6.0,mobile,West,Budget
44.0,38144.01,5.0,mobile,West,Budget
69.0,17597.5,5.0,tablet,North,Budget
33.0,79176.13,6.0,desktop,South,Premium
62.0,58654.43,5.0,mobile,North,Regular
52.0,40530.84,6.0,mobile,North,Regular
66.0,49618.93,2.0,mobile,East,Budget
27.0,105515.82,5.0,desktop,East,Premium
44.0,78663.42,1.0,desktop,East,Regular
65.0,28825.71,9.0,desktop,South,Regular
30.0,52449.78,4.0,desktop,North,Regular
67.0,31003.09,3.0,desktop,North,Budget
68.0,21369.49,3.0,mobile,South,Budget
43.0,58397.81,3.0,mobile,South,Regular
55.0,102164.07,2.0,tablet,West,Regular
42.0,85504.98,8.0,mobile,East,Premium
52.0,55853.53,3.0,tablet,South,Regular
62.0,47640.57,6.0,desktop,North,Regular
56.0,58941.16,6.0,desktop,South,Regular
33.0,75251.74,9.0,desktop,West,Premium
48.0,26377.1,9.0,mobile,East,Regular
59.0,18365.13,10.0,desktop,South,Regular
48.0,,3.0,mobile,South,Regular
32.0,60494.78,5.0,desktop,West,Regular
57.0,86525.01,6.0,desktop,South,Premium
55.0,59665.85,14.0,mobile,West,Premium
51.0,84021.11,7.0,mobile,South,Premium
35.0,42983.98,7.0,desktop,South,Regular
47.0,64786.13,6.0,desktop,South,Regular
49.0,85529.62,5.0,mobile,East,Regular
29.0,75096.55,6.0,desktop,North,Premium
66.0,45939.01,12.0,mobile,South,Regular
48.0,72624.07,3.0,mobile,North,Regular
20.0,41896.81,9.0,mobile,West,Regular
32.0,26882.01,4.0,mobile,North,Budget
59.0,65324.16,5.0,desktop,South,Regular
54.0,82617.59,3.0,desktop,East,Regular
46.0,71772.6,7.0,mobile,North,Regular
43.0,30150.93,6.0,desktop,South,Regular
37.0,72172.4,3.0,mobile,South,Regular
66.0,68425.51,11.0,mobile,West,Premium
36.0,45906.37,5.0,mobile,West,Regular
61.0,12000.0,4.0,desktop,North,Budget
21.0,75089.54,5.0,desktop,North,Premium
45.0,72545.09,3.0,desktop,North,Regular
31.0,64844.12,4.0,desktop,North,Regular
39.0,20713.19,7.0,mobile,North,Budget
50.0,25487.27,3.0,mobile,East,Budget
21.0,75058.85,6.0,desktop,East,Premium
23.0,70915.14,5.0,mobile,North,Regular
48.0,64801.47,7.0,tablet,South,Regular
52.0,50104.64,8.0,desktop,West,Regular
21.0,62815.44,10.0,mobile,North,Premium
68.0,44247.49,6.0,desktop,West,Regular
40.0,48797.98,6.0,desktop,East,Regular
69.0,37782.59,6.0,desktop,North,Regular
25.0,60121.81,7.0,desktop,South,Premium
64.0,46691.08,5.0,tablet,South,Regular
51.0,73916.48,4.0,mobile,East,Regular
59.0,69311.63,6.0,mobile,West,Regular
60.0,38850.73,5.0,mobile,West,Budget
27.0,91525.54,6.0,mobile,North,Premium
26.0,32674.94,4.0,mobile,East,Budget
68.0,63956.08,6.0,mobile,West,Regular
40.0,76558.43,4.0,tablet,East,Regular
28.0,80504.56,5.0,mobile,West,Regular
50.0,12000.0,4.0,mobile,North,Budget
63.0,74936.02,9.0,mobile,South,Regular
32.0,79298.91,6.0,desktop,West,Premium
63.0,83664.84,7.0,desktop,West,Premium
21.0,12000.0,9.0,mobile,North,Regular
50.0,41511.63,4.0,tablet,South,Budget
37.0,53030.34,6.0,mobile,North,Regular
45.0,46107.66,5.0,desktop,East,Regular
49.0,81744.64,2.0,mobile,East,Regular
28.0,41457.27,7.0,desktop,West,Regular
20.0,79515.47,3.0,desktop,East,Premium
45.0,66202.81,5.0,tablet,South,Regular
67.0,25972.42,9.0,tablet,East,Budget
33.0,35197.83,7.0,mobile,North,Regular
47.0,45631.78,5.0,mobile,West,Regular
24.0,,6.0,mobile,North,Regular
35.0,74840.83,4.0,mobile,South,Regular
24.0,51352.72,5.0,mobile,West,Regular
23.0,73166.1,5.0,desktop,South,Premium
59.0,23538.58,7.0,desktop,West,Regular
64.0,12000.0,7.0,desktop,West,Budget
65.0,48260.9,7.0,desktop,East,Regular
55.0,64168.0,13.0,desktop,South,Premium
25.0,47776.75,10.0,desktop,West,Premium
66.0,34808.79,7.0,desktop,North,Regular
18.0,63446.39,5.0,mobile,East,Regular
32.0,93658.91,10.0,desktop,South,Premium
31.0,52931.89,8.0,mobile,East,Regular
56.0,40479.82,11.0,mobile,West,Regular
24.0,38091.23,7.0,mobile,West,Regular
68.0,94320.38,7.0,tablet,North,Premium
27.0,54193.72,6.0,desktop,South,Regular
62.0,67243.47,11.0,mobile,South,Premium
48.0,79400.13,4.0,desktop,West,Premium
31.0,76543.56,6.0,mobile,East,Regular
39.0,36560.93,4.0,mobile,North,Budget
23.0,74120.61,5.0,desktop,South,Premium
40.0,71876.73,6.0,mobile,North,Regular
54.0,64784.79,5.0,mobile,West,Regular
28.0,75192.29,4.0,tablet,East,Regular
68.0,43774.54,6.0,mobile,North,Regular
52.0,53513.36,6.0,mobile,North,Regular
37.0,44505.87,9.0,mobile,North,Regular
33.0,70166.23,1.0,desktop,West,Regular
58.0,41938.26,4.0,mobile,West,Budget
38.0,62866.65,4.0,mobile,West,Premium
66.0,33119.54,7.0,mobile,North,Budget
42.0,52560.03,4.0,mobile,West,Regular
54.0,47763.54,5.0,desktop,South,Regular
65.0,52715.54,4.0,desktop,East,Regular
67.0,57658.06,5.0,mobile,West,Regular
30.0,51322.63,6.0,desktop,North,Regular
40.0,50610.76,8.0,desktop,West,Regular
55.0,13594.78,8.0,desktop,South,Regular
39.0,77105.65,7.0,mobile,South,Regular
34.0,42534.74,2.0,desktop,South,Regular
50.0,50105.08,7.0,desktop,South,Regular
64.0,38453.26,7.0,mobile,South,Regular
42.0,74984.15,7.0,desktop,East,Premium
38.0,36913.85,7.0,mobile,South,Regular
57.0,65086.47,8.0,tablet,West,Regular
44.0,78566.15,8.0,mobile,East,Premium
34.0,87910.06,7.0,desktop,West,Premium
63.0,78764.19,7.0,desktop,South,Premium
49.0,67391.28,5.0,desktop,South,Regular
52.0,31057.88,9.0,desktop,West,Regular
60.0,,2.0,mobile,North,Regular
22.0,78774.15,5.0,mobile,South,Regular
62.0,71782.09,6.0,mobile,West,Regular
25.0,71087.51,7.0,mobile,East,Regular
18.0,56585.72,13.0,desktop,North,Premium
69.0,44774.93,7.0,mobile,South,Regular
32.0,76670.17,1.0,mobile,West,Regular
19.0,80520.0,7.0,desktop,North,Premium
54.0,,6.0,desktop,South,Regular
33.0,73363.16,10.0,desktop,East,Premium
39.0,60038.08,7.0,mobile,South,Regular
67.0,72837.19,6.0,mobile,East,Regular
47.0,60633.25,6.0,desktop,North,Regular
18.0,77343.13,3.0,desktop,South,Premium
53.0,75634.3,8.0,desktop,South,Premium
26.0,72892.92,10.0,desktop,North,Premium
34.0,27723.06,4.0,mobile,East,Budget
29.0,71644.2,4.0,mobile,North,Regular
65.0,56232.36,1.0,mobile,North,Budget
22.0,32811.79,8.0,mobile,North,Regular
46.0,69350.75,4.0,desktop,South,Regular
42.0,28031.67,9.0,desktop,West,Regular
46.0,73107.68,6.0,mobile,East,Regular
48.0,89022.01,7.0,mobile,West,Premium
23.0,45304.89,6.0,desktop,West,Regular
34.0,73625.67,2.0,desktop,South,Regular
47.0,64312.72,6.0,mobile,North,Regular
23.0,68286.47,7.0,tablet,South,Regular
60.0,28480.8,7.0,mobile,West,Budget
60.0,67487.41,3.0,mobile,East,Regular
45.0,58046.63,8.0,mobile,South,Regular
59.0,70092.73,6.0,mobile,East,Regular
40.0,55581.76,7.0,tablet,West,Regular
47.0,77187.71,9.0,tablet,North,Premium
42.0,60883.12,4.0,mobile,East,Regular
25.0,68938.29,4.0,desktop,East,Regular
27.0,82631.1,7.0,mobile,East,Premium
46.0,59093.08,6.0,mobile,West,Regular
22.0,75205.62,4.0,desktop,South,Premium
50.0,60011.47,5.0,mobile,East,Regular
34.0,65863.54,9.0,desktop,West,Premium
40.0,45091.21,7.0,tablet,West,Budget
64.0,70894.68,4.0,desktop,East,Regular
62.0,79832.83,5.0,mobile,South,Regular
42.0,53939.82,6.0,mobile,South,Regular
38.0,71277.76,5.0,desktop,North,Premium
60.0,64054.83,8.0,desktop,West,Premium
44.0,33731.18,5.0,mobile,South,Budget
56.0,62569.82,4.0,desktop,East,Regular
23.0,81670.12,7.0,mobile,West,Premium
54.0,46016.0,10.0,mobile,West,Regular
47.0,20435.4,7.0,mobile,South,Budget
28.0,59664.26,8.0,mobile,East,Regular
57.0,42939.39,5.0,mobile,West,Budget
45.0,93080.3,6.0,desktop,South,Premium
56.0,54838.8,5.0,mobile,West,Regular
61.0,55558.27,4.0,tablet,South,Premium
31.0,43262.51,1.0,desktop,West,Regular
60.0,60587.82,4.0,mobile,West,Regular
69.0,44555.26,14.0,desktop,East,Premium
44.0,37901.39,4.0,mobile,West,Budget
55.0,54448.32,9.0,mobile,East,Regular
58.0,39726.67,5.0,mobile,West,Budget
40.0,81630.5,10.0,mobile,East,Premium
59.0,32739.51,7.0,mobile,South,Budget
39.0,54246.88,8.0,mobile,East,Regular
64.0,42152.68,5.0,desktop,East,Regular
58.0,28558.77,5.0,mobile,North,Budget
46.0,88373.75,4.0,desktop,South,Premium
27.0,14391.87,10.0,mobile,North,Regular
61.0,84266.41,1.0,desktop,North,Regular
51.0,27967.74,9.0,desktop,East,Regular
47.0,57472.84,1.0,mobile,North,Budget
55.0,100138.96,7.0,desktop,East,Premium
69.0,13925.82,4.0,desktop,West,Budget
44.0,28765.05,10.0,mobile,East,Regular
38.0,81451.4,7.0,mobile,West,Premium
63.0,59101.17,8.0,desktop,South,Regular
51.0,44986.03,9.0,desktop,North,Regular
42.0,55076.83,7.0,desktop,North,Regular
27.0,36780.37,8.0,desktop,South,Regular
42.0,58105.65,3.0,tablet,North,Regular
66.0,85013.31,3.0,desktop,North,Regular
32.0,48202.93,5.0,tablet,North,Regular
67.0,58435.25,11.0,mobile,West,Regular
65.0,79302.55,7.0,desktop,East,Premium
61.0,94682.61,11.0,desktop,East,Premium
34.0,44178.04,6.0,mobile,East,Regular
59.0,61602.16,12.0,mobile,North,Premium
54.0,44674.17,3.0,desktop,East,Regular
64.0,43072.24,7.0,mobile,East,Regular
39.0,47862.88,2.0,mobile,West,Budget
50.0,43308.39,4.0,mobile,West,Budget
66.0,21780.72,8.0,desktop,South,Regular
65.0,16699.26,7.0,mobile,East,Budget
67.0,41386.05,2.0,tablet,North,Budget
23.0,58296.92,7.0,mobile,North,Regular
19.0,79512.03,5.0,desktop,South,Premium
22.0,45314.4,7.0,mobile,West,Regular
69.0,52428.9,4.0,desktop,East,Regular
39.0,68655.91,5.0,mobile,South,Regular
49.0,70212.33,4.0,desktop,West,Regular
39.0,53461.05,7.0,desktop,West,Regular
21.0,54664.04,4.0,desktop,East,Regular
65.0,92404.01,5.0,mobile,North,Premium
43.0,49154.08,4.0,desktop,South,Regular
33.0,46108.59,5.0,mobile,North,Regular
20.0,23850.43,8.0,mobile,West,Regular
24.0,64191.62,3.0,mobile,West,Regular
46.0,50542.06,6.0,mobile,North,Regular
57.0,93110.38,7.0,desktop,East,Premium
27.0,49147.99,7.0,tablet,West,Regular
45.0,71610.53,2.0,mobile,West,Regular
37.0,73981.94,0.0,mobile,South,Regular
51.0,87975.57,6.0,mobile,South,Premium
33.0,30047.49,6.0,tablet,North,Budget
63.0,86356.05,7.0,desktop,West,Premium
49.0,55966.81,10.0,desktop,West,Premium
27.0,53663.18,5.0,desktop,East,Regular
60.0,49631.48,10.0,mobile,South,Regular
51.0,47975.04,6.0,mobile,West,Regular
66.0,48969.8,3.0,desktop,East,Regular
65.0,12000.0,5.0,tablet,North,Budget
35.0,65691.55,8.0,desktop,West,Premium
54.0,56929.24,7.0,tablet,West,Regular
47.0,37098.61,7.0,mobile,East,Regular
40.0,54455.77,8.0,desktop,North,Regular
18.0,100667.44,4.0,desktop,South,Premium
60.0,63141.6,6.0,mobile,South,Regular
37.0,48116.71,8.0,mobile,West,Regular
21.0,89150.09,4.0,mobile,East,Premium
67.0,40138.23,5.0,mobile,North,Budget
38.0,52692.9,5.0,tablet,East,Regular
24.0,44884.62,3.0,desktop,South,Regular
40.0,51069.67,11.0,mobile,South,Premium
63.0,69988.6,6.0,mobile,East,Regular
56.0,67035.95,7.0,mobile,North,Regular
51.0,41407.89,7.0,mobile,South,Regular
33.0,53162.89,12.0,mobile,East,Premium
33.0,57349.46,3.0,desktop,East,Regular
31.0,47701.36,4.0,mobile,North,Regular
58.0,54965.9,3.0,desktop,East,Regular
59.0,41596.61,1.0,mobile,West,Budget
33.0,41322.46,9.0,desktop,South,Regular
33.0,56535.04,11.0,desktop,South,Premium
64.0,35519.24,10.0,desktop,South,Regular
68.0,63817.54,4.0,desktop,North,Regular
22.0,51878.26,7.0,tablet,East,Regular
31.0,37679.45,5.0,desktop,East,Regular
24.0,43700.47,4.0,desktop,South,Regular
36.0,46320.31,8.0,mobile,North,Regular
57.0,52519.37,5.0,mobile,East,Regular
48.0,57854.82,6.0,mobile,West,Regular
41.0,51567.15,8.0,mobile,South,Regular
28.0,38719.19,5.0,desktop,North,Regular
25.0,83508.13,6.0,tablet,East,Premium
57.0,73242.01,6.0,desktop,East,Premium
44.0,57777.54,6.0,desktop,North,Regular
19.0,74135.67,4.0,desktop,North,Premium
33.0,61980.16,7.0,desktop,North,Premium
53.0,50585.16,4.0,desktop,North,Regular
46.0,57273.01,6.0,mobile,East,Regular
55.0,107429.51,1.0,tablet,East,Regular
56.0,74907.75,9.0,mobile,South,Premium
23.0,75860.93,4.0,mobile,South,Regular
62.0,47939.39,2.0,mobile,South,Budget
49.0,67268.46,4.0,desktop,South,Regular
21.0,99480.07,12.0,desktop,South,Premium
67.0,63890.83,3.0,mobile,South,Regular
48.0,76444.41,7.0,mobile,North,Regular
30.0,80022.58,3.0,desktop,North,Premium
69.0,68094.37,4.0,mobile,West,Regular
19.0,86187.5,7.0,mobile,West,Premium
41.0,60062.36,12.0,mobile,South,Premium
20.0,65240.19,5.0,mobile,South,Regular
58.0,43406.06,9.0,tablet,West,Regular
58.0,106805.37,5.0,desktop,East,Premium
23.0,,8.0,desktop,South,Premium
33.0,57733.56,8.0,mobile,West,Regular
63.0,82530.85,9.0,mobile,West,Premium
31.0,46130.29,7.0,desktop,South,Regular
48.0,55475.65,2.0,desktop,South,Regular
46.0,40412.31,8.0,desktop,East,Regular
64.0,56000.88,9.0,tablet,West,Regular
56.0,48042.7,5.0,mobile,North,Regular
58.0,66084.38,8.0,mobile,North,Regular
22.0,53109.47,5.0,mobile,West,Regular
63.0,,8.0,mobile,South,Regular
41.0,49861.24,6.0,mobile,West,Regular
20.0,53254.73,3.0,mobile,North,Regular
22.0,45638.19,10.0,mobile,West,Regular
55.0,73712.55,4.0,desktop,East,Regular
64.0,68573.46,8.0,mobile,South,Budget
28.0,58369.71,3.0,desktop,South,Regular
33.0,32524.02,4.0,mobile,West,Budget
31.0,,7.0,mobile,South,Budget
64.0,30816.14,6.0,desktop,East,Regular
34.0,59133.65,6.0,desktop,West,Regular
51.0,56467.92,7.0,desktop,West,Regular
48.0,44141.72,8.0,mobile,West,Regular
39.0,39496.11,3.0,mobile,West,Budget
50.0,42099.61,4.0,desktop,East,Regular
28.0,95250.88,4.0,mobile,South,Premium
66.0,50407.21,8.0,mobile,South,Regular
65.0,51541.77,6.0,mobile,West,Regular
18.0,74082.75,6.0,mobile,North,Regular
43.0,63642.4,10.0,mobile,South,Regular
28.0,75978.19,6.0,mobile,East,Regular
41.0,31832.09,9.0,desktop,South,Regular
36.0,34503.53,1.0,mobile,South,Budget
63.0,119865.59,6.0,mobile,West,Premium
60.0,54726.38,8.0,desktop,South,Regular
32.0,49942.82,7.0,mobile,North,Regular
46.0,58647.01,3.0,mobile,South,Regular
38.0,74678.26,4.0,tablet,South,Regular
44.0,32570.45,7.0,desktop,West,Regular
65.0,61003.41,5.0,mobile,South,Regular
57.0,54984.69,9.0,tablet,West,Regular
20.0,68525.79,7.0,tablet,North,Regular
52.0,58879.0,1.0,mobile,West,Budget
58.0,45283.41,8.0,mobile,South,Regular
33.0,38816.58,8.0,mobile,East,Regular
56.0,12000.0,8.0,desktop,North,Regular
22.0,74416.27,8.0,mobile,North,Premium
22.0,27200.47,3.0,mobile,South,Budget
42.0,47751.34,3.0,desktop,South,Regular
39.0,87581.09,5.0,desktop,East,Premium
63.0,,6.0,mobile,West,Regular
60.0,67316.3,9.0,desktop,East,Premium
49.0,51462.02,8.0,mobile,East,Regular
46.0,68991.02,5.0,desktop,North,Regular
20.0,56091.03,5.0,tablet,North,Regular
27.0,45720.32,3.0,mobile,North,Regular
40.0,81538.64,6.0,mobile,West,Regular
40.0,,8.0,mobile,East,Regular
37.0,29749.12,2.0,desktop,North,Budget
44.0,49195.14,7.0,desktop,West,Regular
48.0,65898.35,5.0,desktop,West,Regular
38.0,34090.36,6.0,mobile,West,Regular
48.0,70657.3,6.0,mobile,West,Regular
23.0,70256.14,4.0,mobile,East,Regular
67.0,96348.28,6.0,desktop,North,Premium
44.0,43179.83,7.0,tablet,East,Regular
35.0,68243.92,8.0,mobile,West,Regular
41.0,23404.33,8.0,mobile,South,Budget
39.0,47468.85,4.0,mobile,North,Regular
32.0,57534.31,5.0,desktop,South,Regular
49.0,63352.82,6.0,mobile,South,Regular
64.0,54458.06,8.0,mobile,West,Regular
64.0,53769.09,6.0,desktop,West,Regular
26.0,43732.99,8.0,mobile,South,Regular
54.0,46953.5,3.0,desktop,North,Regular
57.0,61389.18,4.0,mobile,South,Regular
42.0,66255.35,8.0,mobile,South,Regular
53.0,67810.96,9.0,mobile,North,Regular
60.0,74636.7,7.0,mobile,North,Regular
23.0,78341.74,11.0,mobile,South,Premium
43.0,20901.61,8.0,mobile,South,Budget
19.0,45486.56,6.0,mobile,South,Regular
68.0,52409.7,5.0,desktop,East,Regular
45.0,43148.74,4.0,mobile,North,Budget
32.0,75609.75,1.0,mobile,North,Regular
21.0,69883.83,11.0,desktop,North,Premium
24.0,53451.75,5.0,mobile,North,Regular
32.0,57835.37,3.0,desktop,North,Regular
61.0,79768.34,5.0,desktop,West,Premium
69.0,48844.22,5.0,mobile,North,Regular
33.0,49478.17,5.0,mobile,West,Regular
35.0,72904.45,9.0,mobile,West,Premium
62.0,64524.97,4.0,mobile,North,Regular
23.0,82745.68,6.0,mobile,South,Premium
49.0,62605.43,9.0,mobile,South,Regular
49.0,69875.04,2.0,mobile,North,Regular
44.0,45061.46,6.0,desktop,South,Regular
61.0,37497.57,5.0,mobile,North,Budget
22.0,55338.75,3.0,desktop,North,Regular
32.0,12000.0,7.0,mobile,South,Budget
58.0,63341.83,9.0,mobile,East,Regular
33.0,74127.64,7.0,mobile,West,Regular
21.0,56978.23,5.0,tablet,West,Regular
41.0,51288.69,3.0,mobile,North,Regular
68.0,76356.03,7.0,mobile,East,Regular
59.0,54704.95,4.0,desktop,West,Regular
63.0,74302.61,8.0,mobile,South,Regular
32.0,97532.34,7.0,mobile,East,Premium
33.0,69382.64,6.0,mobile,West,Regular
26.0,73495.0,11.0,mobile,West,Premium
24.0,64979.64,4.0,mobile,West,Regular
32.0,60334.35,13.0,mobile,East,Premium
64.0,60804.61,9.0,mobile,North,Regular
53.0,56819.81,4.0,mobile,North,Regular
42.0,76276.5,6.0,tablet,North,Regular
42.0,24642.43,7.0,mobile,West,Budget
24.0,,2.0,mobile,West,Regular
43.0,68105.35,8.0,desktop,East,Budget
43.0,39380.92,6.0,mobile,North,Regular
57.0,53514.51,3.0,desktop,South,Regular
30.0,42245.14,3.0,mobile,North,Budget
62.0,63958.34,7.0,desktop,North,Regular
39.0,72059.23,6.0,mobile,South,Regular
21.0,83335.52,6.0,desktop,West,Premium
51.0,65137.54,11.0,mobile,North,Premium
49.0,41782.53,14.0,mobile,East,Regular
65.0,60344.3,7.0,mobile,South,Regular
46.0,66417.98,3.0,mobile,South,Regular
59.0,82512.14,3.0,tablet,West,Regular
30.0,14516.49,2.0,mobile,South,Budget
26.0,62626.16,1.0,mobile,North,Regular
51.0,20591.03,3.0,desktop,South,Budget
42.0,69202.27,9.0,desktop,West,Premium
59.0,64036.36,10.0,mobile,North,Regular
43.0,65073.85,4.0,mobile,East,Regular
59.0,72450.02,8.0,mobile,North,Premium
69.0,62895.21,4.0,desktop,North,Regular
68.0,43171.78,3.0,desktop,North,Regular
22.0,62244.84,2.0,mobile,North,Regular
68.0,78468.36,8.0,desktop,South,Premium
44.0,53310.98,5.0,desktop,North,Regular
37.0,56065.0,3.0,desktop,South,Regular
65.0,32360.26,2.0,desktop,South,Budget
26.0,77699.23,6.0,mobile,East,Regular
38.0,45887.38,3.0,desktop,South,Regular
61.0,41342.51,5.0,mobile,South,Budget
31.0,46985.46,6.0,desktop,North,Regular
66.0,39077.27,3.0,mobile,West,Budget
46.0,50729.56,12.0,mobile,West,Regular
44.0,79895.71,8.0,desktop,South,Premium
34.0,70680.34,16.0,desktop,South,Premium
24.0,82742.47,4.0,mobile,East,Regular
66.0,83923.6,10.0,desktop,South,Regular
18.0,38425.99,4.0,tablet,South,Regular
22.0,64707.04,4.0,desktop,South,Regular
21.0,84159.82,8.0,tablet,North,Premium
28.0,99380.26,3.0,mobile,West,Premium
56.0,28508.97,3.0,desktop,West,Budget
22.0,28320.64,7.0,mobile,South,Regular
25.0,64465.99,10.0,desktop,East,Premium
55.0,49117.67,8.0,mobile,West,Regular
19.0,36538.67,9.0,mobile,South,Regular
33.0,62784.87,8.0,tablet,North,Regular
61.0,40463.43,5.0,desktop,South,Regular
64.0,12188.34,8.0,mobile,South,Budget
43.0,55054.84,2.0,mobile,North,Regular
64.0,57885.33,3.0,mobile,West,Regular
64.0,67657.55,6.0,mobile,West,Regular
66.0,73441.26,11.0,mobile,North,Premium
30.0,58967.01,9.0,desktop,North,Premium
31.0,50967.16,8.0,desktop,West,Regular
52.0,42757.57,8.0,desktop,South,Regular
18.0,24020.46,6.0,desktop,West,Regular
31.0,,4.0,desktop,East,Regular
38.0,74502.95,3.0,mobile,East,Regular
64.0,67897.9,6.0,desktop,East,Regular
68.0,94632.74,4.0,desktop,South,Premium
35.0,52547.7,4.0,mobile,East,Regular
57.0,21387.09,7.0,mobile,West,Budget
46.0,71236.39,8.0,mobile,North,Regular
21.0,75250.25,8.0,desktop,East,Premium
38.0,33134.23,9.0,desktop,East,Regular
54.0,24628.93,8.0,desktop,North,Regular
54.0,58343.32,5.0,mobile,South,Regular
65.0,69015.96,5.0,desktop,West,Regular
50.0,34038.45,6.0,desktop,East,Regular
68.0,48939.38,5.0,desktop,West,Regular
41.0,40595.07,9.0,mobile,East,Regular
55.0,32841.81,3.0,tablet,South,Budget
50.0,30270.48,7.0,mobile,West,Regular
62.0,,5.0,mobile,East,Regular
66.0,48283.27,8.0,mobile,South,Regular
61.0,42579.62,12.0,desktop,South,Regular
67.0,12000.0,6.0,desktop,East,Budget
36.0,,5.0,desktop,East,Premium
69.0,37347.33,7.0,tablet,North,Budget
23.0,52752.32,6.0,mobile,North,Regular
37.0,33634.78,7.0,mobile,East,Regular
55.0,62584.97,2.0,desktop,West,Regular
50.0,26532.01,4.0,desktop,East,Budget
25.0,57128.59,2.0,mobile,West,Regular
53.0,51736.35,7.0,mobile,West,Regular
37.0,72856.44,6.0,desktop,East,Premium
59.0,34390.78,8.0,mobile,North,Regular
69.0,42922.7,9.0,desktop,West,Regular
28.0,50813.69,10.0,mobile,East,Regular
47.0,95288.65,9.0,desktop,West,Premium
19.0,27155.52,7.0,mobile,West,Regular
45.0,60843.31,5.0,mobile,North,Regular
61.0,42772.6,7.0,tablet,West,Regular
67.0,61217.96,7.0,mobile,East,Budget
59.0,67743.9,7.0,desktop,East,Regular
32.0,57951.59,7.0,desktop,East,Regular
37.0,60268.54,7.0,desktop,North,Regular
69.0,60583.27,8.0,mobile,West,Regular
59.0,44026.72,6.0,desktop,East,Regular
65.0,51109.69,3.0,mobile,West,Budget
30.0,23595.12,9.0,tablet,North,Regular
36.0,48446.79,9.0,desktop,West,Regular
60.0,40542.46,5.0,mobile,East,Budget
35.0,50349.72,9.0,desktop,East,Premium
57.0,69265.66,7.0,desktop,South,Premium
24.0,62496.74,7.0,desktop,North,Premium
21.0,64181.26,6.0,mobile,South,Regular
65.0,76256.85,4.0,mobile,North,Regular
33.0,12000.0,7.0,mobile,South,Budget
27.0,63393.22,8.0,mobile,South,Regular
31.0,54712.29,7.0,desktop,East,Regular
18.0,53295.56,5.0,mobile,North,Regular
57.0,30219.62,7.0,desktop,North,Regular
64.0,65650.52,2.0,desktop,East,Regular
18.0,77070.28,3.0,mobile,South,Regular
49.0,74769.44,10.0,mobile,North,Premium
36.0,53502.98,8.0,mobile,South,Regular
52.0,67327.69,2.0,desktop,South,Regular
54.0,72736.47,7.0,mobile,West,Regular
56.0,89930.84,8.0,mobile,East,Premium
20.0,78546.05,5.0,desktop,South,Premium
20.0,,3.0,mobile,East,Regular
67.0,56925.1,8.0,desktop,North,Regular
22.0,58304.27,5.0,mobile,North,Regular
44.0,59449.86,9.0,mobile,South,Regular
43.0,45632.77,4.0,desktop,South,Regular
37.0,69840.76,3.0,mobile,East,Regular
20.0,41896.07,9.0,desktop,North,Regular
26.0,39804.6,7.0,mobile,North,Regular
44.0,61871.1,10.0,desktop,South,Premium
23.0,,4.0,desktop,North,Regular
56.0,50428.67,2.0,desktop,East,Regular
62.0,15458.05,6.0,desktop,West,Budget
52.0,70251.2,6.0,desktop,South,Regular
61.0,54964.62,5.0,mobile,South,Regular
50.0,52648.46,6.0,mobile,North,Regular
54.0,63913.29,10.0,mobile,West,Regular
20.0,59087.67,7.0,mobile,West,Regular
46.0,41721.46,4.0,desktop,North,Regular
30.0,93338.61,4.0,desktop,South,Premium
27.0,46468.0,6.0,desktop,South,Regular
64.0,73660.09,4.0,desktop,South,Regular
61.0,89997.96,9.0,desktop,West,Premium
24.0,43222.59,5.0,desktop,West,Regular
69.0,56852.91,5.0,mobile,North,Regular
45.0,39445.12,2.0,desktop,East,Regular
50.0,75101.53,9.0,mobile,West,Premium
20.0,48670.57,14.0,desktop,West,Regular
63.0,34063.13,10.0,desktop,North,Regular
66.0,80184.58,7.0,mobile,East,Regular
57.0,72571.44,10.0,tablet,South,Premium
26.0,38096.56,2.0,desktop,West,Regular
45.0,77635.63,3.0,mobile,East,Regular
39.0,58780.81,9.0,mobile,North,Regular
38.0,106868.28,5.0,desktop,East,Premium
46.0,87784.44,6.0,desktop,East,Premium
55.0,44456.06,4.0,mobile,South,Budget
55.0,49903.18,5.0,mobile,North,Regular
30.0,38303.71,4.0,mobile,East,Budget
66.0,57583.49,6.0,mobile,West,Regular
40.0,55940.26,6.0,mobile,West,Regular
56.0,69083.5,8.0,desktop,South,Premium
63.0,56683.84,5.0,desktop,West,Regular
36.0,26955.22,7.0,mobile,South,Budget
62.0,,7.0,mobile,West,Regular
21.0,82018.02,4.0,desktop,North,Premium
33.0,77068.59,8.0,desktop,East,Premium
54.0,51937.65,7.0,mobile,South,Regular
57.0,52425.98,3.0,mobile,East,Budget
68.0,51802.41,12.0,mobile,West,Regular
39.0,,2.0,mobile,South,Regular
18.0,22979.62,6.0,desktop,East,Regular
41.0,72096.74,3.0,mobile,East,Regular
58.0,42453.33,4.0,desktop,West,Regular
24.0,57815.82,3.0,tablet,North,Regular
27.0,12000.0,9.0,desktop,West,Regular
39.0,59478.52,4.0,mobile,North,Regular
41.0,80553.46,5.0,mobile,West,Regular
40.0,12335.59,11.0,mobile,West,Regular
45.0,84009.18,7.0,mobile,East,Premium
49.0,64025.78,5.0,tablet,North,Regular
49.0,41009.82,6.0,mobile,East,Regular
39.0,24732.89,9.0,mobile,North,Regular
69.0,77206.37,3.0,mobile,North,Regular
43.0,59986.45,6.0,mobile,South,Regular
53.0,66328.2,3.0,desktop,West,Regular
52.0,49818.66,8.0,desktop,East,Regular
38.0,,5.0,desktop,East,Regular
51.0,71625.93,9.0,mobile,North,Regular
55.0,36769.2,12.0,mobile,North,Regular
43.0,72214.71,6.0,desktop,West,Premium
42.0,23086.83,5.0,desktop,East,Regular
49.0,37327.05,3.0,mobile,West,Budget
39.0,27264.36,8.0,mobile,North,Regular
57.0,80024.69,4.0,mobile,South,Regular
37.0,21549.65,5.0,desktop,North,Regular
22.0,33232.37,7.0,mobile,North,Regular
43.0,67619.51,7.0,mobile,South,Regular
64.0,59377.74,1.0,mobile,East,Budget
32.0,96897.53,1.0,desktop,West,Premium
34.0,90190.62,4.0,desktop,North,Premium
30.0,66799.96,4.0,mobile,North,Regular
66.0,68188.83,5.0,mobile,West,Regular
25.0,20108.57,9.0,tablet,East,Regular
41.0,,6.0,mobile,West,Regular
40.0,48721.36,4.0,desktop,East,Regular
47.0,51602.27,7.0,mobile,West,Regular
33.0,28699.62,8.0,mobile,East,Regular
57.0,37191.42,6.0,mobile,South,Budget
61.0,38799.11,5.0,mobile,North,Budget
40.0,75316.28,12.0,mobile,West,Premium
62.0,63137.87,3.0,mobile,South,Regular
24.0,48647.69,8.0,mobile,East,Regular
35.0,49723.73,5.0,desktop,South,Regular
64.0,60567.68,4.0,tablet,West,Regular
50.0,41651.08,8.0,tablet,East,Regular
26.0,49956.02,4.0,mobile,South,Regular
64.0,22063.56,3.0,mobile,West,Budget
63.0,,9.0,mobile,West,Regular
36.0,73380.23,3.0,tablet,South,Regular
27.0,61923.55,8.0,desktop,West,Premium
46.0,64128.81,6.0,mobile,West,Regular
48.0,61980.16,3.0,desktop,North,Regular
41.0,94044.05,9.0,desktop,West,Premium
55.0,58887.19,6.0,mobile,West,Regular
51.0,29683.13,2.0,tablet,North,Budget
58.0,34929.46,10.0,desktop,South,Regular
67.0,68605.67,6.0,mobile,East,Regular
57.0,75396.62,6.0,mobile,South,Regular
25.0,69734.12,5.0,desktop,North,Premium
18.0,71058.68,6.0,mobile,North,Budget
68.0,58553.28,6.0,tablet,North,Regular
59.0,26484.68,4.0,desktop,North,Budget
52.0,41401.58,8.0,desktop,South,Regular
31.0,20317.95,7.0,desktop,South,Regular
59.0,47554.03,5.0,mobile,East,Regular
23.0,28857.0,4.0,tablet,South,Budget
51.0,56806.52,4.0,desktop,East,Regular
37.0,51694.78,8.0,tablet,South,Regular
63.0,17617.86,8.0,mobile,East,Budget
53.0,68981.57,8.0,desktop,East,Premium
34.0,69517.93,6.0,mobile,East,Regular
59.0,28280.09,7.0,tablet,North,Budget
54.0,57696.59,2.0,mobile,North,Budget
31.0,68671.94,4.0,mobile,West,Regular
31.0,49340.98,2.0,desktop,North,Regular
38.0,71326.89,4.0,tablet,South,Regular
44.0,,7.0,tablet,South,Regular
32.0,75484.44,7.0,mobile,East,Regular
53.0,58448.74,10.0,desktop,North,Premium
45.0,51707.36,6.0,mobile,West,Regular
28.0,64681.29,5.0,desktop,West,Regular
54.0,69904.69,7.0,desktop,West,Premium
21.0,59644.34,8.0,desktop,North,Premium
66.0,46217.59,4.0,mobile,South,Budget
59.0,39660.79,9.0,desktop,West,Regular
22.0,47650.48,5.0,mobile,West,Regular
60.0,43800.13,8.0,tablet,South,Regular
35.0,58745.2,9.0,mobile,West,Regular
52.0,58057.39,6.0,mobile,South,Premium
30.0,53149.01,5.0,mobile,West,Regular
34.0,54733.46,1.0,mobile,South,Budget
18.0,58077.49,10.0,mobile,East,Premium
52.0,84887.45,3.0,desktop,North,Regular
48.0,77917.2,6.0,mobile,North,Budget
22.0,43654.32,9.0,mobile,North,Budget
32.0,62862.92,5.0,mobile,West,Regular
52.0,48412.41,13.0,desktop,East,Premium
59.0,52860.33,7.0,desktop,East,Regular
47.0,50032.27,7.0,mobile,West,Regular
26.0,42691.39,7.0,desktop,South,Regular
50.0,28508.16,8.0,mobile,West,Regular
29.0,12000.0,5.0,mobile,South,Premium
41.0,58565.67,4.0,mobile,West,Regular
42.0,77479.33,9.0,desktop,North,Premium
29.0,37239.08,4.0,mobile,West,Budget
60.0,64435.59,8.0,mobile,East,Regular
55.0,47237.11,4.0,mobile,South,Budget
23.0,60058.59,3.0,mobile,North,Regular
42.0,39123.69,7.0,mobile,East,Regular
23.0,50200.21,6.0,tablet,North,Regular
56.0,52525.69,6.0,mobile,West,Regular
38.0,12000.0,3.0,mobile,South,Budget
36.0,58802.22,7.0,tablet,West,Regular
30.0,51986.83,2.0,desktop,South,Regular
22.0,12000.0,6.0,mobile,North,Budget
24.0,67154.1,6.0,desktop,West,Premium
46.0,53968.79,7.0,mobile,West,Regular
55.0,58552.96,8.0,mobile,West,Regular
50.0,61571.63,4.0,mobile,West,Regular
29.0,46559.15,6.0,mobile,South,Regular
65.0,33825.95,5.0,tablet,North,Budget
51.0,45988.26,2.0,desktop,South,Regular
64.0,46326.93,7.0,mobile,East,Regular
18.0,97449.46,8.0,mobile,West,Premium
20.0,90181.38,5.0,mobile,South,Premium
21.0,45132.62,4.0,tablet,North,Regular
58.0,46556.12,10.0,mobile,East,Regular
37.0,60774.44,8.0,mobile,East,Regular
31.0,65458.07,6.0,tablet,North,Regular
48.0,41145.43,3.0,desktop,North,Regular
54.0,35164.55,5.0,mobile,South,Budget
41.0,91919.0,7.0,desktop,West,Premium
37.0,74943.96,5.0,desktop,North,Premium
38.0,24438.29,11.0,desktop,South,Regular
34.0,20327.12,6.0,desktop,South,Regular
37.0,38496.68,8.0,desktop,West,Regular
43.0,58744.9,3.0,desktop,South,Regular
34.0,65082.41,6.0,mobile,North,Regular
45.0,47873.99,3.0,desktop,North,Regular
51.0,23166.58,4.0,mobile,East,Budget
54.0,58711.21,10.0,desktop,North,Premium
18.0,66125.95,4.0,mobile,West,Regular
51.0,54426.46,5.0,mobile,South,Regular
34.0,44835.84,1.0,desktop,West,Regular
53.0,65591.86,10.0,mobile,South,Regular
67.0,53334.37,7.0,mobile,South,Regular
37.0,32678.69,4.0,desktop,East,Regular
23.0,56253.27,5.0,tablet,West,Regular
53.0,29286.86,5.0,desktop,East,Regular
35.0,73127.41,6.0,desktop,East,Budget
35.0,63519.13,11.0,mobile,East,Premium
50.0,35064.88,6.0,desktop,East,Budget
49.0,58527.87,5.0,mobile,West,Regular
19.0,78716.0,5.0,desktop,East,Premium
41.0,12727.65,10.0,tablet,South,Budget
37.0,51687.65,5.0,desktop,North,Regular
47.0,86424.72,7.0,tablet,South,Premium
50.0,24212.06,2.0,desktop,West,Budget
18.0,51144.16,2.0,mobile,West,Regular
21.0,26668.03,9.0,mobile,West,Regular
43.0,53082.68,6.0,desktop,East,Regular
61.0,12000.0,3.0,mobile,North,Budget
29.0,22782.14,7.0,desktop,West,Regular
24.0,43921.3,7.0,desktop,North,Regular
38.0,57088.85,6.0,desktop,South,Regular
31.0,61773.73,4.0,mobile,East,Regular
21.0,62688.28,2.0,mobile,West,Regular
66.0,76803.99,4.0,tablet,West,Regular
52.0,68017.39,6.0,mobile,East,Regular
59.0,68803.85,4.0,mobile,West,Regular
64.0,35274.75,5.0,tablet,West,Budget
50.0,51341.29,7.0,mobile,North,Regular
36.0,116600.52,4.0,mobile,East,Premium
18.0,98704.75,7.0,mobile,North,Premium
23.0,70600.94,7.0,mobile,South,Budget
34.0,68863.26,4.0,desktop,East,Regular
50.0,73734.89,4.0,mobile,East,Regular
52.0,46501.8,6.0,desktop,South,Regular
24.0,92748.06,5.0,desktop,North,Premium
31.0,47046.91,9.0,desktop,South,Regular
64.0,52794.99,4.0,mobile,North,Regular
33.0,97040.88,8.0,mobile,West,Premium
24.0,13626.17,4.0,desktop,South,Budget
30.0,61498.31,4.0,mobile,East,Regular
36.0,20622.34,7.0,desktop,West,Regular
43.0,41590.89,11.0,desktop,East,Regular
43.0,52602.53,8.0,desktop,North,Regular
23.0,47489.63,4.0,mobile,South,Regular
24.0,57810.94,4.0,mobile,West,Regular
28.0,39327.28,4.0,mobile,West,Budget
34.0,52369.95,4.0,mobile,East,Regular
68.0,31080.81,8.0,desktop,South,Regular
32.0,46784.74,6.0,desktop,South,Regular
36.0,27123.43,12.0,mobile,West,Regular
55.0,67303.3,6.0,mobile,South,Regular
35.0,28932.71,5.0,desktop,North,Regular
69.0,68047.5,6.0,tablet,South,Regular
43.0,46253.89,9.0,mobile,South,Regular
36.0,48428.0,10.0,desktop,South,Premium
58.0,77646.08,4.0,tablet,North,Regular
59.0,56535.04,4.0,mobile,South,Regular
52.0,17063.98,8.0,mobile,North,Budget
25.0,64249.85,9.0,desktop,West,Premium
33.0,12000.0,8.0,mobile,North,Budget
48.0,59666.9,5.0,mobile,South,Regular
37.0,46495.8,2.0,mobile,West,Budget
40.0,26789.44,4.0,mobile,South,Budget
32.0,55957.99,2.0,mobile,North,Regular
32.0,48317.39,6.0,mobile,North,Regular
43.0,94014.14,3.0,mobile,North,Regular
60.0,45741.98,6.0,desktop,West,Regular
37.0,92779.91,7.0,mobile,East,Premium
56.0,81737.03,5.0,mobile,South,Regular
69.0,42324.14,7.0,mobile,West,Regular
24.0,,5.0,desktop,West,Regular
66.0,80522.9,5.0,mobile,East,Regular
33.0,51708.23,3.0,mobile,East,Regular
23.0,57564.36,6.0,mobile,East,Regular
60.0,49361.51,5.0,desktop,West,Regular
18.0,30442.23,4.0,mobile,South,Budget
69.0,,9.0,mobile,East,Regular
28.0,35389.79,8.0,desktop,East,Regular
49.0,24064.41,6.0,desktop,West,Regular
30.0,48586.4,4.0,desktop,East,Regular
63.0,89781.8,6.0,desktop,East,Premium
54.0,86464.41,5.0,desktop,East,Premium
69.0,53174.55,5.0,mobile,East,Regular
59.0,57093.74,4.0,desktop,South,Budget
56.0,64577.51,8.0,desktop,East,Premium
67.0,81392.79,8.0,desktop,North,Premium
51.0,60723.93,5.0,desktop,North,Regular
29.0,44923.46,2.0,desktop,South,Regular
29.0,46631.29,5.0,desktop,North,Regular
52.0,76916.36,7.0,mobile,West,Regular
37.0,106131.31,5.0,desktop,North,Premium
57.0,41966.27,9.0,tablet,North,Regular
50.0,13641.74,3.0,mobile,West,Budget
19.0,70515.99,6.0,desktop,West,Premium
66.0,52883.5,8.0,desktop,North,Regular
68.0,57169.5,9.0,mobile,North,Regular
33.0,79008.19,3.0,mobile,South,Regular
32.0,55757.11,4.0,mobile,South,Regular
38.0,28024.28,6.0,mobile,East,Budget
60.0,15354.7,8.0,desktop,North,Regular
19.0,53468.22,1.0,desktop,North,Regular
27.0,31367.37,7.0,desktop,East,Regular
54.0,60185.83,5.0,mobile,South,Regular
39.0,29047.91,2.0,desktop,South,Budget
41.0,47399.43,9.0,mobile,East,Budget
66.0,25128.97,10.0,mobile,North,Regular
59.0,47193.11,9.0,desktop,West,Regular
23.0,45529.84,6.0,tablet,West,Regular
30.0,66275.06,9.0,desktop,North,Premium
31.0,81185.24,5.0,desktop,South,Premium
52.0,50766.01,4.0,mobile,North,Regular
40.0,37245.5,6.0,mobile,South,Regular
53.0,93415.34,7.0,mobile,East,Premium
29.0,61669.35,9.0,desktop,North,Premium
42.0,66624.77,8.0,mobile,South,Regular
37.0,66573.31,7.0,mobile,East,Regular
27.0,83444.03,3.0,mobile,North,Regular
28.0,74574.78,4.0,tablet,East,Regular
38.0,67966.01,4.0,mobile,South,Regular
53.0,,8.0,mobile,East,Regular
56.0,37334.59,3.0,desktop,East,Regular
58.0,42324.69,2.0,mobile,East,Budget
27.0,52340.14,8.0,desktop,North,Premium
48.0,56328.46,6.0,mobile,West,Regular
22.0,54842.06,5.0,desktop,East,Regular
24.0,60635.09,3.0,desktop,North,Regular
42.0,55005.2,5.0,desktop,East,Regular
54.0,45947.81,7.0,mobile,North,Regular
30.0,,4.0,mobile,North,Budget
26.0,71159.47,3.0,mobile,North,Regular
59.0,66206.24,4.0,tablet,East,Regular
49.0,36951.75,4.0,desktop,North,Regular
60.0,64412.61,7.0,mobile,North,Budget
22.0,62360.29,4.0,tablet,East,Regular
67.0,55936.05,7.0,mobile,North,Regular
59.0,17790.69,10.0,tablet,South,Budget
61.0,30422.66,8.0,mobile,West,Regular
23.0,42496.63,6.0,mobile,North,Regular
51.0,86703.53,5.0,mobile,East,Regular
46.0,37352.62,5.0,desktop,South,Regular
27.0,47566.41,4.0,mobile,North,Regular
65.0,32319.15,5.0,mobile,West,Budget
60.0,44660.43,6.0,desktop,East,Regular
61.0,61321.76,5.0,desktop,North,Regular
55.0,13091.13,10.0,mobile,West,Budget
27.0,12000.0,6.0,desktop,West,Budget
56.0,67702.3,6.0,mobile,East,Regular
41.0,55181.32,5.0,mobile,West,Regular
54.0,42406.72,2.0,tablet,East,Budget
48.0,73828.44,5.0,desktop,North,Regular
61.0,73865.74,3.0,desktop,East,Regular
44.0,12625.46,5.0,mobile,South,Budget
33.0,51131.97,4.0,mobile,North,Regular
52.0,76610.55,2.0,mobile,North,Regular
52.0,41123.96,8.0,desktop,North,Regular
33.0,48217.21,4.0,mobile,North,Regular
44.0,73526.34,6.0,mobile,South,Regular
52.0,49126.72,13.0,desktop,East,Premium
35.0,30572.32,6.0,mobile,North,Budget
26.0,40767.53,2.0,mobile,South,Budget
34.0,,5.0,mobile,East,Budget
61.0,65544.95,6.0,mobile,North,Regular
26.0,20034.02,4.0,mobile,West,Budget
38.0,74491.35,4.0,tablet,South,Regular
43.0,21604.24,7.0,mobile,North,Budget
59.0,55377.04,3.0,mobile,North,Regular
37.0,25171.36,4.0,mobile,South,Budget
69.0,48160.93,7.0,desktop,North,Regular
39.0,74901.87,3.0,mobile,West,Regular
42.0,76902.12,11.0,desktop,West,Premium
62.0,80548.02,2.0,tablet,East,Regular
41.0,52696.25,5.0,mobile,South,Regular
53.0,56618.29,9.0,tablet,South,Regular
36.0,59117.99,4.0,desktop,West,Regular
53.0,66781.91,4.0,desktop,North,Regular
49.0,46493.93,6.0,mobile,North,Regular
69.0,76463.45,6.0,desktop,East,Premium
38.0,60981.06,5.0,mobile,North,Regular
29.0,77340.17,4.0,desktop,East,Premium
25.0,64022.06,3.0,mobile,West,Regular
44.0,68025.63,11.0,desktop,North,Premium
44.0,39877.09,7.0,mobile,North,Premium
22.0,46153.75,7.0,tablet,South,Regular
18.0,28649.03,6.0,tablet,North,Regular
38.0,48559.99,4.0,desktop,West,Regular
19.0,50951.88,7.0,mobile,South,Regular
67.0,71184.85,5.0,desktop,West,Regular
59.0,29299.2,8.0,mobile,East,Budget
22.0,119147.35,5.0,desktop,South,Premium
58.0,52033.65,3.0,mobile,East,Budget
57.0,79630.64,2.0,desktop,South,Regular
55.0,75260.64,9.0,mobile,East,Premium
63.0,12000.0,8.0,mobile,East,Budget
54.0,49225.5,7.0,desktop,South,Regular
44.0,83935.64,2.0,mobile,East,Regular
55.0,12000.0,2.0,desktop,South,Budget
59.0,69844.65,9.0,mobile,West,Regular
48.0,36154.65,3.0,mobile,West,Budget
40.0,45137.93,8.0,desktop,North,Regular
47.0,58946.2,4.0,desktop,West,Regular
36.0,17146.09,9.0,mobile,West,Regular
39.0,58374.38,7.0,mobile,West,Regular
44.0,41536.48,3.0,mobile,West,Budget
56.0,39471.35,7.0,desktop,West,Regular
28.0,68486.79,6.0,desktop,West,Premium
40.0,124605.85,10.0,mobile,South,Premium
33.0,61314.75,4.0,mobile,East,Regular
26.0,65518.66,2.0,mobile,South,Regular
33.0,53434.22,6.0,mobile,North,Regular
33.0,39982.42,9.0,mobile,North,Regular
69.0,59615.32,6.0,desktop,East,Regular
38.0,84806.97,4.0,mobile,South,Regular
35.0,58224.41,9.0,mobile,East,Regular
38.0,72248.91,9.0,mobile,West,Premium
29.0,49893.9,6.0,mobile,South,Regular
65.0,104833.32,13.0,mobile,North,Premium
66.0,21450.91,4.0,desktop,East,Budget
38.0,66122.77,6.0,tablet,East,Regular
25.0,65249.11,3.0,mobile,North,Regular
18.0,59732.97,4.0,mobile,South,Regular
68.0,32071.35,4.0,desktop,East,Budget
61.0,31632.77,5.0,desktop,West,Regular
62.0,49680.78,4.0,tablet,North,Budget
48.0,56364.76,3.0,mobile,East,Budget
51.0,30113.01,6.0,tablet,North,Budget
57.0,33043.71,6.0,desktop,West,Regular
40.0,65563.77,4.0,desktop,South,Regular
60.0,74996.02,5.0,mobile,North,Regular
28.0,43120.24,4.0,desktop,South,Regular
41.0,40367.63,7.0,mobile,West,Regular
23.0,39789.21,4.0,mobile,West,Regular
58.0,103894.41,4.0,desktop,West,Regular
23.0,64114.25,8.0,mobile,East,Regular
44.0,52997.76,4.0,desktop,South,Regular
36.0,74436.31,10.0,tablet,North,Premium
69.0,100224.96,8.0,desktop,East,Premium
39.0,77724.16,6.0,mobile,West,Regular
25.0,25731.75,10.0,desktop,East,Regular
66.0,52576.73,8.0,desktop,North,Regular
46.0,,4.0,mobile,East,Regular
45.0,47412.95,11.0,desktop,West,Premium
50.0,29911.67,7.0,mobile,North,Budget
69.0,46422.95,8.0,desktop,North,Regular
19.0,32551.93,8.0,mobile,South,Regular
55.0,61043.71,4.0,mobile,East,Regular
41.0,55146.23,8.0,desktop,West,Regular
25.0,25920.52,4.0,tablet,West,Budget
65.0,20043.11,8.0,mobile,West,Budget
46.0,44623.99,6.0,mobile,West,Regular
65.0,67271.49,2.0,mobile,North,Regular
26.0,64135.34,9.0,desktop,North,Premium
53.0,52892.5,10.0,tablet,South,Regular
20.0,12000.0,4.0,desktop,West,Budget
69.0,44304.26,5.0,tablet,South,Budget
67.0,39377.9,7.0,mobile,North,Regular
63.0,47492.46,7.0,mobile,North,Regular
35.0,29755.49,5.0,mobile,South,Budget
54.0,45531.65,9.0,tablet,West,Regular
27.0,40875.54,13.0,desktop,West,Premium
61.0,108630.48,6.0,mobile,South,Premium
23.0,68313.71,4.0,desktop,North,Regular
56.0,50329.73,7.0,tablet,South,Regular
51.0,53237.44,8.0,desktop,South,Regular
33.0,51817.48,5.0,desktop,West,Regular
41.0,57975.86,1.0,mobile,South,Budget
42.0,46076.18,8.0,mobile,West,Regular
18.0,53844.33,5.0,mobile,North,Regular
20.0,74784.9,5.0,mobile,East,Regular
55.0,70871.72,4.0,mobile,North,Regular
53.0,60394.13,8.0,mobile,South,Premium
31.0,80912.55,8.0,mobile,South,Premium
41.0,58696.92,6.0,mobile,East,Regular
58.0,34509.73,7.0,mobile,North,Regular
53.0,19145.02,7.0,tablet,North,Budget
43.0,40243.79,7.0,mobile,South,Regular
62.0,52937.13,10.0,desktop,East,Regular
45.0,62184.3,4.0,mobile,South,Regular
18.0,75804.98,7.0,desktop,South,Premium
41.0,42680.67,7.0,mobile,West,Regular
30.0,38039.8,8.0,mobile,South,Regular
53.0,69666.1,8.0,mobile,East,Regular
23.0,77812.66,7.0,mobile,North,Premium
69.0,,5.0,mobile,North,Budget
49.0,60967.01,5.0,desktop,East,Regular
59.0,81788.47,2.0,mobile,North,Regular
41.0,60630.68,7.0,desktop,North,Regular
21.0,53099.08,6.0,mobile,East,Regular
40.0,12503.28,2.0,mobile,East,Budget
43.0,80788.06,4.0,desktop,South,Premium
39.0,67115.0,7.0,mobile,South,Regular
30.0,,4.0,tablet,West,Regular
28.0,44871.18,8.0,mobile,West,Regular
23.0,29199.17,4.0,desktop,East,Regular
43.0,52199.1,9.0,desktop,West,Regular
28.0,52056.28,3.0,mobile,North,Regular
50.0,76209.12,6.0,mobile,South,Regular
30.0,,4.0,desktop,West,Regular
40.0,83106.52,9.0,desktop,East,Premium
67.0,54900.73,6.0,mobile,East,Regular
45.0,78001.6,9.0,desktop,South,Premium
56.0,34746.13,2.0,mobile,West,Budget
53.0,61149.97,6.0,desktop,East,Premium
62.0,78672.02,5.0,mobile,East,Regular
20.0,56498.36,2.0,mobile,East,Regular
54.0,24719.9,5.0,mobile,East,Budget
30.0,47578.74,2.0,desktop,West,Regular
34.0,64933.2,4.0,mobile,South,Regular
65.0,26145.34,3.0,mobile,East,Budget
38.0,25237.29,5.0,mobile,East,Budget
44.0,58914.94,9.0,mobile,West,Regular
40.0,35143.32,11.0,desktop,South,Regular
23.0,67848.8,7.0,desktop,South,Premium
33.0,30630.41,5.0,mobile,East,Budget
25.0,17393.27,8.0,mobile,North,Budget
39.0,38637.41,10.0,desktop,North,Regular
18.0,84118.58,5.0,mobile,West,Premium
58.0,36896.75,4.0,desktop,South,Regular
45.0,54091.88,4.0,mobile,West,Regular
21.0,59146.96,3.0,desktop,South,Regular
69.0,35171.01,6.0,mobile,West,Budget
32.0,76083.0,6.0,desktop,North,Premium
36.0,57760.83,5.0,mobile,North,Regular
42.0,63139.08,10.0,mobile,North,Regular
45.0,20505.6,3.0,desktop,North,Budget
53.0,19148.54,5.0,desktop,North,Budget
45.0,12000.0,8.0,mobile,West,Budget
51.0,50420.44,9.0,mobile,North,Regular
34.0,49629.68,4.0,mobile,West,Regular
55.0,68718.33,6.0,mobile,South,Regular
62.0,83992.73,4.0,desktop,North,Regular
23.0,49154.06,2.0,desktop,North,Regular
24.0,48853.11,10.0,mobile,North,Regular
27.0,63262.97,10.0,mobile,South,Regular
35.0,84870.06,3.0,desktop,South,Premium
34.0,37746.87,6.0,tablet,North,Regular
58.0,66782.57,5.0,mobile,West,Regular
32.0,49300.73,12.0,desktop,West,Premium
64.0,47548.03,5.0,desktop,East,Regular
57.0,70575.16,5.0,desktop,East,Regular
66.0,38421.19,8.0,tablet,North,Regular
69.0,32856.14,4.0,tablet,West,Budget
21.0,67583.4,5.0,mobile,North,Regular
53.0,53755.94,5.0,mobile,West,Regular
63.0,48985.42,5.0,desktop,South,Regular
19.0,51593.8,2.0,mobile,East,Regular
26.0,64213.71,5.0,mobile,North,Regular
33.0,46858.62,2.0,mobile,South,Budget
28.0,69597.61,5.0,mobile,West,Regular
59.0,62564.36,5.0,mobile,East,Regular
24.0,83944.13,11.0,desktop,East,Premium
66.0,79619.34,7.0,mobile,East,Budget
36.0,71441.0,6.0,desktop,West,Premium
48.0,50222.37,6.0,desktop,West,Regular
39.0,56651.97,7.0,mobile,East,Regular
36.0,42416.8,5.0,mobile,North,Regular
62.0,111363.63,10.0,desktop,West,Premium
36.0,49854.13,5.0,mobile,West,Regular
68.0,65421.29,6.0,tablet,East,Regular
50.0,81501.34,6.0,desktop,East,Premium
36.0,27025.14,6.0,mobile,East,Budget
62.0,37776.04,1.0,desktop,East,Budget
32.0,46406.9,4.0,mobile,West,Regular
35.0,34407.98,12.0,mobile,South,Regular
64.0,,12.0,desktop,North,Regular
27.0,43979.42,5.0,tablet,North,Regular
63.0,80190.36,7.0,tablet,North,Regular
18.0,68822.42,6.0,mobile,East,Budget
18.0,55032.76,7.0,mobile,South,Regular
25.0,54906.0,5.0,desktop,South,Regular
49.0,21104.5,4.0,desktop,West,Budget
62.0,68282.97,4.0,desktop,North,Regular
61.0,62875.98,7.0,mobile,North,Regular
50.0,32698.54,2.0,mobile,West,Budget
51.0,58495.96,6.0,mobile,West,Regular
69.0,50504.38,9.0,mobile,North,Regular
67.0,43992.49,5.0,desktop,East,Regular
21.0,34578.59,3.0,tablet,North,Budget
47.0,40847.19,12.0,mobile,North,Regular
37.0,35504.95,5.0,desktop,West,Regular
24.0,63600.61,6.0,mobile,West,Regular
59.0,61680.22,7.0,mobile,North,Regular
46.0,60824.72,5.0,desktop,South,Regular
52.0,50728.23,10.0,desktop,North,Budget
44.0,46222.1,4.0,mobile,West,Regular
21.0,95241.09,11.0,mobile,East,Premium
63.0,17133.62,4.0,desktop,West,Budget
38.0,78322.85,5.0,mobile,South,Regular
29.0,61463.77,4.0,tablet,South,Regular
51.0,55773.9,6.0,mobile,East,Regular
33.0,44211.04,6.0,mobile,West,Budget
53.0,50016.71,7.0,mobile,North,Regular
44.0,30671.25,7.0,mobile,West,Regular
41.0,26643.53,10.0,mobile,East,Regular
23.0,52165.12,3.0,mobile,South,Regular
27.0,21275.23,4.0,mobile,South,Budget
62.0,71192.69,7.0,desktop,North,Premium
68.0,76705.44,3.0,desktop,West,Regular
46.0,12000.0,13.0,desktop,East,Regular
42.0,,5.0,mobile,South,Budget
27.0,59854.36,4.0,desktop,East,Regular
55.0,58654.03,3.0,desktop,East,Regular
51.0,56646.55,9.0,tablet,East,Regular
45.0,62859.52,4.0,mobile,West,Regular
31.0,69356.62,12.0,mobile,West,Premium
22.0,71748.99,9.0,mobile,East,Premium
68.0,90233.27,10.0,desktop,West,Premium
30.0,54974.08,8.0,desktop,North,Premium
51.0,71716.82,7.0,mobile,South,Regular
21.0,21988.11,8.0,mobile,East,Regular
53.0,51822.4,6.0,mobile,East,Regular
27.0,30063.74,10.0,tablet,West,Regular
54.0,82326.34,5.0,desktop,West,Premium
28.0,101165.57,7.0,mobile,North,Premium
43.0,65300.63,7.0,desktop,North,Premium
39.0,28462.03,8.0,desktop,North,Regular
44.0,52223.16,8.0,mobile,West,Regular
34.0,55067.63,5.0,desktop,West,Regular
35.0,58455.03,6.0,desktop,North,Regular
36.0,76272.18,3.0,desktop,North,Regular
51.0,73574.77,4.0,desktop,South,Regular
60.0,12000.0,9.0,mobile,North,Budget
37.0,81831.15,4.0,tablet,West,Regular
19.0,44574.11,9.0,desktop,North,Regular
28.0,43324.78,8.0,mobile,West,Budget
23.0,82843.57,6.0,mobile,North,Premium
50.0,49173.49,7.0,mobile,South,Regular
60.0,27103.85,3.0,tablet,North,Budget
29.0,28004.49,4.0,desktop,West,Regular
45.0,55672.42,8.0,mobile,South,Regular
42.0,72669.4,6.0,desktop,South,Premium
40.0,84542.65,6.0,mobile,East,Premium
64.0,51109.38,9.0,desktop,South,Regular
31.0,45158.49,5.0,desktop,South,Regular
50.0,86989.27,7.0,mobile,West,Premium
46.0,45378.67,6.0,mobile,South,Regular
63.0,83692.51,10.0,mobile,South,Premium
29.0,59223.52,3.0,mobile,North,Regular
66.0,59280.48,5.0,desktop,North,Regular
62.0,49830.72,5.0,tablet,North,Regular
41.0,60473.47,5.0,mobile,South,Regular
60.0,45250.67,5.0,mobile,West,Regular
51.0,40958.89,1.0,mobile,East,Budget
34.0,51836.06,8.0,mobile,South,Regular
62.0,41537.16,7.0,desktop,North,Premium
19.0,60625.22,8.0,mobile,South,Regular
25.0,56248.76,2.0,mobile,West,Regular
64.0,49299.53,10.0,desktop,South,Regular
59.0,50550.66,6.0,tablet,West,Regular
33.0,49973.4,6.0,desktop,East,Regular
69.0,89321.22,5.0,tablet,East,Regular
52.0,54359.57,5.0,desktop,South,Regular
30.0,42665.72,3.0,desktop,East,Regular
62.0,48627.6,5.0,tablet,East,Premium
69.0,67788.6,7.0,desktop,East,Regular
59.0,50530.84,5.0,mobile,South,Regular
50.0,51525.96,6.0,mobile,West,Regular
62.0,,8.0,mobile,East,Regular
59.0,57830.33,5.0,desktop,North,Regular
43.0,62347.42,9.0,desktop,West,Premium
57.0,63406.3,4.0,mobile,West,Premium
61.0,21828.39,6.0,tablet,North,Budget
19.0,33193.78,8.0,mobile,East,Regular
41.0,12000.0,4.0,mobile,North,Premium
66.0,70550.09,6.0,tablet,North,Regular
31.0,76682.56,5.0,mobile,East,Regular
49.0,80519.83,4.0,desktop,South,Premium
43.0,57394.92,7.0,mobile,West,Regular
48.0,77490.81,14.0,desktop,North,Premium
35.0,53779.68,8.0,mobile,West,Regular
51.0,52105.19,7.0,mobile,East,Regular
57.0,,10.0,mobile,South,Regular
56.0,38880.34,1.0,mobile,West,Budget
61.0,42689.1,8.0,mobile,East,Regular
31.0,72875.67,2.0,mobile,North,Regular
25.0,87673.15,5.0,desktop,North,Premium
46.0,45148.8,7.0,mobile,East,Regular
26.0,61964.35,8.0,desktop,West,Premium
50.0,60032.54,6.0,mobile,North,Regular
37.0,,12.0,desktop,North,Premium
55.0,20113.89,6.0,desktop,North,Premium
42.0,39464.66,7.0,mobile,South,Regular
47.0,25792.69,4.0,mobile,West,Budget
67.0,48197.05,7.0,desktop,West,Regular
50.0,51674.58,7.0,mobile,South,Regular
66.0,50886.18,7.0,desktop,North,Regular
30.0,51137.58,5.0,desktop,West,Regular
68.0,64152.37,6.0,mobile,South,Regular
29.0,35879.51,6.0,desktop,North,Regular
55.0,72231.08,3.0,desktop,South,Regular
20.0,21091.15,5.0,mobile,North,Budget
53.0,55727.91,6.0,mobile,East,Regular
63.0,62242.23,6.0,tablet,East,Regular
32.0,38663.29,6.0,mobile,West,Regular
26.0,22623.16,3.0,mobile,West,Budget
37.0,67218.42,4.0,mobile,West,Regular
21.0,41014.21,10.0,tablet,West,Regular
18.0,70073.58,4.0,mobile,East,Regular
40.0,69804.24,6.0,mobile,North,Regular
61.0,54342.01,10.0,mobile,West,Regular
38.0,54426.57,2.0,mobile,East,Regular
32.0,74167.88,6.0,desktop,South,Premium
29.0,61969.55,6.0,mobile,West,Regular
22.0,35827.11,6.0,mobile,North,Regular
38.0,57802.76,10.0,mobile,North,Premium
34.0,65505.82,6.0,mobile,South,Regular
41.0,58495.96,3.0,mobile,East,Regular
34.0,58232.37,5.0,tablet,North,Regular
48.0,51513.28,9.0,desktop,South,Regular
55.0,52090.27,9.0,desktop,West,Regular
18.0,35804.37,6.0,desktop,South,Regular
18.0,25925.68,7.0,mobile,West,Regular
32.0,76892.01,4.0,mobile,West,Regular
29.0,41763.81,3.0,tablet,West,Budget
22.0,58881.27,5.0,mobile,East,Regular
64.0,24542.46,4.0,desktop,West,Budget
22.0,57606.8,9.0,mobile,North,Regular
62.0,37966.11,1.0,mobile,West,Budget
21.0,113565.62,7.0,mobile,West,Premium
50.0,34165.71,6.0,mobile,North,Budget
37.0,35223.64,11.0,mobile,North,Regular
47.0,73221.93,6.0,mobile,West,Regular
45.0,77090.79,4.0,mobile,South,Regular
29.0,12509.96,4.0,desktop,North,Budget
23.0,59517.09,9.0,mobile,East,Premium
63.0,71929.46,3.0,mobile,North,Regular
55.0,30088.97,4.0,desktop,North,Budget
57.0,68044.94,6.0,mobile,West,Regular
50.0,43948.18,6.0,mobile,West,Regular
44.0,34578.54,8.0,mobile,East,Regular
62.0,47458.88,3.0,mobile,North,Budget
26.0,45252.34,9.0,desktop,East,Regular
49.0,26789.26,6.0,mobile,South,Budget
29.0,98929.08,5.0,mobile,South,Premium
51.0,45378.13,3.0,mobile,East,Budget
37.0,39584.98,3.0,mobile,West,Budget
40.0,71410.69,4.0,mobile,North,Regular
35.0,52986.35,8.0,mobile,South,Regular
49.0,80940.19,4.0,mobile,South,Regular
21.0,49115.34,5.0,mobile,West,Regular
58.0,61410.09,10.0,mobile,South,Regular
39.0,56276.24,5.0,mobile,East,Regular
69.0,57735.16,3.0,mobile,East,Budget
41.0,50285.24,4.0,mobile,North,Regular
24.0,52349.76,7.0,mobile,South,Regular
32.0,87723.28,12.0,desktop,South,Premium
41.0,40904.69,4.0,desktop,North,Regular
37.0,43569.16,6.0,mobile,South,Regular
31.0,47595.08,5.0,mobile,North,Regular
35.0,65750.58,4.0,desktop,South,Regular
56.0,62387.11,6.0,mobile,East,Regular
37.0,72990.12,7.0,mobile,South,Regular
26.0,27813.67,8.0,mobile,North,Budget
50.0,59569.07,6.0,mobile,East,Regular
56.0,50921.93,4.0,mobile,North,Regular
43.0,48736.0,12.0,mobile,South,Regular
55.0,57672.57,8.0,desktop,East,Regular
28.0,15346.15,4.0,desktop,West,Budget
25.0,59839.66,9.0,tablet,East,Regular
59.0,57287.91,8.0,desktop,North,Regular
59.0,26080.3,7.0,desktop,East,Regular
44.0,52533.86,5.0,desktop,North,Regular
43.0,85156.67,3.0,mobile,North,Regular
41.0,46725.13,5.0,mobile,East,Regular
29.0,66182.22,3.0,mobile,North,Regular
55.0,49949.62,8.0,desktop,South,Regular
37.0,38328.14,7.0,desktop,South,Regular
57.0,36167.83,7.0,mobile,South,Regular
40.0,46543.72,4.0,desktop,North,Regular
62.0,80200.44,9.0,mobile,South,Premium
62.0,,5.0,tablet,East,Regular
60.0,40428.55,7.0,mobile,North,Regular
31.0,74215.88,4.0,tablet,West,Regular
52.0,51891.65,8.0,mobile,South,Regular
57.0,40730.37,9.0,mobile,South,Regular
55.0,62955.41,8.0,mobile,North,Regular
63.0,36359.99,6.0,desktop,North,Regular
26.0,23324.22,7.0,desktop,West,Regular
52.0,80066.05,3.0,mobile,North,Regular
54.0,18240.71,5.0,mobile,East,Budget
36.0,65160.59,3.0,mobile,West,Regular
31.0,24240.29,6.0,mobile,North,Budget
47.0,53855.07,3.0,mobile,East,Regular
31.0,50518.06,6.0,mobile,West,Regular
48.0,45737.71,6.0,desktop,South,Regular
24.0,12000.0,7.0,mobile,South,Budget
38.0,52286.24,7.0,desktop,West,Regular
38.0,53711.97,6.0,desktop,West,Regular
56.0,36684.23,6.0,desktop,East,Regular
19.0,53106.28,4.0,mobile,West,Regular
36.0,74092.18,8.0,desktop,West,Premium
52.0,40248.12,3.0,mobile,North,Budget
43.0,59541.53,3.0,mobile,West,Regular
56.0,31720.51,8.0,tablet,West,Regular
63.0,62017.52,8.0,desktop,North,Regular
58.0,67107.64,7.0,mobile,West,Regular
35.0,103492.33,6.0,mobile,West,Premium
24.0,72365.4,8.0,tablet,East,Premium
22.0,63031.24,6.0,mobile,West,Regular
51.0,82314.17,4.0,desktop,South,Premium
24.0,34844.59,7.0,mobile,North,Regular
61.0,75657.67,9.0,mobile,East,Premium
48.0,43730.75,6.0,desktop,East,Regular
19.0,42268.15,4.0,mobile,West,Regular
59.0,76127.6,2.0,desktop,West,Premium
28.0,59125.23,4.0,desktop,North,Regular
69.0,80676.62,9.0,desktop,West,Premium
31.0,25924.71,5.0,tablet,East,Budget
46.0,59898.25,5.0,desktop,South,Regular
42.0,44157.88,5.0,mobile,North,Regular
36.0,49203.05,4.0,mobile,South,Regular
26.0,16931.46,9.0,mobile,West,Regular
21.0,73027.61,4.0,desktop,West,Premium
46.0,58697.71,12.0,desktop,North,Premium
69.0,35128.27,7.0,mobile,South,Budget
35.0,28030.31,7.0,mobile,East,Regular
33.0,37439.31,8.0,desktop,North,Regular
52.0,82118.61,5.0,desktop,East,Premium
69.0,52616.0,9.0,mobile,North,Regular
45.0,48026.21,7.0,mobile,East,Regular
68.0,64321.55,8.0,tablet,North,Regular
53.0,54851.69,10.0,mobile,East,Regular
59.0,59195.36,7.0,desktop,North,Regular
30.0,69274.71,5.0,desktop,East,Premium
46.0,61168.76,6.0,mobile,West,Regular
54.0,71945.15,8.0,desktop,North,Premium
36.0,31204.77,6.0,mobile,East,Budget
56.0,55919.31,11.0,mobile,North,Regular
38.0,47717.81,3.0,mobile,North,Regular
55.0,56802.38,3.0,mobile,South,Regular
41.0,53930.27,4.0,tablet,West,Regular
21.0,42238.51,8.0,mobile,East,Regular
23.0,47880.78,6.0,desktop,East,Regular
67.0,73364.28,2.0,desktop,East,Regular
51.0,43909.04,7.0,desktop,North,Premium
47.0,30327.85,9.0,mobile,South,Regular
58.0,66457.43,6.0,desktop,North,Regular
32.0,73887.11,2.0,mobile,East,Regular
37.0,49508.9,3.0,mobile,South,Regular
40.0,57324.92,6.0,mobile,South,Regular
52.0,38384.71,5.0,mobile,North,Budget
44.0,50862.06,2.0,tablet,West,Budget
32.0,76569.31,3.0,desktop,North,Regular
44.0,70593.65,4.0,mobile,North,Regular
37.0,57778.52,5.0,tablet,North,Regular
30.0,49487.89,7.0,mobile,South,Regular
27.0,22938.46,4.0,mobile,North,Budget
31.0,61081.41,7.0,mobile,East,Regular
46.0,63890.36,6.0,desktop,South,Regular
36.0,75587.46,3.0,mobile,South,Regular
39.0,94425.37,5.0,mobile,North,Premium
58.0,62315.04,8.0,tablet,South,Regular
54.0,73694.57,11.0,mobile,West,Premium
40.0,33073.11,6.0,mobile,East,Budget
47.0,78566.02,7.0,mobile,West,Regular
20.0,71964.2,3.0,mobile,North,Regular
39.0,81669.64,5.0,mobile,North,Regular
41.0,68200.0,6.0,desktop,South,Premium
33.0,63850.38,5.0,desktop,West,Regular
28.0,83938.74,4.0,mobile,North,Regular
56.0,42011.4,5.0,desktop,East,Regular
18.0,67620.9,5.0,desktop,East,Premium
68.0,76219.19,5.0,desktop,West,Regular
68.0,39680.9,6.0,desktop,South,Regular
50.0,32520.68,1.0,mobile,North,Budget
33.0,63540.37,7.0,mobile,East,Regular
33.0,57501.59,4.0,mobile,North,Regular
45.0,66980.44,1.0,desktop,East,Regular
52.0,67689.7,5.0,desktop,West,Regular
36.0,40143.83,4.0,mobile,East,Budget
40.0,61726.1,4.0,mobile,North,Regular
20.0,77157.46,8.0,mobile,North,Premium
64.0,48222.18,5.0,desktop,East,Regular
64.0,49605.32,8.0,desktop,South,Regular
31.0,33173.27,5.0,tablet,West,Budget
66.0,71122.99,5.0,mobile,North,Regular
62.0,93270.95,3.0,mobile,South,Regular
27.0,28493.66,3.0,desktop,East,Regular
25.0,70076.89,6.0,mobile,West,Regular
39.0,72831.01,10.0,desktop,South,Premium
53.0,44307.74,10.0,desktop,East,Regular
37.0,47975.49,5.0,mobile,North,Regular
56.0,34861.15,5.0,desktop,South,Regular
26.0,39978.63,6.0,mobile,South,Regular
66.0,58493.51,5.0,mobile,East,Regular
52.0,67989.1,10.0,mobile,East,Premium
31.0,57556.12,7.0,mobile,North,Regular
58.0,71961.54,8.0,mobile,East,Regular
39.0,59285.88,6.0,desktop,North,Regular
57.0,32511.73,8.0,desktop,East,Regular
54.0,83609.52,6.0,mobile,North,Regular
53.0,78412.54,9.0,desktop,South,Premium
24.0,41480.51,3.0,mobile,North,Budget
18.0,89889.43,6.0,desktop,North,Premium
54.0,64495.9,5.0,tablet,East,Regular
29.0,57935.32,1.0,mobile,South,Regular
21.0,92749.04,6.0,mobile,South,Premium
44.0,12000.0,3.0,mobile,North,Budget
66.0,24082.84,8.0,desktop,East,Regular
54.0,69247.86,4.0,mobile,East,Regular
33.0,50612.44,2.0,desktop,East,Regular
38.0,36958.8,8.0,mobile,North,Regular
54.0,84818.98,2.0,desktop,North,Regular
41.0,64932.25,4.0,desktop,South,Regular
47.0,30559.14,9.0,mobile,South,Regular
61.0,42577.33,7.0,desktop,South,Regular
20.0,71942.51,3.0,mobile,North,Regular
19.0,90281.81,5.0,mobile,South,Premium
64.0,16423.71,6.0,desktop,West,Budget
31.0,60363.87,6.0,mobile,East,Regular
60.0,48058.32,10.0,tablet,South,Regular
33.0,21442.79,4.0,mobile,East,Budget
62.0,52274.12,7.0,mobile,South,Regular
69.0,24266.45,10.0,tablet,East,Regular
65.0,45061.08,14.0,desktop,North,Premium
29.0,87094.14,12.0,desktop,East,Premium
44.0,65570.61,9.0,mobile,North,Regular
20.0,70794.37,5.0,mobile,South,Regular
31.0,67257.12,4.0,desktop,South,Regular
39.0,62489.06,7.0,tablet,North,Regular
19.0,74552.52,8.0,mobile,North,Premium
51.0,32859.63,6.0,mobile,North,Budget
28.0,48587.39,2.0,desktop,East,Regular
25.0,72254.71,4.0,desktop,West,Premium
51.0,41420.32,10.0,desktop,West,Premium
61.0,47092.63,5.0,desktop,West,Regular
69.0,79193.35,5.0,mobile,West,Regular
28.0,85586.4,5.0,desktop,East,Premium
58.0,43850.65,8.0,mobile,North,Regular
54.0,39763.42,9.0,mobile,East,Regular
60.0,,5.0,desktop,North,Regular
26.0,60987.89,5.0,mobile,South,Regular
42.0,42577.42,5.0,desktop,North,Regular
63.0,67362.01,6.0,mobile,West,Regular
47.0,66539.08,4.0,desktop,South,Regular
28.0,57319.77,4.0,mobile,East,Regular
18.0,113102.23,9.0,mobile,South,Premium
56.0,82281.6,5.0,mobile,South,Regular
21.0,71665.09,5.0,desktop,East,Premium
61.0,75748.12,5.0,mobile,South,Regular
52.0,113582.32,7.0,mobile,West,Premium
31.0,77209.07,8.0,mobile,West,Premium
29.0,41750.65,7.0,desktop,East,Regular
22.0,62059.6,5.0,desktop,North,Regular
35.0,57229.72,4.0,tablet,West,Regular
48.0,44715.71,2.0,mobile,South,Budget
33.0,60882.25,5.0,desktop,West,Regular
43.0,60715.95,9.0,desktop,North,Premium
50.0,54721.26,3.0,mobile,West,Regular
42.0,46312.81,3.0,desktop,South,Regular
30.0,72007.27,5.0,desktop,South,Premium
58.0,24642.84,3.0,mobile,East,Budget
55.0,71926.5,10.0,desktop,South,Premium
42.0,56016.28,11.0,mobile,South,Regular
27.0,61199.37,8.0,desktop,South,Premium
43.0,12000.0,10.0,mobile,West,Budget
36.0,88676.76,7.0,mobile,East,Premium
43.0,22010.51,9.0,desktop,South,Regular
24.0,38938.33,5.0,mobile,West,Regular
41.0,68424.21,4.0,mobile,South,Premium
20.0,43991.43,8.0,mobile,South,Regular
39.0,47876.15,7.0,mobile,West,Regular
54.0,12167.83,8.0,mobile,East,Budget
26.0,47312.07,9.0,desktop,North,Premium
24.0,60000.48,5.0,mobile,South,Regular
33.0,69132.43,7.0,mobile,South,Regular
65.0,50242.28,7.0,desktop,West,Regular
31.0,60146.1,10.0,desktop,East,Premium
66.0,64435.47,8.0,mobile,West,Regular
30.0,42675.53,2.0,mobile,West,Budget
20.0,41179.91,9.0,desktop,North,Regular
58.0,94246.64,8.0,mobile,West,Premium
24.0,39221.05,11.0,desktop,South,Premium
23.0,80007.03,2.0,desktop,North,Regular
45.0,57268.89,4.0,desktop,South,Regular
28.0,84717.24,5.0,desktop,West,Premium
49.0,43377.51,4.0,desktop,North,Regular
45.0,66020.77,6.0,tablet,East,Regular
55.0,62373.36,7.0,mobile,South,Budget
34.0,51445.53,9.0,desktop,East,Premium
32.0,61974.75,5.0,mobile,East,Regular
30.0,40846.11,7.0,mobile,East,Regular
56.0,54322.21,5.0,mobile,West,Regular
37.0,48074.95,4.0,mobile,East,Regular
62.0,,5.0,mobile,East,Regular
44.0,54117.87,5.0,mobile,East,Regular
59.0,28613.75,11.0,mobile,North,Regular
53.0,48615.11,5.0,mobile,West,Regular
54.0,53976.98,5.0,mobile,West,Regular
68.0,38203.43,7.0,desktop,North,Regular
41.0,81980.36,5.0,tablet,North,Regular
62.0,63831.23,9.0,desktop,East,Premium
60.0,72419.86,6.0,mobile,East,Regular
40.0,40924.32,3.0,desktop,West,Regular
54.0,48088.24,7.0,desktop,South,Regular
41.0,75668.22,2.0,desktop,North,Regular
52.0,27821.32,7.0,mobile,West,Budget
39.0,63108.93,6.0,tablet,East,Regular
43.0,57658.69,7.0,mobile,South,Regular
30.0,46096.38,5.0,mobile,South,Regular
51.0,57676.92,4.0,tablet,South,Regular
67.0,34801.57,4.0,desktop,West,Budget
36.0,60308.61,10.0,mobile,East,Regular
21.0,32035.1,13.0,mobile,North,Regular
54.0,30860.08,7.0,desktop,North,Regular
28.0,83345.9,5.0,mobile,South,Regular
54.0,42138.87,5.0,desktop,South,Regular
52.0,14415.56,6.0,tablet,West,Budget
67.0,75027.19,7.0,mobile,East,Regular
48.0,40744.06,7.0,mobile,South,Regular
24.0,12000.0,12.0,mobile,East,Regular
32.0,54776.72,4.0,mobile,North,Budget
32.0,74118.29,5.0,desktop,North,Premium
66.0,62816.9,5.0,desktop,West,Regular
62.0,89687.43,6.0,mobile,North,Regular
39.0,53449.83,6.0,mobile,East,Regular
63.0,67673.08,5.0,mobile,West,Regular
49.0,36119.78,5.0,desktop,East,Regular
34.0,59125.18,4.0,desktop,West,Regular
22.0,86003.47,7.0,mobile,East,Premium
65.0,65824.66,6.0,mobile,East,Regular
64.0,59116.42,5.0,mobile,East,Regular
56.0,17068.93,6.0,mobile,East,Budget
23.0,48513.57,4.0,desktop,North,Regular
46.0,30589.25,7.0,mobile,West,Regular
38.0,71203.16,8.0,mobile,South,Regular
53.0,41397.51,4.0,tablet,West,Budget
64.0,63036.13,4.0,desktop,South,Regular
45.0,36228.75,5.0,mobile,West,Budget
67.0,93028.06,2.0,desktop,West,Regular
28.0,32862.26,3.0,mobile,West,Budget
65.0,58637.9,3.0,mobile,East,Regular
63.0,107655.25,5.0,mobile,West,Premium
61.0,60162.69,9.0,mobile,South,Budget
67.0,38760.17,0.0,tablet,South,Budget
30.0,68030.46,2.0,mobile,South,Regular
28.0,75456.76,5.0,desktop,East,Premium
19.0,73076.33,6.0,desktop,North,Regular
57.0,17165.0,5.0,mobile,East,Budget
41.0,60200.64,2.0,mobile,North,Regular
33.0,14055.31,5.0,mobile,West,Budget
21.0,93325.75,5.0,mobile,North,Budget
31.0,57353.05,5.0,mobile,West,Regular
67.0,46864.63,4.0,mobile,North,Budget
21.0,69206.18,9.0,tablet,East,Premium
18.0,65562.14,8.0,desktop,South,Premium
31.0,32590.87,3.0,mobile,East,Budget
34.0,87983.07,7.0,mobile,South,Premium
28.0,51167.76,6.0,mobile,North,Regular
28.0,21278.33,8.0,desktop,West,Regular
46.0,83576.6,4.0,desktop,East,Premium
18.0,86216.07,5.0,mobile,West,Premium
69.0,80732.84,5.0,mobile,North,Regular
43.0,66795.58,1.0,desktop,West,Regular
37.0,38359.19,9.0,desktop,South,Regular
21.0,74481.85,5.0,mobile,North,Regular
28.0,92698.28,7.0,mobile,East,Premium
64.0,72071.43,1.0,mobile,West,Regular
35.0,,3.0,mobile,South,Regular
53.0,40660.06,7.0,tablet,East,Regular
26.0,76136.32,7.0,mobile,South,Premium
37.0,74515.62,3.0,mobile,North,Regular
34.0,26530.48,5.0,desktop,South,Regular
61.0,23834.36,5.0,mobile,South,Budget
38.0,41765.97,5.0,desktop,West,Regular
59.0,57619.38,4.0,mobile,East,Regular
65.0,64976.78,2.0,mobile,North,Regular
34.0,51552.84,1.0,mobile,East,Budget
28.0,54730.24,5.0,mobile,East,Regular
62.0,53788.45,7.0,desktop,South,Regular
66.0,57766.97,6.0,desktop,West,Regular
66.0,67597.42,3.0,desktop,East,Regular
24.0,65855.8,6.0,mobile,South,Regular
50.0,54950.33,4.0,tablet,East,Regular
24.0,61171.47,7.0,desktop,East,Premium
36.0,47100.7,6.0,desktop,West,Regular
39.0,71829.83,7.0,mobile,North,Regular
64.0,46047.48,8.0,desktop,North,Regular
56.0,88581.73,5.0,mobile,South,Regular
67.0,55576.06,9.0,desktop,East,Regular
61.0,61488.71,5.0,desktop,West,Regular
36.0,40977.69,6.0,mobile,North,Regular
62.0,49214.25,5.0,desktop,North,Regular
22.0,59323.99,5.0,mobile,East,Regular
28.0,56434.79,9.0,tablet,North,Regular
63.0,43730.44,5.0,mobile,East,Budget
20.0,33023.31,6.0,mobile,East,Regular
52.0,56858.23,6.0,mobile,East,Regular
64.0,59116.79,5.0,mobile,North,Regular
30.0,66961.77,4.0,desktop,North,Regular
54.0,80811.47,4.0,desktop,South,Regular
47.0,49866.32,10.0,desktop,South,Premium
54.0,16468.45,6.0,tablet,South,Budget
34.0,53229.98,3.0,desktop,North,Regular
24.0,19423.35,6.0,desktop,North,Regular
65.0,30537.51,6.0,mobile,East,Budget
23.0,76532.47,10.0,desktop,West,Premium
35.0,67331.17,8.0,mobile,North,Regular
18.0,43278.55,5.0,tablet,East,Regular
28.0,43460.65,6.0,mobile,North,Regular
51.0,54313.09,3.0,desktop,North,Budget
20.0,21207.24,8.0,mobile,South,Regular
29.0,65630.57,7.0,desktop,North,Premium
35.0,49152.98,8.0,mobile,North,Budget
35.0,92666.59,7.0,mobile,West,Premium
69.0,35028.96,9.0,desktop,East,Regular
27.0,76042.32,11.0,mobile,South,Premium
29.0,42548.57,4.0,desktop,North,Regular
57.0,76388.6,4.0,desktop,North,Regular
41.0,36632.95,2.0,desktop,North,Budget
43.0,70703.91,6.0,desktop,West,Premium
68.0,47351.87,4.0,desktop,East,Regular
28.0,39697.84,7.0,mobile,East,Regular
18.0,53119.45,6.0,mobile,North,Regular
63.0,65586.57,6.0,desktop,North,Regular
33.0,64160.69,7.0,tablet,North,Regular
34.0,87528.78,2.0,desktop,West,Premium
60.0,72466.04,10.0,mobile,East,Premium
50.0,12000.0,8.0,mobile,East,Budget
22.0,48143.71,10.0,desktop,South,Premium
64.0,16455.8,7.0,mobile,East,Budget
66.0,48475.05,4.0,mobile,South,Budget
18.0,68538.93,9.0,mobile,North,Premium
61.0,29497.33,10.0,mobile,South,Regular
27.0,32614.51,7.0,mobile,South,Regular
25.0,58996.66,5.0,mobile,West,Regular
57.0,50383.65,7.0,mobile,South,Regular
48.0,87661.12,4.0,mobile,South,Regular
40.0,62550.82,7.0,desktop,East,Premium
46.0,66734.36,5.0,mobile,West,Regular
28.0,90986.83,4.0,mobile,North,Premium
54.0,46149.17,7.0,mobile,North,Regular
36.0,56107.42,5.0,mobile,North,Regular
33.0,36365.87,7.0,mobile,South,Regular
47.0,61283.05,8.0,mobile,West,Regular
37.0,76766.1,7.0,mobile,South,Regular
21.0,83419.14,5.0,desktop,West,Premium
30.0,55425.63,4.0,mobile,South,Regular
68.0,41980.78,8.0,mobile,East,Regular
33.0,40885.49,4.0,desktop,North,Regular
38.0,28359.28,7.0,desktop,South,Regular
27.0,58584.43,6.0,mobile,West,Regular
20.0,83268.97,10.0,mobile,North,Premium
65.0,12000.0,10.0,mobile,West,Budget
48.0,12786.01,6.0,mobile,South,Budget
64.0,84135.74,6.0,mobile,East,Regular
61.0,24075.8,6.0,mobile,North,Budget
36.0,62792.86,5.0,mobile,North,Budget
43.0,31078.94,8.0,desktop,South,Regular
54.0,71809.52,4.0,tablet,West,Regular
58.0,71825.02,6.0,mobile,East,Regular
43.0,59588.65,3.0,tablet,West,Regular
19.0,72695.93,11.0,desktop,West,Premium
32.0,57237.39,9.0,mobile,North,Regular
34.0,67494.33,4.0,desktop,East,Regular
36.0,92658.13,3.0,desktop,East,Premium
48.0,78179.04,4.0,desktop,East,Regular
68.0,43120.37,6.0,tablet,West,Regular
25.0,,1.0,desktop,East,Regular
35.0,51510.83,8.0,mobile,South,Budget
31.0,51709.69,8.0,mobile,West,Regular
48.0,57718.42,3.0,tablet,South,Budget
60.0,44230.87,5.0,mobile,West,Regular
67.0,69334.31,2.0,mobile,North,Regular
44.0,57067.23,5.0,mobile,North,Regular
33.0,63541.45,6.0,mobile,South,Budget
29.0,56466.74,5.0,desktop,North,Regular
60.0,68617.31,8.0,tablet,East,Regular
20.0,32441.68,5.0,mobile,West,Regular
23.0,87926.4,5.0,desktop,East,Premium
21.0,63282.24,8.0,tablet,North,Regular
56.0,65351.16,7.0,desktop,East,Regular
62.0,68591.62,5.0,mobile,North,Regular
59.0,78004.04,7.0,mobile,East,Regular
32.0,71109.51,8.0,desktop,South,Premium
61.0,61145.96,2.0,mobile,East,Regular
18.0,52788.89,3.0,tablet,West,Premium
68.0,23564.73,9.0,mobile,South,Budget
49.0,60714.35,3.0,desktop,West,Regular
54.0,,7.0,desktop,West,Regular
23.0,50181.12,9.0,mobile,West,Regular
68.0,104510.92,4.0,desktop,West,Premium
38.0,19299.14,5.0,mobile,East,Budget
32.0,57586.77,6.0,desktop,South,Regular
62.0,80710.3,5.0,desktop,South,Premium
45.0,75694.06,7.0,mobile,East,Regular
24.0,81276.13,7.0,mobile,East,Premium
29.0,31156.21,7.0,mobile,North,Regular
36.0,37295.7,7.0,desktop,East,Regular
22.0,68890.71,5.0,mobile,West,Regular
44.0,50604.92,2.0,desktop,South,Regular
40.0,90751.72,7.0,mobile,West,Premium
51.0,61108.85,5.0,tablet,West,Regular
55.0,60471.91,5.0,mobile,West,Regular
25.0,65377.27,5.0,desktop,North,Regular
58.0,51140.95,5.0,mobile,East,Regular
60.0,,8.0,mobile,East,Regular
18.0,43104.06,5.0,desktop,East,Regular
57.0,55862.04,4.0,mobile,North,Regular
66.0,46950.28,5.0,mobile,West,Regular
38.0,61745.34,4.0,mobile,East,Regular
30.0,28304.61,6.0,desktop,East,Regular
46.0,26808.81,7.0,mobile,South,Budget
33.0,65835.82,7.0,desktop,East,Premium
28.0,61184.81,7.0,mobile,South,Regular
61.0,37389.31,8.0,mobile,West,Regular
49.0,52134.66,7.0,mobile,North,Regular
64.0,35703.66,4.0,mobile,West,Budget
55.0,97479.25,8.0,desktop,West,Premium
56.0,25437.46,5.0,mobile,South,Budget
58.0,90949.87,7.0,mobile,West,Premium
35.0,40240.19,3.0,mobile,East,Budget
24.0,65126.34,4.0,desktop,North,Regular
42.0,51461.42,5.0,mobile,East,Regular
68.0,49103.5,6.0,desktop,East,Regular
61.0,,11.0,desktop,South,Premium
55.0,73038.67,0.0,mobile,West,Regular
36.0,50946.25,7.0,desktop,South,Regular
28.0,38559.37,5.0,mobile,South,Regular
59.0,98188.29,3.0,mobile,East,Regular
40.0,84820.55,7.0,mobile,South,Premium
58.0,59574.35,12.0,mobile,North,Premium
28.0,50814.18,6.0,desktop,South,Regular
42.0,62619.17,5.0,desktop,West,Regular
59.0,58404.84,7.0,tablet,East,Regular
64.0,80686.52,7.0,desktop,North,Premium
20.0,37463.36,7.0,desktop,South,Regular
37.0,57188.26,5.0,desktop,North,Regular
31.0,41095.31,7.0,desktop,East,Regular
56.0,82908.95,6.0,mobile,North,Regular
58.0,92836.94,10.0,tablet,North,Premium
51.0,54952.82,12.0,mobile,North,Regular
56.0,67575.56,7.0,desktop,South,Premium
35.0,84908.74,2.0,mobile,North,Regular
21.0,50801.26,6.0,desktop,West,Regular
45.0,38122.3,7.0,mobile,South,Regular
19.0,77596.49,6.0,mobile,North,Premium
49.0,66926.07,4.0,desktop,North,Regular
49.0,52653.29,9.0,mobile,North,Regular
45.0,86016.76,8.0,desktop,South,Premium
61.0,61530.33,5.0,desktop,North,Regular
23.0,21204.92,5.0,mobile,East,Budget
39.0,63738.1,9.0,tablet,South,Regular
69.0,55627.11,10.0,desktop,West,Regular
31.0,94426.19,1.0,mobile,East,Regular
68.0,56486.44,4.0,desktop,North,Regular
18.0,52693.82,8.0,desktop,South,Premium
19.0,65558.35,5.0,mobile,South,Regular
29.0,61723.64,2.0,desktop,North,Premium
67.0,28666.2,5.0,tablet,West,Budget
51.0,59220.15,3.0,mobile,South,Regular
45.0,50275.53,8.0,mobile,South,Regular
24.0,84921.98,6.0,mobile,North,Premium
24.0,104833.91,7.0,desktop,South,Premium
62.0,34484.47,9.0,mobile,North,Regular
60.0,37524.23,6.0,desktop,South,Regular
21.0,39993.65,4.0,mobile,West,Regular
40.0,43704.84,6.0,mobile,North,Regular
46.0,43034.96,2.0,desktop,East,Regular
55.0,57923.8,3.0,desktop,North,Regular
18.0,78626.4,8.0,desktop,South,Premium
61.0,30827.47,7.0,desktop,West,Regular
45.0,26078.02,4.0,mobile,West,Budget
45.0,20002.5,5.0,mobile,East,Budget
36.0,78955.3,3.0,mobile,West,Regular
20.0,83393.34,8.0,mobile,West,Premium
66.0,26165.09,7.0,mobile,East,Budget
60.0,24234.51,4.0,mobile,East,Budget
61.0,59466.69,6.0,mobile,West,Regular
54.0,78720.26,4.0,mobile,East,Regular
43.0,77162.3,8.0,tablet,West,Premium
65.0,60739.57,5.0,mobile,East,Regular
23.0,70511.7,4.0,mobile,East,Regular
32.0,63417.52,6.0,mobile,North,Regular
41.0,45787.22,5.0,mobile,South,Regular
58.0,95049.81,3.0,mobile,East,Regular
35.0,56854.07,7.0,mobile,South,Regular
63.0,34635.42,6.0,mobile,West,Budget
34.0,47521.23,6.0,mobile,East,Regular
36.0,26039.87,3.0,mobile,East,Budget
34.0,57218.49,6.0,tablet,North,Regular
39.0,78816.56,11.0,desktop,North,Premium
60.0,31579.08,5.0,mobile,East,Budget
35.0,79435.3,5.0,desktop,East,Premium
43.0,98764.13,5.0,desktop,North,Premium
18.0,64460.46,6.0,desktop,North,Premium
46.0,33727.89,4.0,mobile,South,Budget
30.0,39823.56,5.0,mobile,West,Regular
43.0,50197.38,9.0,mobile,North,Regular
35.0,31247.4,7.0,desktop,North,Regular
37.0,31884.32,4.0,mobile,North,Budget
23.0,51698.01,3.0,desktop,South,Regular
41.0,53285.19,5.0,mobile,East,Regular
57.0,69011.36,8.0,desktop,South,Premium
49.0,32891.23,8.0,mobile,North,Regular
40.0,94355.88,6.0,mobile,East,Premium
62.0,78133.93,9.0,mobile,West,Premium
47.0,74717.03,3.0,mobile,South,Regular
49.0,43870.86,8.0,desktop,South,Regular
32.0,91702.86,5.0,tablet,South,Premium
53.0,50035.32,11.0,desktop,South,Premium
36.0,93229.88,5.0,tablet,East,Premium
28.0,78335.51,4.0,mobile,North,Regular
57.0,38954.12,4.0,mobile,West,Regular
48.0,47810.96,5.0,mobile,North,Regular
42.0,94341.11,4.0,desktop,East,Premium
55.0,76943.27,7.0,mobile,North,Regular
49.0,53794.08,3.0,desktop,East,Regular
57.0,60987.43,7.0,mobile,West,Regular
39.0,60877.91,9.0,tablet,South,Regular
69.0,41437.4,4.0,desktop,East,Regular
46.0,52898.63,5.0,mobile,East,Regular
42.0,43696.75,5.0,mobile,South,Regular
64.0,48325.78,11.0,desktop,South,Regular
69.0,66246.27,1.0,desktop,South,Regular
31.0,37740.14,5.0,desktop,West,Regular
30.0,71447.71,5.0,mobile,South,Regular
44.0,59105.19,2.0,mobile,East,Regular
21.0,72175.36,0.0,mobile,South,Regular
53.0,,4.0,desktop,South,Regular
53.0,81865.68,5.0,tablet,South,Regular
22.0,69488.45,7.0,mobile,West,Regular
31.0,71069.62,9.0,mobile,South,Premium
68.0,53301.16,6.0,mobile,North,Regular
27.0,68306.08,9.0,desktop,East,Premium
43.0,38866.16,11.0,mobile,East,Regular
53.0,51973.11,7.0,mobile,North,Regular
30.0,71908.78,4.0,desktop,East,Premium
35.0,55862.27,8.0,mobile,East,Regular
57.0,65837.47,5.0,tablet,West,Regular
40.0,35738.41,6.0,desktop,East,Premium
60.0,84308.01,10.0,desktop,West,Premium
21.0,45344.55,6.0,mobile,North,Regular
50.0,64828.84,6.0,mobile,North,Regular
35.0,56445.48,7.0,desktop,West,Budget
65.0,75592.66,3.0,desktop,West,Regular
40.0,49235.94,5.0,tablet,East,Regular
22.0,36859.46,3.0,mobile,West,Budget
61.0,18865.78,5.0,mobile,North,Budget
45.0,50757.74,9.0,mobile,East,Regular
21.0,32967.28,2.0,mobile,West,Budget
56.0,67616.54,7.0,mobile,East,Regular
48.0,85795.32,7.0,desktop,East,Regular
65.0,12292.17,9.0,tablet,South,Budget
54.0,31046.49,8.0,mobile,West,Regular
51.0,63093.25,2.0,desktop,South,Regular
29.0,81647.64,5.0,desktop,North,Budget
49.0,63025.58,9.0,tablet,East,Regular
26.0,63395.83,9.0,mobile,West,Budget
38.0,67041.62,7.0,desktop,West,Premium
40.0,68431.97,8.0,desktop,North,Premium
47.0,89863.07,8.0,desktop,East,Premium
28.0,69181.77,4.0,mobile,North,Regular
46.0,32005.19,8.0,mobile,South,Regular
34.0,47415.76,3.0,mobile,North,Regular
65.0,61104.25,7.0,desktop,East,Regular
69.0,40610.97,5.0,tablet,West,Budget
61.0,51657.23,5.0,desktop,East,Regular
30.0,46342.3,7.0,desktop,South,Regular
56.0,42823.33,2.0,desktop,West,Regular
69.0,70821.78,6.0,desktop,North,Regular
66.0,49075.78,3.0,tablet,East,Budget
63.0,34957.02,5.0,desktop,North,Regular
21.0,42523.89,8.0,desktop,West,Regular
25.0,57644.39,4.0,mobile,North,Budget
58.0,99315.0,5.0,mobile,West,Premium
33.0,62083.59,4.0,mobile,North,Regular
42.0,86706.86,4.0,mobile,North,Regular
43.0,66826.82,5.0,mobile,West,Regular
57.0,13702.81,3.0,mobile,East,Budget
56.0,64500.45,5.0,mobile,East,Budget
33.0,39761.96,7.0,desktop,East,Regular
59.0,,3.0,mobile,East,Budget
42.0,35223.19,8.0,desktop,North,Budget
48.0,92841.14,5.0,desktop,South,Budget
60.0,25139.56,3.0,desktop,East,Budget
32.0,44415.13,6.0,mobile,South,Regular
19.0,80177.33,5.0,desktop,East,Premium
52.0,70250.17,2.0,mobile,East,Regular
33.0,22463.33,6.0,desktop,South,Regular
31.0,54638.03,8.0,desktop,East,Premium
43.0,46487.12,6.0,mobile,West,Regular
63.0,52937.67,2.0,mobile,North,Budget
62.0,71996.45,7.0,desktop,South,Premium
55.0,45265.38,7.0,mobile,East,Regular
32.0,50421.01,8.0,mobile,East,Regular
67.0,86238.91,2.0,mobile,East,Regular
60.0,19754.74,6.0,mobile,South,Budget
19.0,49355.57,5.0,desktop,North,Regular
30.0,66308.86,8.0,mobile,South,Regular
24.0,31758.94,13.0,desktop,West,Premium
33.0,44149.62,5.0,mobile,East,Regular
53.0,30380.3,5.0,tablet,North,Budget
46.0,59974.63,4.0,mobile,West,Regular
25.0,44288.78,5.0,desktop,North,Regular
52.0,72685.69,10.0,desktop,North,Premium
48.0,77400.8,8.0,mobile,South,Premium
63.0,57766.36,6.0,mobile,South,Regular
34.0,49183.02,12.0,mobile,South,Regular
63.0,62075.05,4.0,tablet,West,Regular
52.0,57988.0,4.0,desktop,South,Budget
31.0,32305.75,6.0,mobile,West,Regular
34.0,78411.18,5.0,desktop,South,Premium
56.0,61369.99,4.0,desktop,West,Regular
53.0,72709.97,8.0,desktop,South,Premium
51.0,29378.0,10.0,mobile,South,Regular
38.0,74480.12,4.0,mobile,North,Regular
38.0,99264.77,6.0,mobile,North,Premium
47.0,69223.3,5.0,mobile,South,Regular
58.0,27581.63,5.0,mobile,South,Budget
31.0,57547.65,9.0,desktop,South,Premium
64.0,55611.8,2.0,mobile,West,Budget
28.0,61194.83,4.0,mobile,North,Regular
42.0,52084.65,12.0,desktop,West,Premium
34.0,66788.04,12.0,mobile,North,Premium
65.0,47418.21,3.0,desktop,South,Regular
27.0,61419.99,6.0,desktop,East,Regular
24.0,42896.82,9.0,mobile,North,Regular
53.0,58774.74,6.0,mobile,West,Regular
26.0,76851.89,7.0,desktop,East,Premium
69.0,46876.98,5.0,tablet,West,Budget
57.0,70224.17,9.0,mobile,South,Regular
63.0,38874.68,5.0,desktop,East,Regular
33.0,,9.0,mobile,North,Regular
56.0,51992.59,4.0,mobile,South,Regular
48.0,81907.02,6.0,desktop,South,Premium
40.0,41297.48,5.0,desktop,East,Regular
43.0,81332.62,6.0,mobile,South,Regular
18.0,27183.29,8.0,mobile,South,Regular
25.0,53555.3,2.0,desktop,South,Regular
24.0,75161.23,3.0,mobile,North,Regular
57.0,70771.7,5.0,mobile,South,Regular
31.0,36354.59,7.0,desktop,West,Regular
56.0,32037.65,3.0,mobile,East,Budget
54.0,74443.12,8.0,desktop,North,Premium
25.0,31252.88,6.0,mobile,North,Regular
34.0,68428.05,7.0,mobile,West,Regular
31.0,,5.0,desktop,West,Regular
23.0,56490.23,7.0,desktop,South,Premium
59.0,103471.77,6.0,mobile,East,Budget
37.0,88022.44,6.0,mobile,South,Premium
65.0,73673.45,6.0,desktop,South,Regular
61.0,28883.5,5.0,desktop,South,Regular
63.0,63162.53,6.0,mobile,East,Regular
56.0,57770.92,2.0,mobile,South,Budget
44.0,54662.81,10.0,tablet,West,Regular
40.0,83703.15,10.0,tablet,West,Premium
37.0,21949.67,4.0,mobile,South,Budget
50.0,,7.0,mobile,South,Regular
41.0,59231.95,7.0,desktop,North,Regular
62.0,41496.56,4.0,desktop,East,Regular
27.0,91577.42,7.0,mobile,West,Premium
37.0,31044.35,8.0,mobile,South,Regular
43.0,57225.33,3.0,desktop,West,Regular
32.0,58276.41,8.0,mobile,West,Regular
30.0,12330.66,2.0,mobile,North,Budget
47.0,27724.33,5.0,mobile,East,Budget
26.0,37036.92,10.0,mobile,North,Regular
58.0,72578.78,6.0,desktop,East,Regular
37.0,75768.13,7.0,desktop,North,Premium
57.0,68662.2,4.0,desktop,West,Regular
21.0,61493.4,7.0,mobile,East,Regular
58.0,12147.06,7.0,desktop,East,Budget
42.0,60996.4,7.0,desktop,South,Regular
62.0,,7.0,desktop,West,Regular
54.0,80318.64,3.0,desktop,West,Regular
59.0,83855.47,4.0,mobile,East,Regular
51.0,101894.55,4.0,mobile,East,Premium
23.0,70963.21,8.0,mobile,North,Premium
68.0,73111.37,8.0,desktop,West,Premium
38.0,35728.4,12.0,desktop,West,Regular
64.0,58205.51,11.0,mobile,West,Regular
44.0,31583.92,11.0,tablet,South,Regular
50.0,74752.3,6.0,mobile,South,Regular
27.0,32406.54,5.0,desktop,North,Premium
64.0,52242.16,4.0,tablet,East,Regular
59.0,39958.81,7.0,mobile,South,Regular
41.0,47073.66,6.0,mobile,West,Regular
39.0,65827.82,8.0,mobile,West,Regular
59.0,45137.28,5.0,mobile,North,Premium
26.0,61018.32,5.0,mobile,South,Regular
32.0,36225.56,8.0,mobile,West,Regular
25.0,84849.4,11.0,mobile,North,Premium
45.0,43487.87,11.0,mobile,North,Regular
37.0,77057.95,6.0,desktop,West,Premium
68.0,99870.79,2.0,desktop,East,Budget
64.0,12000.0,4.0,mobile,South,Budget
49.0,36418.9,4.0,mobile,South,Budget
57.0,,5.0,mobile,East,Regular
44.0,80251.56,10.0,mobile,West,Premium
40.0,46688.99,6.0,mobile,North,Regular
58.0,64204.99,4.0,desktop,South,Regular
36.0,41700.58,7.0,desktop,North,Regular
34.0,67923.71,5.0,mobile,East,Regular
25.0,31871.65,9.0,desktop,South,Regular
61.0,73478.13,10.0,mobile,West,Premium
59.0,12000.0,4.0,desktop,North,Budget
18.0,18096.31,7.0,mobile,North,Budget
61.0,93434.9,4.0,desktop,West,Premium
30.0,59982.34,7.0,desktop,West,Premium
64.0,38279.73,5.0,mobile,North,Budget
27.0,101253.88,5.0,mobile,North,Premium
26.0,77827.07,8.0,mobile,North,Regular
31.0,79415.2,7.0,mobile,East,Premium
66.0,47874.41,11.0,mobile,East,Regular
67.0,69101.51,4.0,mobile,West,Regular
52.0,66771.24,7.0,mobile,North,Regular
19.0,22720.47,6.0,mobile,North,Budget
50.0,68525.32,10.0,mobile,East,Premium
33.0,52687.5,10.0,mobile,South,Regular
55.0,82632.82,5.0,mobile,South,Regular
47.0,83036.46,4.0,desktop,East,Premium
63.0,43340.86,3.0,mobile,East,Budget
54.0,44130.25,8.0,mobile,East,Regular
34.0,60331.2,2.0,desktop,North,Regular
58.0,69773.96,6.0,tablet,South,Regular
30.0,48043.05,6.0,desktop,North,Regular
37.0,54088.54,2.0,mobile,East,Regular
30.0,68869.76,7.0,mobile,North,Regular
29.0,65037.64,7.0,mobile,North,Regular
38.0,80125.66,3.0,mobile,West,Regular
62.0,61273.67,5.0,mobile,East,Regular
41.0,38308.36,6.0,desktop,East,Regular
24.0,20404.78,2.0,mobile,East,Premium
57.0,72953.7,5.0,mobile,West,Regular
21.0,49583.06,6.0,mobile,West,Regular
47.0,49285.06,10.0,mobile,West,Regular
30.0,50467.61,4.0,mobile,South,Regular
65.0,24264.24,3.0,mobile,East,Budget
43.0,48392.93,5.0,desktop,West,Regular
39.0,12000.0,11.0,mobile,East,Regular
66.0,48144.15,3.0,mobile,South,Budget
41.0,38062.35,7.0,tablet,East,Regular
55.0,93941.63,5.0,desktop,East,Premium
40.0,65504.44,3.0,tablet,South,Regular
47.0,51986.71,9.0,mobile,North,Regular
43.0,59677.02,9.0,desktop,East,Premium
45.0,71275.08,10.0,mobile,South,Premium
40.0,40864.2,6.0,mobile,North,Regular
54.0,51637.82,5.0,mobile,North,Regular
42.0,49078.93,8.0,desktop,North,Regular
50.0,107220.39,5.0,mobile,West,Premium
55.0,57827.37,6.0,desktop,South,Regular
35.0,16052.28,4.0,mobile,East,Budget
26.0,72658.81,7.0,desktop,South,Premium
22.0,109338.71,8.0,mobile,East,Premium
49.0,36721.94,3.0,mobile,South,Budget
28.0,127658.62,5.0,desktop,South,Premium
36.0,55032.88,7.0,mobile,South,Regular
58.0,76841.59,6.0,desktop,South,Premium
42.0,44742.43,10.0,desktop,South,Regular
50.0,50774.58,2.0,desktop,East,Regular
25.0,31032.26,5.0,mobile,West,Budget
59.0,34607.74,5.0,desktop,East,Regular
48.0,12283.58,6.0,mobile,East,Budget
20.0,79793.57,9.0,mobile,South,Premium
42.0,32695.48,3.0,desktop,West,Regular
64.0,63899.52,4.0,desktop,West,Regular
42.0,63066.79,5.0,desktop,South,Regular
37.0,42936.46,7.0,mobile,West,Regular
19.0,57258.43,7.0,mobile,South,Regular
66.0,54324.15,8.0,mobile,North,Regular
29.0,46078.22,8.0,desktop,North,Regular
48.0,57283.07,3.0,mobile,South,Regular
40.0,57300.47,4.0,desktop,East,Regular
46.0,35261.2,4.0,mobile,East,Regular
24.0,29575.91,8.0,desktop,West,Regular
60.0,38775.74,7.0,mobile,South,Regular
26.0,58732.25,6.0,desktop,North,Premium
50.0,84709.67,1.0,mobile,North,Regular
31.0,86505.12,5.0,mobile,West,Premium
53.0,62694.42,12.0,desktop,East,Premium
22.0,75732.72,5.0,mobile,West,Regular
26.0,58752.24,6.0,tablet,South,Regular
64.0,78982.51,2.0,desktop,South,Regular
49.0,58848.1,5.0,tablet,West,Regular
60.0,64307.53,4.0,mobile,West,Regular
36.0,50337.4,4.0,mobile,South,Regular
57.0,56077.68,4.0,mobile,South,Regular
21.0,95345.85,8.0,mobile,East,Premium
55.0,31462.95,5.0,desktop,East,Regular
24.0,56245.16,7.0,tablet,East,Regular
51.0,43979.74,5.0,tablet,West,Regular
42.0,75993.07,4.0,mobile,South,Regular
50.0,93649.33,4.0,desktop,North,Premium
31.0,49733.66,3.0,mobile,West,Regular
23.0,12000.0,3.0,mobile,South,Budget
57.0,68870.82,4.0,desktop,West,Regular
41.0,68883.3,8.0,desktop,South,Premium
24.0,21349.33,7.0,mobile,West,Budget
39.0,51150.97,8.0,mobile,East,Regular
18.0,54759.76,3.0,desktop,West,Regular
63.0,12000.0,2.0,mobile,West,Budget
69.0,70090.75,9.0,desktop,East,Premium
38.0,65226.05,10.0,desktop,East,Premium
34.0,61070.97,4.0,desktop,East,Regular
50.0,34178.09,7.0,tablet,North,Regular
44.0,41381.84,7.0,tablet,West,Regular
57.0,43000.73,3.0,mobile,North,Budget
28.0,66015.2,6.0,tablet,South,Regular
37.0,35729.27,4.0,mobile,North,Budget
28.0,86402.85,8.0,mobile,South,Premium
67.0,63916.76,7.0,tablet,East,Regular
38.0,12000.0,6.0,desktop,East,Budget
51.0,90963.98,6.0,desktop,East,Premium
59.0,59349.59,7.0,desktop,South,Regular
50.0,44656.0,7.0,desktop,South,Regular
20.0,58174.1,6.0,mobile,East,Regular
69.0,18185.58,5.0,mobile,East,Budget
61.0,59981.06,7.0,desktop,North,Regular
33.0,12000.0,8.0,mobile,East,Budget
69.0,34803.16,8.0,desktop,West,Regular
64.0,84131.66,4.0,mobile,East,Regular
47.0,82207.23,5.0,desktop,South,Premium
40.0,48920.17,7.0,mobile,North,Regular
36.0,35930.47,6.0,mobile,West,Regular
31.0,75361.95,5.0,tablet,West,Regular
30.0,54945.25,1.0,desktop,North,Regular
24.0,60382.65,6.0,mobile,East,Regular
27.0,68991.59,6.0,desktop,East,Premium
68.0,33609.44,7.0,mobile,West,Budget
34.0,72447.76,4.0,desktop,East,Regular
29.0,12000.0,4.0,mobile,East,Budget
62.0,86357.0,6.0,mobile,South,Regular
48.0,23295.26,8.0,mobile,North,Budget
18.0,42872.35,8.0,tablet,East,Regular
31.0,42011.75,4.0,desktop,East,Regular
58.0,71064.03,7.0,mobile,West,Regular
32.0,71428.44,4.0,desktop,East,Regular
52.0,63372.68,4.0,mobile,East,Regular
48.0,67182.43,1.0,desktop,South,Regular
18.0,65635.44,7.0,desktop,West,Premium
24.0,54361.14,4.0,mobile,West,Regular
21.0,16083.69,6.0,mobile,South,Regular
60.0,12000.0,5.0,tablet,North,Budget
56.0,12000.0,9.0,mobile,East,Budget
24.0,54842.56,7.0,desktop,North,Regular
53.0,51088.59,10.0,mobile,East,Regular
26.0,52922.33,4.0,mobile,East,Regular
34.0,60499.29,10.0,mobile,West,Regular
53.0,50905.28,2.0,desktop,South,Regular
62.0,34976.26,5.0,mobile,East,Budget
33.0,24474.63,6.0,tablet,South,Budget
28.0,16227.19,6.0,mobile,East,Budget
19.0,81131.2,14.0,mobile,South,Premium
40.0,74695.72,6.0,desktop,West,Premium
47.0,27527.98,7.0,mobile,East,Budget
23.0,50038.99,2.0,mobile,East,Regular
52.0,,8.0,mobile,West,Regular
51.0,89006.08,8.0,tablet,North,Premium
26.0,43168.8,10.0,desktop,North,Premium
22.0,59373.62,4.0,desktop,North,Regular
28.0,79871.92,7.0,mobile,West,Premium
27.0,19452.24,7.0,desktop,West,Regular
27.0,40399.3,8.0,mobile,East,Regular
57.0,54878.81,6.0,desktop,South,Regular
29.0,40642.9,8.0,desktop,North,Regular
44.0,99810.56,8.0,mobile,North,Premium
58.0,73803.72,8.0,mobile,East,Regular
52.0,59779.69,6.0,desktop,West,Regular
39.0,35611.68,9.0,tablet,East,Regular
56.0,73771.06,11.0,mobile,North,Budget
19.0,68878.21,4.0,mobile,West,Regular
49.0,44894.87,3.0,mobile,South,Budget
36.0,46571.27,7.0,desktop,West,Regular
28.0,25089.96,7.0,tablet,East,Regular
27.0,54019.79,9.0,desktop,South,Premium
54.0,73719.42,6.0,desktop,West,Premium
68.0,76533.45,3.0,mobile,West,Regular
24.0,67739.85,5.0,desktop,South,Premium
33.0,72840.86,5.0,tablet,South,Regular
32.0,43310.68,6.0,tablet,South,Regular
43.0,45785.04,6.0,desktop,South,Regular
41.0,80757.84,9.0,mobile,East,Premium
53.0,65016.66,2.0,mobile,North,Regular
23.0,38994.71,6.0,mobile,East,Regular
44.0,66050.93,7.0,desktop,South,Premium
23.0,72926.45,4.0,mobile,North,Premium
59.0,70349.69,7.0,mobile,North,Regular
51.0,57821.26,9.0,mobile,West,Regular
63.0,44793.14,7.0,desktop,South,Regular
56.0,63900.66,12.0,desktop,North,Premium
53.0,90942.2,14.0,mobile,South,Premium
37.0,58626.72,7.0,mobile,North,Regular
61.0,41609.39,8.0,mobile,West,Regular
38.0,62631.34,1.0,desktop,North,Regular
30.0,29821.19,12.0,desktop,West,Regular
28.0,60324.52,6.0,mobile,North,Regular
44.0,49291.62,5.0,mobile,West,Regular
45.0,75513.85,4.0,mobile,South,Regular
31.0,57679.64,7.0,mobile,West,Regular
48.0,77421.91,5.0,desktop,West,Premium
28.0,103494.44,5.0,mobile,East,Premium
66.0,50976.25,7.0,desktop,South,Regular
19.0,38107.29,6.0,mobile,East,Regular
20.0,65092.97,6.0,mobile,North,Regular
35.0,53674.65,6.0,mobile,South,Regular
65.0,58460.37,6.0,mobile,South,Regular
28.0,42943.54,4.0,tablet,West,Regular
69.0,67078.36,4.0,mobile,East,Regular
35.0,56937.23,8.0,desktop,West,Premium
36.0,12000.0,13.0,mobile,West,Regular
23.0,50557.41,6.0,mobile,South,Premium
55.0,62429.54,4.0,mobile,West,Regular
63.0,80016.54,10.0,desktop,South,Premium
60.0,43449.11,5.0,mobile,East,Budget
25.0,38765.74,2.0,tablet,South,Budget
51.0,79394.28,5.0,mobile,West,Regular
41.0,42772.05,3.0,mobile,West,Budget
33.0,57645.83,6.0,mobile,East,Budget
57.0,65295.03,4.0,desktop,South,Regular
50.0,70806.59,10.0,mobile,West,Premium
62.0,55624.63,9.0,mobile,West,Regular
63.0,32312.41,5.0,mobile,North,Budget
62.0,76478.02,1.0,mobile,East,Regular
23.0,46415.71,8.0,mobile,East,Regular
50.0,44608.07,14.0,mobile,West,Regular
42.0,97170.4,4.0,desktop,South,Premium
27.0,73712.65,8.0,desktop,East,Premium
19.0,33395.74,4.0,mobile,East,Budget
28.0,45421.06,8.0,desktop,West,Regular
61.0,50323.19,9.0,desktop,East,Regular
53.0,39851.9,6.0,mobile,South,Regular
58.0,15572.96,4.0,mobile,West,Budget
64.0,72095.67,7.0,tablet,South,Regular
20.0,71548.18,4.0,mobile,North,Regular
39.0,60486.2,6.0,mobile,West,Regular
56.0,47071.82,8.0,mobile,North,Regular
56.0,59818.27,8.0,desktop,North,Regular
53.0,68670.63,8.0,mobile,East,Regular
25.0,33757.67,4.0,desktop,East,Regular
24.0,48506.37,6.0,desktop,North,Regular
40.0,43791.59,4.0,desktop,North,Regular
45.0,69860.72,7.0,desktop,South,Premium
34.0,60827.62,7.0,desktop,West,Premium
53.0,28436.62,5.0,tablet,North,Budget
29.0,42587.84,8.0,mobile,South,Regular
35.0,92053.11,3.0,mobile,West,Regular
23.0,35241.98,10.0,desktop,East,Regular
44.0,58509.17,3.0,desktop,South,Regular
56.0,42312.53,4.0,desktop,West,Regular
68.0,81244.36,6.0,desktop,North,Regular
30.0,54036.63,5.0,desktop,East,Regular
51.0,46301.25,4.0,tablet,East,Budget
20.0,30981.0,6.0,mobile,South,Regular
44.0,50269.1,7.0,desktop,East,Regular
64.0,72529.12,5.0,tablet,South,Regular
21.0,69292.12,9.0,mobile,South,Premium
37.0,27905.04,5.0,mobile,South,Budget
24.0,87672.58,6.0,desktop,East,Premium
45.0,50222.14,2.0,mobile,West,Budget
62.0,33487.13,2.0,mobile,South,Budget
42.0,57964.88,11.0,mobile,East,Regular
56.0,42425.35,3.0,mobile,North,Budget
33.0,43315.28,7.0,desktop,East,Regular
61.0,42205.52,6.0,mobile,North,Regular
30.0,53422.13,4.0,desktop,East,Regular
48.0,44923.95,9.0,tablet,West,Regular
36.0,19857.9,5.0,mobile,West,Budget
47.0,66091.7,9.0,mobile,East,Regular
32.0,44469.36,6.0,desktop,East,Regular
45.0,80029.93,7.0,desktop,North,Premium
32.0,66345.35,5.0,mobile,South,Regular
56.0,68020.89,6.0,mobile,East,Regular
29.0,59014.84,5.0,desktop,East,Regular
35.0,82069.76,7.0,mobile,East,Premium
18.0,48466.2,4.0,desktop,North,Regular
43.0,34686.53,5.0,mobile,South,Budget
18.0,62376.18,3.0,mobile,North,Regular
42.0,12000.0,5.0,mobile,West,Budget
62.0,47598.85,6.0,mobile,North,Regular
52.0,59667.85,4.0,mobile,West,Premium
45.0,46613.71,6.0,desktop,East,Regular
29.0,81220.57,7.0,desktop,East,Premium
63.0,69716.57,9.0,desktop,South,Premium
19.0,57554.18,9.0,mobile,East,Regular
28.0,46930.68,3.0,desktop,South,Regular
22.0,77850.86,1.0,tablet,East,Regular
36.0,41166.82,5.0,mobile,East,Regular
27.0,46600.75,3.0,tablet,South,Regular
25.0,70635.19,9.0,desktop,South,Premium
62.0,67502.8,10.0,mobile,West,Regular
46.0,97250.1,7.0,mobile,East,Premium
55.0,50707.77,9.0,mobile,West,Regular
45.0,16308.43,7.0,mobile,North,Budget
56.0,68806.23,8.0,mobile,West,Regular
57.0,81155.83,5.0,desktop,North,Premium
41.0,51759.81,6.0,mobile,North,Regular
61.0,87371.78,6.0,mobile,West,Regular
23.0,91950.86,4.0,mobile,East,Premium
66.0,41399.17,5.0,desktop,West,Regular
42.0,45218.77,7.0,mobile,East,Regular
26.0,29277.26,5.0,mobile,East,Budget
62.0,66359.93,5.0,mobile,West,Regular
52.0,69987.75,8.0,tablet,East,Regular
44.0,67635.94,4.0,mobile,East,Regular
32.0,29654.57,7.0,desktop,West,Regular
50.0,39364.59,5.0,mobile,East,Budget
59.0,25565.46,10.0,mobile,East,Regular
37.0,21831.12,3.0,desktop,East,Budget
25.0,27309.38,3.0,mobile,West,Budget
25.0,22458.94,6.0,mobile,South,Premium
59.0,51338.02,5.0,desktop,East,Regular
50.0,63836.99,12.0,mobile,North,Premium
31.0,67993.35,8.0,desktop,West,Premium
43.0,54666.0,6.0,mobile,West,Regular
26.0,41220.39,5.0,mobile,East,Regular
35.0,54862.72,6.0,desktop,South,Regular
59.0,66828.66,5.0,mobile,East,Regular
31.0,48957.32,8.0,mobile,East,Regular
68.0,56154.08,4.0,mobile,North,Regular
54.0,48743.74,9.0,desktop,East,Regular
20.0,44241.4,8.0,mobile,South,Regular
34.0,55750.78,4.0,desktop,West,Regular
34.0,32026.81,8.0,mobile,North,Regular
47.0,76724.57,4.0,mobile,West,Regular
69.0,22822.45,6.0,desktop,East,Budget
31.0,,5.0,mobile,North,Regular
27.0,26951.92,10.0,mobile,North,Regular
57.0,86160.19,8.0,mobile,North,Premium
50.0,72936.79,5.0,mobile,South,Budget
37.0,38295.36,5.0,mobile,South,Regular
54.0,45753.96,7.0,mobile,West,Regular
42.0,31771.71,7.0,tablet,North,Regular
64.0,53813.22,9.0,desktop,South,Premium
66.0,63484.78,7.0,mobile,West,Regular
34.0,107652.96,6.0,mobile,East,Premium
55.0,26866.58,2.0,mobile,North,Budget
44.0,80563.97,9.0,desktop,West,Premium
56.0,43013.23,10.0,mobile,South,Regular
37.0,60680.68,6.0,mobile,East,Regular
35.0,73102.45,7.0,mobile,West,Regular
19.0,66191.57,3.0,mobile,South,Regular
61.0,63706.41,10.0,mobile,South,Regular
44.0,50946.79,3.0,mobile,South,Regular
38.0,54829.23,7.0,mobile,East,Regular
45.0,58145.79,5.0,desktop,South,Regular
69.0,79676.1,8.0,desktop,South,Premium
61.0,24786.82,8.0,desktop,West,Regular
64.0,44880.84,4.0,desktop,West,Regular
37.0,29344.46,4.0,desktop,East,Regular
52.0,35164.77,5.0,mobile,North,Budget
45.0,,5.0,desktop,West,Regular
61.0,77592.12,4.0,desktop,North,Regular
55.0,99119.47,5.0,desktop,East,Premium
46.0,82878.63,10.0,desktop,North,Budget
42.0,30623.34,8.0,tablet,East,Regular
56.0,,4.0,desktop,North,Regular
44.0,31644.25,9.0,mobile,East,Regular
24.0,64159.16,9.0,mobile,North,Premium
20.0,81144.69,9.0,mobile,North,Premium
69.0,67083.47,5.0,mobile,East,Regular
31.0,72906.24,7.0,mobile,South,Regular
59.0,51967.51,6.0,desktop,North,Regular
23.0,14500.02,5.0,mobile,East,Budget
25.0,14238.56,9.0,desktop,East,Regular
19.0,52968.86,3.0,mobile,South,Regular
30.0,66810.39,3.0,mobile,North,Regular
68.0,81117.16,5.0,mobile,North,Budget
47.0,47835.3,4.0,mobile,North,Premium
18.0,56528.67,7.0,desktop,South,Premium
57.0,60251.48,2.0,mobile,East,Regular
66.0,76847.47,9.0,mobile,West,Regular
25.0,53557.26,3.0,mobile,West,Regular
46.0,32491.75,5.0,mobile,East,Budget
67.0,77238.8,7.0,mobile,West,Regular
35.0,63444.84,4.0,desktop,South,Regular
35.0,62852.23,8.0,mobile,North,Regular
50.0,28857.64,7.0,mobile,South,Budget
69.0,54840.47,6.0,desktop,East,Regular
66.0,19668.14,2.0,mobile,South,Budget
57.0,13755.71,3.0,mobile,East,Budget
32.0,50119.37,5.0,mobile,North,Regular
43.0,46049.09,7.0,mobile,East,Regular
26.0,66656.96,2.0,desktop,West,Regular
36.0,84611.47,5.0,desktop,North,Premium
67.0,54284.97,5.0,mobile,North,Regular
23.0,91726.67,7.0,mobile,West,Premium
24.0,42912.11,7.0,mobile,South,Regular
22.0,70663.07,9.0,mobile,South,Premium
28.0,28954.49,3.0,mobile,East,Budget
50.0,57589.84,5.0,tablet,East,Regular
37.0,48495.31,10.0,mobile,East,Regular
58.0,50699.21,3.0,desktop,South,Regular
49.0,67086.4,10.0,mobile,North,Premium
65.0,16266.19,7.0,mobile,East,Budget
34.0,57369.32,7.0,desktop,North,Regular
36.0,38309.83,6.0,mobile,West,Regular
19.0,57396.88,3.0,desktop,East,Regular
66.0,63061.82,4.0,mobile,West,Regular
61.0,47370.68,8.0,mobile,South,Regular
33.0,47344.45,8.0,desktop,West,Regular
30.0,31322.18,12.0,tablet,South,Regular
66.0,66264.76,7.0,mobile,South,Regular
44.0,41180.66,11.0,mobile,North,Budget
65.0,64107.95,9.0,mobile,West,Regular
34.0,25721.89,4.0,mobile,West,Premium
26.0,83071.58,3.0,mobile,South,Regular
48.0,34024.28,2.0,mobile,North,Budget
62.0,78739.51,12.0,mobile,South,Premium
23.0,45793.0,7.0,mobile,South,Regular
54.0,66190.27,4.0,desktop,East,Regular
19.0,52045.07,5.0,tablet,East,Regular
54.0,68932.12,8.0,mobile,East,Regular
63.0,55086.73,6.0,desktop,East,Regular
61.0,81051.75,5.0,mobile,East,Regular
49.0,68778.39,6.0,mobile,West,Regular
45.0,68975.64,4.0,desktop,North,Regular
24.0,89252.63,9.0,mobile,North,Premium
44.0,40681.69,5.0,desktop,East,Regular
66.0,81698.04,9.0,mobile,West,Premium
37.0,56460.76,5.0,tablet,West,Premium
32.0,24650.08,2.0,desktop,North,Budget
62.0,64803.82,6.0,mobile,West,Regular
45.0,50808.41,2.0,mobile,East,Budget
64.0,89617.43,10.0,desktop,East,Premium
20.0,44911.66,3.0,desktop,South,Regular
26.0,56005.84,4.0,mobile,North,Regular
53.0,59804.41,2.0,mobile,North,Regular
58.0,15904.52,6.0,mobile,North,Budget
68.0,,4.0,mobile,South,Regular
32.0,34602.25,5.0,mobile,West,Budget
31.0,83871.95,4.0,desktop,East,Premium
27.0,89168.65,3.0,mobile,East,Regular
56.0,54823.9,7.0,tablet,North,Regular
28.0,22478.51,4.0,mobile,North,Budget
64.0,58723.01,0.0,mobile,South,Budget
47.0,58610.59,6.0,desktop,South,Regular
53.0,69775.24,10.0,mobile,North,Premium
32.0,48919.96,6.0,mobile,South,Regular
55.0,30580.66,2.0,mobile,East,Premium
30.0,,6.0,desktop,West,Regular
27.0,36007.18,3.0,mobile,East,Budget
23.0,91342.67,6.0,mobile,West,Premium
25.0,40490.6,12.0,desktop,South,Premium
34.0,41620.75,6.0,desktop,East,Regular
23.0,54037.47,6.0,tablet,South,Regular
58.0,29558.52,7.0,desktop,North,Regular
36.0,45857.53,5.0,mobile,North,Regular
19.0,52223.6,5.0,mobile,East,Regular
64.0,44975.06,5.0,mobile,North,Budget
43.0,49843.09,5.0,desktop,North,Regular
51.0,80453.58,4.0,mobile,East,Regular
49.0,63890.46,5.0,mobile,West,Regular
59.0,27567.51,5.0,mobile,West,Budget
20.0,46189.45,5.0,mobile,West,Regular
36.0,70300.54,3.0,mobile,West,Regular
33.0,41656.34,8.0,desktop,West,Regular
47.0,56673.62,7.0,mobile,North,Regular
65.0,54406.31,7.0,mobile,South,Regular
18.0,65833.98,6.0,desktop,West,Premium
69.0,51326.03,4.0,desktop,South,Regular
42.0,52102.85,5.0,mobile,West,Regular
62.0,37387.64,3.0,mobile,South,Budget
67.0,62370.7,5.0,mobile,East,Regular
26.0,,7.0,mobile,West,Regular
29.0,90535.5,6.0,mobile,North,Premium
57.0,54585.66,3.0,desktop,West,Regular
39.0,50409.83,2.0,desktop,South,Regular
41.0,71155.66,3.0,desktop,South,Regular
34.0,53257.85,8.0,mobile,East,Regular
26.0,56810.94,3.0,desktop,East,Regular
61.0,53923.03,4.0,desktop,South,Regular
43.0,40132.13,2.0,mobile,East,Budget
18.0,36104.95,1.0,desktop,South,Regular
65.0,40665.91,5.0,desktop,North,Regular
24.0,78196.47,7.0,mobile,West,Premium
63.0,42137.53,7.0,tablet,South,Regular
54.0,46683.12,7.0,mobile,North,Regular
38.0,45794.17,10.0,mobile,South,Regular
38.0,69296.73,3.0,mobile,North,Regular
21.0,95592.26,4.0,desktop,West,Premium
38.0,36055.06,11.0,mobile,West,Regular
64.0,66237.88,7.0,mobile,West,Regular
63.0,57445.19,5.0,desktop,East,Regular
69.0,48792.37,10.0,mobile,East,Regular
52.0,65349.78,6.0,desktop,North,Regular
44.0,28966.32,4.0,tablet,East,Budget
59.0,72053.04,5.0,tablet,West,Regular
29.0,59519.34,8.0,mobile,North,Regular
64.0,34571.99,1.0,desktop,South,Budget
46.0,87643.14,4.0,mobile,West,Regular
41.0,72425.58,6.0,mobile,East,Regular
54.0,78804.46,8.0,tablet,South,Premium
48.0,25207.17,6.0,desktop,North,Regular
43.0,49441.11,3.0,mobile,North,Regular
64.0,44296.99,3.0,mobile,South,Regular
36.0,67824.02,8.0,mobile,West,Regular
62.0,82735.68,6.0,desktop,East,Premium
30.0,15989.06,6.0,mobile,North,Budget
39.0,55414.65,10.0,mobile,South,Regular
33.0,52420.56,7.0,mobile,West,Regular
27.0,75453.05,12.0,tablet,North,Premium
20.0,54167.88,5.0,mobile,South,Regular
47.0,28966.19,10.0,mobile,West,Regular
31.0,51020.73,8.0,mobile,North,Regular
69.0,33795.2,7.0,desktop,West,Regular
67.0,39084.52,8.0,desktop,South,Regular
34.0,55862.34,6.0,desktop,West,Regular
18.0,45161.17,4.0,desktop,West,Regular
56.0,60709.62,3.0,mobile,North,Regular
55.0,23953.69,5.0,mobile,West,Budget
36.0,102478.1,6.0,mobile,North,Premium
59.0,80797.87,7.0,mobile,South,Regular
24.0,69677.46,6.0,desktop,North,Premium
39.0,28544.74,4.0,mobile,North,Budget
28.0,12000.0,4.0,desktop,North,Budget
48.0,37340.04,9.0,desktop,South,Regular
21.0,50246.98,7.0,mobile,East,Regular
29.0,,4.0,desktop,North,Premium
26.0,81716.97,8.0,mobile,South,Premium
52.0,44254.2,8.0,desktop,South,Regular
39.0,79707.02,5.0,tablet,East,Regular
54.0,80027.17,7.0,mobile,West,Premium
24.0,55317.68,8.0,desktop,East,Premium
56.0,79883.79,8.0,desktop,East,Premium
48.0,61748.0,7.0,mobile,North,Regular
43.0,41603.6,2.0,desktop,South,Regular
38.0,30971.51,4.0,desktop,West,Regular
68.0,52485.08,9.0,mobile,East,Regular
50.0,75403.22,2.0,mobile,South,Regular
63.0,27283.33,3.0,mobile,East,Budget
31.0,22052.15,3.0,desktop,North,Budget
47.0,66243.33,7.0,mobile,South,Regular
54.0,12000.0,6.0,desktop,North,Budget
53.0,92269.93,10.0,mobile,South,Premium
40.0,46002.02,6.0,mobile,South,Regular
32.0,69980.34,8.0,desktop,West,Premium
35.0,93025.36,0.0,mobile,South,Regular
67.0,25328.26,7.0,tablet,West,Budget
31.0,33515.54,11.0,tablet,East,Regular
51.0,100851.31,4.0,mobile,South,Premium
53.0,49179.05,2.0,mobile,South,Budget
64.0,52385.97,8.0,mobile,South,Regular
39.0,59644.74,5.0,mobile,West,Regular
33.0,76609.24,11.0,mobile,West,Premium
21.0,82105.42,11.0,desktop,South,Premium
69.0,57246.24,3.0,desktop,North,Regular
40.0,48144.94,6.0,desktop,North,Regular
23.0,54254.08,6.0,mobile,East,Regular
21.0,61200.52,7.0,desktop,North,Premium
45.0,81781.1,3.0,mobile,North,Regular
42.0,57771.56,5.0,desktop,West,Regular
23.0,92222.31,7.0,mobile,East,Premium
64.0,37450.41,4.0,mobile,West,Budget
27.0,65877.76,5.0,tablet,North,Regular
37.0,90909.38,9.0,mobile,East,Premium
57.0,81335.54,7.0,desktop,North,Premium
40.0,61798.49,11.0,desktop,South,Premium
21.0,36947.02,7.0,mobile,East,Regular
52.0,40434.77,10.0,desktop,East,Regular
37.0,51798.41,6.0,mobile,North,Regular
56.0,61351.2,9.0,mobile,South,Regular
27.0,49903.94,5.0,desktop,East,Regular
49.0,25226.78,8.0,tablet,East,Budget
62.0,39907.49,4.0,mobile,South,Budget
29.0,65586.31,6.0,mobile,North,Regular
22.0,72077.87,11.0,tablet,South,Premium
42.0,26383.46,4.0,mobile,South,Budget
35.0,47553.33,5.0,tablet,East,Regular
50.0,20772.1,8.0,mobile,North,Budget
62.0,43469.61,7.0,desktop,West,Regular
66.0,127444.76,6.0,mobile,West,Premium
53.0,56300.31,9.0,mobile,West,Regular
66.0,47937.53,10.0,mobile,North,Regular
54.0,42961.46,6.0,mobile,South,Regular
66.0,30255.89,5.0,desktop,South,Budget
69.0,16991.81,11.0,tablet,North,Budget
27.0,54137.75,5.0,desktop,North,Regular
19.0,49349.23,11.0,mobile,East,Regular
18.0,85213.56,6.0,tablet,East,Premium
52.0,21538.35,5.0,desktop,South,Budget
36.0,,15.0,mobile,West,Premium
56.0,82431.74,5.0,desktop,North,Premium
62.0,,9.0,mobile,North,Budget
56.0,68452.94,9.0,mobile,East,Premium
39.0,22063.39,4.0,mobile,West,Budget
55.0,65681.13,3.0,desktop,South,Regular
54.0,85179.07,6.0,desktop,North,Premium
21.0,54922.23,6.0,mobile,North,Regular
20.0,60871.08,6.0,desktop,East,Premium
22.0,40815.31,5.0,mobile,East,Regular
45.0,60916.32,7.0,mobile,West,Regular
58.0,78154.6,3.0,mobile,East,Regular
61.0,51261.46,8.0,desktop,North,Regular
49.0,52150.09,7.0,desktop,South,Regular
67.0,62983.22,6.0,desktop,South,Regular
31.0,71833.86,7.0,mobile,North,Regular
30.0,21536.95,5.0,desktop,East,Regular
18.0,56228.54,7.0,mobile,East,Regular
25.0,40996.57,8.0,desktop,East,Regular
45.0,65160.44,7.0,tablet,North,Budget
58.0,76201.29,6.0,mobile,South,Regular
22.0,61387.62,8.0,desktop,East,Regular
61.0,81428.52,4.0,tablet,West,Regular
56.0,34741.64,10.0,desktop,South,Regular
24.0,46650.15,3.0,mobile,East,Regular
35.0,34767.71,5.0,desktop,North,Regular
51.0,56221.72,3.0,mobile,West,Regular
59.0,56974.23,6.0,desktop,West,Regular
60.0,,6.0,mobile,West,Regular
22.0,30215.07,9.0,mobile,South,Regular
21.0,53444.21,5.0,desktop,North,Regular
43.0,46066.08,6.0,mobile,West,Regular
29.0,67380.6,4.0,desktop,East,Regular
23.0,49495.21,5.0,desktop,East,Regular
41.0,78809.97,4.0,mobile,East,Regular
58.0,59747.91,4.0,desktop,North,Regular
45.0,17012.22,3.0,mobile,North,Budget
47.0,51472.88,3.0,mobile,East,Regular
49.0,25765.91,6.0,tablet,South,Budget
30.0,74830.59,8.0,desktop,North,Premium
52.0,84357.15,7.0,mobile,North,Premium
68.0,54471.87,5.0,desktop,North,Regular
22.0,64090.75,5.0,tablet,North,Regular
53.0,25439.2,11.0,mobile,East,Regular
39.0,12000.0,4.0,mobile,East,Budget
35.0,43660.84,9.0,mobile,West,Regular
25.0,49796.71,6.0,desktop,West,Regular
62.0,24054.12,5.0,desktop,North,Premium
40.0,56885.38,8.0,mobile,South,Regular
37.0,61424.59,5.0,mobile,East,Regular
68.0,68189.94,9.0,mobile,East,Regular
67.0,86737.32,7.0,desktop,West,Premium
23.0,71600.29,7.0,desktop,South,Premium
33.0,47534.31,5.0,mobile,North,Regular
33.0,57185.07,4.0,desktop,West,Regular
69.0,67332.02,6.0,mobile,South,Regular
19.0,33640.81,6.0,desktop,South,Regular
21.0,82199.26,5.0,mobile,East,Premium
61.0,73488.58,11.0,tablet,East,Premium
56.0,50416.36,3.0,desktop,West,Regular
39.0,41996.42,7.0,desktop,East,Regular
33.0,132911.33,9.0,mobile,West,Premium
18.0,72254.68,13.0,desktop,East,Premium
40.0,74291.72,4.0,mobile,West,Regular
46.0,91862.8,8.0,mobile,East,Premium
51.0,75141.29,3.0,desktop,South,Regular
35.0,59370.27,9.0,mobile,West,Regular
20.0,69472.84,3.0,mobile,West,Regular
31.0,36380.42,7.0,tablet,North,Regular
29.0,69721.48,9.0,mobile,East,Premium
68.0,23574.35,8.0,mobile,East,Budget
23.0,63759.11,10.0,mobile,West,Premium
60.0,66506.69,5.0,tablet,West,Regular
56.0,23180.12,8.0,mobile,West,Budget
42.0,94401.99,5.0,desktop,North,Premium
29.0,31571.7,7.0,mobile,North,Regular
23.0,76532.14,5.0,desktop,West,Premium
43.0,44320.69,9.0,tablet,West,Regular
58.0,61528.4,4.0,mobile,West,Regular
35.0,41689.79,7.0,mobile,West,Regular
58.0,106196.4,6.0,desktop,South,Premium
30.0,76310.71,6.0,mobile,East,Regular
33.0,92267.23,2.0,tablet,East,Regular
66.0,71265.62,5.0,desktop,North,Regular
48.0,,4.0,desktop,North,Regular
44.0,58353.38,5.0,mobile,East,Regular
47.0,,9.0,mobile,North,Regular
51.0,67756.86,3.0,tablet,North,Regular
47.0,58603.28,7.0,desktop,West,Regular
54.0,52228.21,5.0,mobile,South,Regular
30.0,27147.27,5.0,desktop,West,Regular
60.0,49074.33,5.0,mobile,East,Regular
18.0,67753.87,4.0,mobile,East,Regular
31.0,45735.78,7.0,desktop,South,Regular
34.0,62513.82,7.0,desktop,West,Premium
22.0,52486.49,4.0,mobile,South,Regular
60.0,34275.06,5.0,mobile,East,Budget
42.0,36899.52,5.0,desktop,North,Regular
55.0,40242.03,8.0,mobile,West,Regular
26.0,49480.19,2.0,desktop,East,Regular
69.0,50076.75,2.0,desktop,West,Regular
19.0,78366.44,10.0,mobile,West,Premium
51.0,33200.93,4.0,mobile,East,Budget
65.0,13551.99,13.0,desktop,South,Regular
63.0,69514.19,6.0,desktop,East,Regular
50.0,46123.43,7.0,desktop,North,Regular
68.0,53033.05,9.0,desktop,East,Budget
39.0,,6.0,mobile,North,Budget
36.0,85502.89,5.0,mobile,South,Regular
25.0,67579.3,8.0,tablet,East,Regular
54.0,74911.4,5.0,mobile,North,Regular
57.0,57968.74,6.0,mobile,East,Regular
21.0,75180.67,6.0,mobile,West,Regular
45.0,43008.48,8.0,mobile,East,Regular
50.0,40932.6,6.0,mobile,South,Regular
27.0,45965.92,7.0,mobile,South,Premium
44.0,87946.96,3.0,mobile,South,Regular
69.0,87486.33,9.0,desktop,East,Premium
59.0,43132.78,5.0,desktop,East,Regular
67.0,79393.67,2.0,desktop,East,Regular
45.0,52311.99,9.0,mobile,South,Regular
66.0,77628.61,5.0,mobile,East,Regular
68.0,49080.7,5.0,mobile,West,Regular
60.0,75221.24,6.0,desktop,North,Premium
40.0,53333.03,5.0,desktop,South,Regular
45.0,49736.72,7.0,desktop,West,Regular
42.0,55174.88,5.0,desktop,North,Regular
33.0,58886.61,5.0,desktop,South,Regular
47.0,43718.08,5.0,mobile,South,Regular
51.0,27579.21,6.0,mobile,West,Budget
61.0,90428.12,10.0,mobile,West,Premium
25.0,47594.63,10.0,mobile,South,Regular
44.0,18374.29,3.0,mobile,North,Budget
50.0,12000.0,5.0,desktop,North,Budget
49.0,12000.0,7.0,mobile,East,Budget
21.0,43107.15,2.0,desktop,East,Regular
56.0,83596.53,4.0,mobile,South,Regular
18.0,22171.62,9.0,desktop,South,Regular
51.0,49108.93,2.0,mobile,North,Budget
55.0,17977.53,5.0,tablet,South,Budget
33.0,78374.88,3.0,desktop,East,Regular
35.0,63229.3,11.0,mobile,East,Premium
32.0,62362.23,2.0,desktop,West,Regular
54.0,83484.03,5.0,desktop,North,Premium
28.0,89556.7,8.0,mobile,East,Premium
58.0,76922.27,4.0,mobile,East,Regular
33.0,43867.4,6.0,mobile,South,Regular
61.0,28530.43,9.0,mobile,North,Regular
68.0,34304.6,13.0,desktop,West,Regular
50.0,19742.4,6.0,mobile,West,Budget
18.0,92895.26,6.0,desktop,West,Premium
62.0,51865.8,8.0,desktop,West,Regular
57.0,58434.82,3.0,mobile,South,Regular
52.0,59825.91,11.0,mobile,East,Regular
64.0,97308.45,6.0,mobile,West,Premium
66.0,44220.82,2.0,tablet,North,Budget
41.0,80118.96,1.0,mobile,North,Regular
64.0,62050.48,8.0,desktop,West,Regular
44.0,52678.89,8.0,mobile,East,Regular
20.0,16342.45,11.0,mobile,East,Regular
44.0,74723.9,9.0,mobile,West,Premium
31.0,40511.41,2.0,mobile,East,Budget
56.0,46374.83,6.0,mobile,East,Regular
38.0,60468.99,7.0,mobile,North,Regular
56.0,57779.7,6.0,desktop,North,Regular
31.0,78958.17,7.0,mobile,South,Premium
61.0,42032.95,7.0,mobile,West,Regular
27.0,59217.57,6.0,mobile,North,Regular
28.0,61567.44,3.0,mobile,East,Regular
63.0,56376.99,5.0,desktop,West,Regular
56.0,69840.7,6.0,mobile,East,Regular
19.0,50612.77,5.0,mobile,West,Regular
41.0,80659.41,4.0,mobile,North,Regular
27.0,41239.36,4.0,mobile,West,Regular
64.0,26223.95,7.0,mobile,North,Budget
57.0,55011.08,7.0,mobile,South,Regular
57.0,80161.65,7.0,desktop,East,Premium
29.0,45235.9,4.0,desktop,South,Regular
55.0,42930.28,6.0,mobile,South,Regular
31.0,48730.57,6.0,mobile,East,Regular
49.0,59249.09,10.0,mobile,West,Regular
68.0,52240.27,6.0,mobile,East,Regular
59.0,62253.31,8.0,mobile,West,Regular
57.0,20471.91,9.0,desktop,East,Regular
26.0,86711.18,5.0,mobile,East,Premium
41.0,67849.5,7.0,mobile,North,Regular
47.0,38135.53,7.0,mobile,West,Regular
25.0,84104.85,7.0,mobile,West,Premium
50.0,65122.6,4.0,mobile,East,Regular
31.0,86155.96,6.0,tablet,North,Premium
69.0,31637.3,11.0,desktop,South,Regular
69.0,90013.09,3.0,mobile,West,Regular
45.0,56801.11,6.0,mobile,East,Regular
59.0,13495.58,2.0,desktop,North,Premium
67.0,71359.33,7.0,desktop,East,Premium
21.0,49643.11,7.0,mobile,South,Regular
28.0,34993.84,4.0,tablet,North,Budget
54.0,51428.31,5.0,tablet,North,Regular
27.0,15862.85,7.0,mobile,South,Budget
37.0,67881.42,4.0,tablet,East,Regular
64.0,51405.77,5.0,desktop,West,Regular
55.0,50293.5,10.0,desktop,South,Regular
41.0,84982.89,7.0,mobile,East,Premium
33.0,56578.42,5.0,mobile,South,Regular
39.0,42242.39,4.0,desktop,West,Regular
24.0,36272.19,4.0,desktop,North,Regular
61.0,54598.39,5.0,mobile,North,Budget
19.0,77781.76,3.0,desktop,West,Premium
24.0,43877.45,2.0,desktop,West,Regular
33.0,34474.79,8.0,mobile,South,Regular
38.0,74856.51,8.0,desktop,East,Premium
62.0,57080.3,6.0,desktop,South,Regular
56.0,55330.26,7.0,mobile,West,Regular
64.0,98805.69,3.0,mobile,South,Regular
53.0,30852.55,9.0,tablet,South,Regular
53.0,59953.71,4.0,desktop,East,Regular
29.0,19283.84,8.0,desktop,East,Budget
56.0,49665.96,8.0,mobile,North,Regular
40.0,67952.29,6.0,mobile,East,Regular
28.0,79025.59,6.0,mobile,South,Regular
61.0,29676.11,7.0,tablet,West,Budget
36.0,73054.87,7.0,desktop,South,Premium
68.0,71975.53,8.0,mobile,North,Regular
64.0,53301.36,5.0,desktop,West,Regular
60.0,106529.6,0.0,mobile,North,Regular
69.0,55857.2,6.0,desktop,West,Regular
32.0,37700.77,6.0,desktop,North,Regular
41.0,64606.89,6.0,tablet,North,Regular
28.0,17492.55,7.0,mobile,North,Budget
58.0,87968.23,6.0,desktop,North,Premium
38.0,76188.12,10.0,desktop,East,Premium
66.0,47611.81,3.0,mobile,South,Budget
26.0,68492.19,5.0,mobile,East,Regular
69.0,66882.84,6.0,mobile,North,Regular
27.0,95679.24,6.0,mobile,West,Premium
33.0,43161.53,7.0,mobile,South,Regular
67.0,29256.45,6.0,mobile,West,Budget
52.0,13949.56,10.0,desktop,West,Regular
42.0,,5.0,mobile,South,Regular
38.0,23534.58,6.0,desktop,North,Regular
32.0,52261.17,6.0,mobile,South,Premium
42.0,64281.56,8.0,desktop,North,Premium
29.0,46729.87,6.0,mobile,South,Regular
42.0,36381.24,3.0,desktop,South,Regular
47.0,80381.39,9.0,desktop,North,Premium
32.0,,7.0,mobile,East,Regular
36.0,60618.32,10.0,mobile,West,Regular
18.0,75428.54,8.0,mobile,South,Premium
64.0,28962.26,2.0,tablet,East,Budget
57.0,36839.27,6.0,desktop,West,Regular
69.0,107267.87,5.0,desktop,East,Premium
54.0,52572.14,7.0,desktop,South,Regular
69.0,34361.95,6.0,desktop,East,Regular
61.0,50579.78,9.0,mobile,East,Regular
27.0,44013.18,2.0,desktop,North,Regular
25.0,30516.25,4.0,desktop,West,Regular
52.0,47403.48,7.0,desktop,South,Regular
30.0,55406.72,5.0,mobile,West,Regular
56.0,55536.82,8.0,mobile,West,Regular
48.0,66903.38,8.0,mobile,East,Regular
69.0,20129.49,9.0,mobile,South,Budget
66.0,25019.77,6.0,desktop,West,Budget
61.0,72071.26,4.0,mobile,South,Regular
42.0,46700.91,4.0,mobile,West,Regular
54.0,80869.58,1.0,mobile,North,Regular
28.0,62081.05,6.0,desktop,East,Regular
65.0,26791.07,7.0,mobile,North,Budget
48.0,66869.45,9.0,tablet,East,Regular
49.0,34991.52,6.0,tablet,North,Budget
67.0,61172.18,4.0,mobile,West,Budget
41.0,81127.39,8.0,mobile,East,Premium
63.0,99316.8,6.0,desktop,South,Premium
56.0,54395.48,7.0,tablet,West,Regular
64.0,70187.54,4.0,mobile,North,Regular
25.0,62006.45,8.0,mobile,South,Regular
39.0,72102.21,9.0,mobile,West,Premium
49.0,12000.0,5.0,tablet,East,Budget
31.0,47824.94,4.0,mobile,East,Regular
37.0,61808.06,6.0,desktop,North,Regular
63.0,65483.39,4.0,mobile,West,Regular
63.0,40321.68,8.0,mobile,East,Regular
58.0,72797.11,8.0,mobile,South,Regular
30.0,78529.18,9.0,mobile,East,Premium
62.0,57267.32,8.0,mobile,East,Regular
22.0,51157.3,13.0,desktop,West,Premium
38.0,48492.71,7.0,desktop,East,Regular
23.0,58685.16,4.0,desktop,North,Regular
32.0,80092.83,3.0,mobile,West,Regular
58.0,86662.6,3.0,mobile,East,Regular
30.0,46164.34,6.0,tablet,West,Regular
43.0,36710.1,9.0,mobile,North,Regular
63.0,39533.68,8.0,mobile,East,Regular
31.0,76073.29,7.0,mobile,West,Premium
65.0,60387.71,5.0,mobile,East,Regular
47.0,61971.74,10.0,mobile,West,Regular
37.0,65733.11,5.0,desktop,North,Regular
50.0,63560.01,6.0,desktop,East,Regular
63.0,53314.52,4.0,mobile,East,Regular
34.0,34455.89,7.0,mobile,South,Regular
37.0,43142.05,2.0,mobile,North,Budget
22.0,58332.26,4.0,mobile,North,Regular
41.0,63897.49,6.0,mobile,South,Regular
35.0,48243.01,8.0,mobile,East,Regular
47.0,47302.17,9.0,mobile,West,Regular
50.0,83919.23,8.0,desktop,West,Premium
29.0,46256.33,4.0,tablet,North,Budget
35.0,60392.99,7.0,desktop,South,Premium
31.0,49306.21,2.0,desktop,South,Regular
22.0,38208.3,5.0,mobile,East,Regular
31.0,24708.0,8.0,mobile,North,Regular
53.0,44815.79,5.0,desktop,North,Regular
31.0,38999.37,10.0,mobile,West,Regular
39.0,73224.7,2.0,mobile,West,Regular
44.0,32287.91,4.0,mobile,South,Budget
18.0,47376.46,10.0,desktop,South,Premium
23.0,69251.86,5.0,mobile,West,Regular
20.0,53524.44,8.0,desktop,North,Premium
58.0,65975.42,9.0,mobile,East,Regular
33.0,72942.1,2.0,mobile,West,Regular
27.0,21846.37,6.0,mobile,West,Budget
26.0,47398.19,3.0,mobile,West,Regular
41.0,36164.61,8.0,desktop,North,Regular
23.0,83443.69,5.0,mobile,West,Premium
51.0,53426.07,4.0,tablet,South,Regular
54.0,65997.2,4.0,desktop,South,Regular
25.0,90582.01,5.0,mobile,North,Budget
69.0,48555.11,5.0,desktop,North,Regular
39.0,57351.89,8.0,mobile,West,Regular
61.0,64179.88,6.0,mobile,West,Regular
47.0,50367.88,7.0,mobile,North,Regular
63.0,81480.21,7.0,desktop,South,Premium
46.0,72531.68,12.0,mobile,South,Premium
34.0,76295.72,6.0,tablet,West,Regular
64.0,56815.27,4.0,mobile,East,Premium
64.0,48824.6,7.0,desktop,North,Regular
58.0,48575.61,4.0,mobile,East,Budget
52.0,48376.49,3.0,desktop,East,Regular
24.0,22303.5,3.0,desktop,East,Budget
57.0,63219.36,5.0,desktop,East,Regular
61.0,72403.35,8.0,mobile,North,Regular
51.0,55610.24,7.0,desktop,East,Regular
46.0,45705.99,4.0,mobile,South,Regular
52.0,56566.11,8.0,desktop,East,Regular
53.0,60397.18,5.0,desktop,West,Regular
23.0,62474.75,5.0,desktop,East,Regular
26.0,92429.81,3.0,tablet,South,Regular
32.0,38372.34,8.0,mobile,West,Regular
42.0,63217.21,2.0,tablet,North,Regular
38.0,69846.35,2.0,mobile,West,Regular
54.0,57386.77,10.0,desktop,South,Premium
49.0,51019.94,8.0,tablet,East,Regular
59.0,34951.82,3.0,mobile,West,Budget
28.0,43714.16,2.0,mobile,North,Budget
59.0,70147.5,8.0,desktop,West,Premium
29.0,85316.38,5.0,desktop,South,Premium
29.0,42451.3,5.0,mobile,South,Regular
65.0,65366.07,9.0,mobile,South,Regular
61.0,66346.23,1.0,mobile,North,Regular
23.0,76260.19,10.0,desktop,South,Premium
47.0,60748.87,5.0,mobile,North,Regular
67.0,64767.54,5.0,tablet,West,Regular
52.0,73936.73,10.0,desktop,East,Premium
47.0,32151.39,7.0,tablet,South,Regular
62.0,56721.47,4.0,mobile,South,Regular
49.0,19978.46,6.0,mobile,North,Budget
39.0,15794.22,10.0,desktop,East,Regular
65.0,39079.92,8.0,mobile,West,Premium
65.0,24558.55,7.0,desktop,East,Regular
66.0,66033.27,4.0,mobile,East,Regular
63.0,75890.15,7.0,mobile,East,Regular
31.0,49573.42,6.0,mobile,East,Regular
60.0,52950.28,8.0,mobile,North,Regular
34.0,51021.6,6.0,mobile,North,Regular
37.0,50454.84,2.0,mobile,East,Budget
48.0,58484.34,8.0,mobile,East,Regular
45.0,62843.01,6.0,desktop,North,Regular
63.0,46392.58,5.0,mobile,East,Regular
27.0,39831.01,7.0,mobile,South,Regular
49.0,45212.04,6.0,mobile,East,Regular
57.0,71929.33,10.0,mobile,East,Premium
40.0,47236.56,5.0,desktop,North,Regular
64.0,85036.93,4.0,mobile,East,Regular
57.0,50839.54,9.0,mobile,East,Regular
26.0,83340.04,7.0,desktop,West,Premium
25.0,31617.33,7.0,mobile,South,Regular
56.0,41710.0,3.0,desktop,South,Regular
37.0,65363.03,1.0,desktop,South,Regular
54.0,65579.75,9.0,mobile,West,Regular
57.0,52546.97,6.0,desktop,East,Regular
19.0,96859.2,6.0,mobile,West,Premium
54.0,57155.94,5.0,mobile,East,Regular
65.0,61535.65,7.0,mobile,East,Regular
60.0,44220.84,8.0,tablet,North,Regular
42.0,89090.1,6.0,tablet,East,Premium
42.0,72965.68,8.0,desktop,North,Premium
31.0,64015.92,13.0,desktop,South,Premium
43.0,22716.39,5.0,mobile,North,Budget
19.0,63009.84,4.0,desktop,South,Regular
28.0,46294.79,3.0,tablet,East,Regular
58.0,63600.29,4.0,desktop,South,Regular
34.0,74077.32,8.0,mobile,West,Premium
35.0,40608.45,3.0,mobile,East,Budget
54.0,60054.05,6.0,desktop,North,Premium
44.0,73362.33,5.0,mobile,East,Regular
41.0,58954.39,7.0,mobile,North,Regular
28.0,49060.51,9.0,mobile,South,Regular
35.0,34370.17,3.0,desktop,East,Regular
49.0,42221.99,7.0,mobile,North,Regular
49.0,30138.11,5.0,mobile,East,Budget
38.0,75527.71,9.0,mobile,West,Premium
53.0,57762.21,10.0,mobile,East,Regular
59.0,31233.12,5.0,mobile,West,Budget
22.0,55556.19,4.0,desktop,North,Regular
52.0,29725.83,8.0,tablet,South,Regular
55.0,12000.0,7.0,mobile,East,Budget
55.0,79927.62,8.0,desktop,North,Premium
32.0,79184.7,4.0,desktop,South,Premium
31.0,26027.58,5.0,desktop,South,Regular
40.0,41228.25,6.0,mobile,South,Premium
21.0,59781.75,7.0,mobile,East,Regular
33.0,47942.05,13.0,mobile,South,Premium
63.0,38462.02,4.0,mobile,South,Budget
61.0,45323.42,9.0,tablet,East,Regular
66.0,50802.11,8.0,mobile,South,Regular
19.0,44531.46,12.0,tablet,North,Regular
51.0,59851.07,10.0,mobile,North,Regular
20.0,50974.79,3.0,tablet,South,Regular
65.0,40350.77,8.0,desktop,East,Regular
44.0,56100.26,3.0,desktop,South,Regular
54.0,22282.13,7.0,mobile,East,Budget
30.0,84595.33,5.0,mobile,East,Regular
49.0,20721.91,13.0,tablet,North,Regular
61.0,53933.46,4.0,desktop,East,Regular
39.0,62413.35,3.0,desktop,South,Regular
59.0,63905.24,6.0,desktop,West,Regular
36.0,60820.56,5.0,mobile,South,Regular
29.0,80921.43,5.0,mobile,West,Regular
43.0,33039.29,3.0,desktop,East,Regular
53.0,54197.55,8.0,mobile,North,Regular
29.0,58518.48,5.0,mobile,West,Regular
45.0,45638.77,9.0,desktop,East,Regular
40.0,43681.51,4.0,mobile,East,Regular
62.0,81352.68,5.0,mobile,East,Regular
44.0,,4.0,mobile,North,Budget
18.0,45978.18,6.0,tablet,West,Regular
19.0,50032.26,6.0,desktop,West,Regular
44.0,51298.07,5.0,tablet,South,Regular
38.0,58793.41,4.0,desktop,North,Regular
21.0,51406.97,6.0,desktop,West,Premium
32.0,63014.9,6.0,desktop,West,Regular
35.0,58250.61,4.0,mobile,West,Regular
50.0,65139.8,3.0,mobile,South,Regular
28.0,82932.01,5.0,mobile,North,Regular
60.0,38638.81,5.0,mobile,North,Regular
53.0,88523.65,5.0,desktop,West,Premium
49.0,46540.8,5.0,desktop,West,Regular
54.0,68818.94,11.0,mobile,East,Premium
52.0,58719.88,8.0,desktop,West,Regular
23.0,49585.14,5.0,desktop,East,Premium
49.0,16301.11,5.0,mobile,North,Budget
28.0,87702.57,6.0,mobile,East,Premium
31.0,40377.67,5.0,mobile,West,Regular
59.0,39759.07,3.0,mobile,East,Budget
37.0,76708.45,5.0,mobile,West,Regular
58.0,56992.97,3.0,desktop,North,Regular
61.0,93448.81,5.0,mobile,East,Regular
30.0,89060.52,7.0,mobile,East,Premium
67.0,69622.55,3.0,desktop,East,Regular
41.0,60506.32,6.0,desktop,North,Regular
27.0,70687.8,2.0,mobile,South,Regular
32.0,29203.19,5.0,tablet,West,Budget
18.0,58892.29,4.0,desktop,North,Budget
26.0,58409.49,10.0,mobile,South,Regular
67.0,46067.09,3.0,tablet,East,Budget
25.0,60527.09,7.0,mobile,East,Regular
62.0,26345.37,7.0,tablet,East,Budget
52.0,73441.38,6.0,desktop,West,Premium
49.0,81114.29,6.0,mobile,North,Regular
63.0,29647.96,5.0,desktop,North,Regular
60.0,58345.7,8.0,desktop,North,Regular
44.0,86240.45,2.0,mobile,South,Regular
48.0,63788.84,5.0,mobile,North,Regular
69.0,34911.74,3.0,mobile,West,Budget
65.0,35774.36,5.0,desktop,North,Regular
35.0,72421.42,6.0,mobile,East,Regular
30.0,91935.74,10.0,mobile,North,Premium
19.0,33826.77,7.0,mobile,West,Regular
41.0,56175.97,7.0,mobile,South,Regular
50.0,39983.04,7.0,mobile,East,Regular
52.0,49762.14,8.0,mobile,West,Regular
69.0,61563.46,7.0,desktop,West,Regular
29.0,54592.58,7.0,mobile,North,Regular
43.0,41780.86,4.0,mobile,West,Budget
55.0,97255.39,8.0,mobile,North,Premium
22.0,52264.47,6.0,mobile,West,Regular
31.0,51798.3,5.0,desktop,South,Regular
56.0,77457.91,7.0,desktop,North,Premium
54.0,55650.04,6.0,mobile,North,Regular
28.0,,6.0,mobile,East,Regular
59.0,74257.68,6.0,desktop,West,Premium
63.0,34857.99,6.0,desktop,South,Regular
40.0,70261.03,5.0,mobile,South,Budget
35.0,75861.16,8.0,mobile,South,Premium
69.0,68552.77,6.0,desktop,South,Regular
31.0,51854.61,9.0,mobile,South,Regular
50.0,55240.72,8.0,desktop,North,Regular
36.0,21321.15,4.0,tablet,East,Budget
57.0,52811.16,7.0,mobile,West,Regular
50.0,61135.33,6.0,desktop,North,Regular
19.0,72601.21,7.0,desktop,West,Premium
20.0,58208.27,2.0,mobile,West,Regular
23.0,47673.53,10.0,mobile,North,Regular
69.0,38763.97,3.0,mobile,North,Budget
54.0,54482.2,8.0,desktop,North,Regular
34.0,58055.01,4.0,desktop,South,Regular
67.0,79369.93,8.0,desktop,East,Premium
33.0,55561.1,8.0,mobile,West,Regular
50.0,45463.4,4.0,desktop,North,Regular
43.0,53258.17,3.0,mobile,South,Regular
65.0,45811.66,2.0,mobile,North,Premium
43.0,50730.26,3.0,tablet,North,Regular
21.0,12000.0,6.0,mobile,West,Budget
38.0,23830.58,4.0,mobile,East,Budget
64.0,31724.54,3.0,desktop,East,Budget
38.0,64596.81,5.0,desktop,East,Regular
63.0,53826.31,4.0,tablet,North,Regular
19.0,58280.6,1.0,desktop,North,Regular
50.0,78379.8,9.0,tablet,North,Premium
25.0,34733.32,6.0,desktop,North,Regular
40.0,77987.19,6.0,tablet,East,Regular
45.0,62974.3,6.0,mobile,North,Regular
54.0,41233.88,3.0,mobile,East,Budget
55.0,84821.2,6.0,mobile,East,Regular
30.0,,5.0,desktop,East,Regular
54.0,33064.19,5.0,desktop,North,Regular
52.0,51238.71,9.0,mobile,West,Regular
18.0,63369.05,8.0,mobile,East,Regular
54.0,51568.0,5.0,desktop,West,Regular
66.0,13120.11,7.0,mobile,West,Budget
46.0,49449.85,6.0,mobile,West,Regular
28.0,53684.77,5.0,mobile,South,Regular
31.0,105659.38,4.0,tablet,North,Premium
58.0,82505.71,6.0,mobile,North,Regular
18.0,57778.21,4.0,mobile,South,Regular
26.0,33778.34,7.0,mobile,West,Regular
28.0,62102.31,4.0,desktop,South,Regular
30.0,32289.43,6.0,mobile,North,Regular
61.0,59347.98,4.0,mobile,South,Regular
24.0,62582.54,4.0,mobile,South,Regular
29.0,47417.63,7.0,desktop,South,Regular
64.0,60267.1,8.0,mobile,North,Regular
21.0,48812.35,2.0,desktop,South,Regular
33.0,44053.02,7.0,mobile,West,Regular
30.0,85646.06,8.0,desktop,South,Premium
59.0,,7.0,desktop,North,Regular
44.0,,7.0,mobile,West,Regular
25.0,40175.45,4.0,mobile,North,Regular
48.0,58827.75,3.0,desktop,West,Regular
65.0,66518.1,7.0,mobile,South,Regular
63.0,72139.8,10.0,mobile,East,Premium
66.0,84424.49,3.0,desktop,South,Regular
62.0,64431.88,5.0,mobile,West,Regular
62.0,33218.42,6.0,desktop,East,Regular
68.0,95395.85,6.0,tablet,East,Premium
49.0,78231.06,8.0,mobile,East,Premium
63.0,71726.26,5.0,mobile,North,Regular
34.0,81704.72,9.0,desktop,West,Premium
41.0,25916.13,7.0,tablet,West,Budget
35.0,47943.81,1.0,mobile,North,Budget
25.0,45207.86,5.0,mobile,North,Regular
21.0,78789.09,3.0,desktop,West,Premium
67.0,32005.17,4.0,mobile,West,Budget
53.0,48940.95,12.0,desktop,South,Budget
29.0,85260.52,7.0,mobile,East,Premium
35.0,68079.17,9.0,mobile,West,Premium
50.0,47699.5,6.0,desktop,East,Regular
25.0,92397.92,9.0,mobile,East,Premium
31.0,29061.0,2.0,desktop,West,Budget
22.0,64225.6,5.0,mobile,North,Regular
60.0,50793.57,8.0,mobile,North,Regular
38.0,65356.88,4.0,tablet,South,Regular
28.0,49838.04,6.0,mobile,West,Regular
28.0,38782.43,6.0,mobile,North,Regular
39.0,59479.38,3.0,desktop,East,Regular
53.0,29293.7,5.0,mobile,South,Budget
29.0,65739.85,9.0,mobile,East,Premium
28.0,48965.7,8.0,mobile,West,Regular
62.0,73457.19,10.0,mobile,South,Premium
18.0,46433.44,8.0,desktop,North,Regular
50.0,42001.66,6.0,mobile,West,Regular
18.0,63129.11,4.0,desktop,East,Regular
50.0,79596.08,8.0,mobile,West,Premium
31.0,14402.48,8.0,mobile,West,Budget
34.0,57599.09,7.0,mobile,South,Regular
44.0,67590.04,6.0,tablet,South,Regular
27.0,27219.27,7.0,tablet,North,Regular
56.0,37876.4,7.0,mobile,North,Regular
62.0,67916.02,5.0,mobile,West,Regular
40.0,38932.94,8.0,mobile,South,Regular
57.0,42650.17,6.0,mobile,East,Regular
57.0,89089.45,10.0,desktop,North,Regular
56.0,36638.42,5.0,mobile,North,Budget
57.0,38201.61,4.0,mobile,South,Budget
69.0,12000.0,3.0,desktop,South,Budget
30.0,33631.03,4.0,desktop,East,Regular
47.0,30950.42,6.0,tablet,West,Budget
67.0,89024.62,5.0,desktop,East,Premium
27.0,79200.52,6.0,mobile,West,Premium
36.0,30277.6,8.0,desktop,South,Regular
49.0,93965.26,5.0,mobile,East,Premium
22.0,70394.02,5.0,desktop,North,Premium
32.0,51648.22,5.0,desktop,North,Regular
34.0,71142.34,8.0,mobile,North,Regular
44.0,62712.15,6.0,desktop,South,Regular
46.0,40116.45,3.0,mobile,East,Budget
41.0,20515.83,11.0,mobile,South,Regular
60.0,37261.81,6.0,desktop,North,Regular
47.0,55083.96,5.0,mobile,West,Regular
56.0,48157.9,6.0,mobile,North,Regular
65.0,40601.41,6.0,desktop,East,Regular
47.0,74399.96,11.0,mobile,North,Premium
60.0,34191.07,5.0,mobile,West,Budget
42.0,72748.18,5.0,desktop,East,Regular
39.0,45669.55,5.0,mobile,West,Regular
20.0,57326.07,7.0,desktop,West,Premium
60.0,33078.05,9.0,mobile,North,Regular
22.0,55003.09,7.0,desktop,South,Regular
62.0,39737.35,5.0,mobile,West,Budget
26.0,20751.69,6.0,tablet,East,Budget
58.0,54777.74,5.0,mobile,South,Regular
68.0,54146.46,6.0,mobile,North,Regular
46.0,71503.24,6.0,desktop,West,Premium
57.0,60755.94,5.0,mobile,South,Regular
64.0,35161.92,5.0,mobile,North,Budget
61.0,43059.22,5.0,desktop,East,Regular
43.0,12000.0,5.0,mobile,North,Budget
65.0,33062.32,9.0,desktop,North,Regular
23.0,80727.83,4.0,mobile,North,Regular
23.0,85016.06,9.0,desktop,West,Premium
32.0,70179.67,7.0,desktop,West,Premium
69.0,61104.46,12.0,desktop,South,Premium
52.0,66723.0,6.0,tablet,North,Regular
27.0,64732.11,9.0,mobile,South,Premium
37.0,20934.79,11.0,mobile,South,Regular
18.0,37919.61,3.0,mobile,East,Budget
39.0,78506.2,8.0,mobile,South,Premium
49.0,78410.31,4.0,mobile,East,Regular
38.0,59866.7,7.0,desktop,East,Regular
44.0,49007.01,7.0,mobile,South,Regular
27.0,,4.0,mobile,West,Regular
21.0,44398.53,3.0,desktop,North,Regular
22.0,36842.46,3.0,mobile,North,Budget
53.0,17102.2,9.0,mobile,South,Budget
20.0,58058.83,9.0,desktop,East,Premium
27.0,46191.88,11.0,mobile,North,Regular
52.0,50888.01,7.0,tablet,East,Regular
59.0,88958.49,1.0,desktop,West,Regular
34.0,66799.6,6.0,mobile,South,Regular
43.0,,9.0,mobile,North,Regular
41.0,66573.36,9.0,desktop,East,Premium
57.0,25404.15,4.0,mobile,West,Budget
66.0,75878.77,11.0,mobile,North,Premium
61.0,60311.94,1.0,mobile,East,Budget
50.0,51281.5,4.0,mobile,North,Regular
56.0,66392.84,6.0,desktop,North,Regular
60.0,83868.71,5.0,desktop,East,Premium
62.0,45939.42,8.0,mobile,North,Regular
57.0,,2.0,desktop,West,Budget
55.0,96891.48,5.0,desktop,North,Premium
67.0,55412.84,8.0,mobile,South,Regular
36.0,84638.76,7.0,mobile,East,Premium
21.0,41743.59,1.0,desktop,East,Regular
43.0,62582.91,10.0,mobile,South,Regular
37.0,42423.84,7.0,mobile,South,Regular
20.0,67627.57,4.0,mobile,North,Regular
67.0,49630.95,10.0,desktop,North,Regular
68.0,41845.21,7.0,mobile,North,Regular
42.0,85785.32,6.0,mobile,North,Premium
56.0,61811.22,5.0,mobile,West,Regular
67.0,14931.9,6.0,desktop,East,Budget
42.0,50430.45,3.0,mobile,North,Regular
27.0,36929.97,3.0,desktop,South,Regular
23.0,30966.07,5.0,mobile,South,Budget
21.0,43528.72,5.0,mobile,South,Regular
21.0,45622.69,5.0,mobile,East,Regular
64.0,55735.31,6.0,desktop,East,Regular
54.0,39361.93,6.0,mobile,South,Regular
39.0,18190.88,10.0,mobile,North,Regular
67.0,44457.3,2.0,desktop,North,Budget
44.0,72494.0,8.0,desktop,West,Premium
37.0,28006.02,3.0,mobile,South,Budget
66.0,67323.32,5.0,mobile,East,Regular
55.0,64155.09,4.0,mobile,East,Regular
29.0,46175.77,6.0,desktop,South,Regular
54.0,61190.16,6.0,mobile,West,Regular
68.0,40199.39,6.0,desktop,South,Regular
38.0,47118.51,6.0,mobile,South,Regular
38.0,34793.14,6.0,desktop,South,Regular
45.0,64274.84,10.0,tablet,South,Regular
30.0,82234.13,13.0,mobile,West,Premium
66.0,41574.52,4.0,mobile,South,Budget
30.0,78793.59,4.0,desktop,North,Premium
59.0,12677.43,5.0,desktop,East,Budget
44.0,37463.14,5.0,desktop,West,Regular
52.0,34942.58,2.0,mobile,North,Budget
42.0,89218.21,5.0,desktop,West,Premium
53.0,43294.36,4.0,desktop,East,Regular
64.0,70514.54,3.0,mobile,East,Regular
47.0,14324.05,5.0,mobile,South,Budget
20.0,57298.56,6.0,desktop,West,Regular
56.0,66275.19,6.0,desktop,North,Regular
20.0,54288.46,2.0,desktop,South,Regular
47.0,12000.0,6.0,mobile,North,Budget
25.0,58538.81,6.0,desktop,South,Regular
60.0,71152.37,6.0,mobile,West,Regular
49.0,81298.49,4.0,desktop,East,Premium
51.0,62949.43,8.0,mobile,West,Regular
58.0,21413.77,3.0,mobile,East,Budget
30.0,50857.2,8.0,mobile,East,Regular
42.0,73003.32,2.0,desktop,South,Regular
28.0,38723.88,2.0,tablet,North,Budget
49.0,66265.96,7.0,mobile,West,Regular
39.0,45482.33,6.0,mobile,East,Regular
51.0,56853.33,3.0,mobile,West,Regular
49.0,70109.87,9.0,mobile,West,Regular
19.0,40893.98,5.0,desktop,South,Regular
28.0,112076.98,7.0,desktop,South,Premium
30.0,58037.22,4.0,desktop,South,Regular
37.0,61846.22,10.0,mobile,West,Regular
69.0,40231.96,8.0,tablet,East,Regular
42.0,56247.93,4.0,desktop,North,Regular
35.0,49660.67,4.0,desktop,North,Regular
62.0,25903.63,6.0,desktop,East,Budget
67.0,24457.42,4.0,desktop,West,Budget
33.0,60729.91,5.0,mobile,East,Regular
43.0,53252.85,7.0,mobile,South,Regular
24.0,12000.0,7.0,desktop,East,Regular
29.0,12183.99,6.0,mobile,North,Budget
45.0,48841.59,5.0,desktop,South,Regular
18.0,53629.45,3.0,mobile,West,Regular
55.0,67141.39,5.0,desktop,West,Regular
29.0,30251.0,2.0,desktop,East,Budget
44.0,66827.35,3.0,mobile,West,Regular
34.0,48853.85,5.0,mobile,East,Regular
30.0,44862.42,1.0,mobile,East,Budget
40.0,52169.24,5.0,mobile,South,Regular
53.0,74700.54,5.0,mobile,North,Regular
41.0,66145.57,4.0,mobile,East,Regular
54.0,72779.4,9.0,mobile,East,Premium
46.0,41250.24,1.0,mobile,East,Budget
57.0,49322.22,4.0,mobile,South,Budget
42.0,31752.63,8.0,mobile,East,Regular
49.0,43932.62,9.0,mobile,East,Regular
19.0,47071.6,3.0,mobile,West,Regular
27.0,45687.82,7.0,mobile,West,Regular
31.0,69260.33,2.0,tablet,South,Regular
47.0,63503.12,7.0,mobile,West,Regular
68.0,70183.26,6.0,mobile,North,Regular
24.0,57564.31,4.0,mobile,West,Regular
19.0,76451.21,10.0,mobile,North,Premium
51.0,57274.11,7.0,tablet,South,Regular
56.0,74311.05,4.0,tablet,North,Regular
63.0,65059.27,4.0,tablet,West,Regular
42.0,69703.76,4.0,mobile,South,Regular
58.0,53660.6,7.0,mobile,East,Regular
54.0,30226.48,6.0,desktop,East,Regular
19.0,26104.59,2.0,mobile,West,Budget
35.0,94147.63,5.0,mobile,South,Premium
55.0,62756.8,7.0,desktop,East,Regular
37.0,63869.14,5.0,mobile,West,Regular
48.0,51662.01,7.0,mobile,West,Regular
44.0,45829.27,6.0,mobile,North,Regular
51.0,112435.48,5.0,mobile,West,Premium
65.0,32601.86,7.0,desktop,South,Regular
62.0,53745.29,9.0,desktop,East,Regular
35.0,53973.19,5.0,desktop,North,Regular
41.0,32380.23,6.0,desktop,East,Regular
22.0,29565.3,1.0,mobile,East,Budget
59.0,40936.7,8.0,desktop,West,Regular
19.0,48124.14,7.0,desktop,South,Budget
41.0,45287.61,6.0,mobile,West,Regular
63.0,71264.68,4.0,mobile,East,Regular
66.0,31426.42,2.0,mobile,South,Budget
34.0,63094.34,6.0,desktop,North,Regular
67.0,84372.2,1.0,mobile,North,Regular
24.0,72859.2,4.0,desktop,East,Premium
55.0,32215.76,7.0,desktop,East,Regular
49.0,12000.0,9.0,tablet,East,Budget
59.0,71906.59,4.0,mobile,West,Regular
61.0,64934.6,3.0,mobile,North,Regular
40.0,43286.83,6.0,mobile,North,Regular
49.0,80613.36,3.0,mobile,North,Regular
56.0,46909.22,5.0,desktop,West,Regular
25.0,57159.0,2.0,desktop,West,Regular
49.0,34237.11,7.0,mobile,South,Regular
39.0,61381.78,7.0,desktop,East,Premium
37.0,46394.7,6.0,mobile,West,Regular
31.0,44930.01,3.0,desktop,West,Regular
42.0,76597.13,4.0,mobile,West,Regular
18.0,59288.69,7.0,desktop,West,Premium
49.0,25089.89,7.0,desktop,East,Regular
68.0,68830.44,7.0,desktop,South,Regular
42.0,71731.72,8.0,mobile,East,Regular
41.0,38356.34,7.0,mobile,North,Regular
41.0,47140.46,7.0,mobile,South,Regular
25.0,56076.29,6.0,mobile,North,Regular
46.0,50012.41,7.0,tablet,East,Regular
64.0,57477.8,3.0,mobile,West,Regular
63.0,,7.0,mobile,North,Regular
69.0,45164.51,7.0,mobile,East,Regular
26.0,96615.76,3.0,desktop,East,Premium
60.0,40762.5,4.0,desktop,West,Regular
44.0,44221.54,5.0,mobile,South,Regular
31.0,94376.95,4.0,mobile,West,Premium
57.0,102691.6,7.0,mobile,East,Premium
27.0,55752.06,6.0,tablet,North,Regular
42.0,51255.15,7.0,mobile,East,Regular
45.0,33541.76,7.0,mobile,South,Regular
46.0,77856.13,2.0,desktop,East,Regular
48.0,58463.11,14.0,mobile,East,Premium
22.0,38076.2,8.0,mobile,West,Regular
63.0,63118.48,10.0,mobile,South,Regular
27.0,82409.79,5.0,mobile,East,Regular
68.0,68715.01,2.0,desktop,North,Regular
67.0,99163.31,8.0,tablet,South,Premium
65.0,78192.33,5.0,mobile,North,Regular
33.0,63811.57,7.0,mobile,South,Regular
35.0,54344.46,5.0,mobile,South,Regular
58.0,66002.48,4.0,tablet,South,Regular
48.0,79346.81,3.0,desktop,West,Regular
69.0,72174.5,8.0,tablet,West,Regular
24.0,76096.59,13.0,desktop,South,Premium
48.0,59457.62,8.0,desktop,East,Premium
44.0,70328.81,4.0,mobile,East,Regular
66.0,79304.64,10.0,desktop,North,Premium
21.0,51691.45,5.0,desktop,East,Regular
40.0,29077.47,6.0,mobile,East,Budget
23.0,89524.21,6.0,mobile,East,Premium
57.0,66666.62,7.0,mobile,North,Regular
24.0,46207.53,9.0,mobile,East,Regular
68.0,59681.99,7.0,mobile,South,Regular
33.0,50059.22,8.0,desktop,North,Regular
40.0,20899.04,3.0,mobile,East,Budget
34.0,51328.23,11.0,mobile,North,Regular
35.0,26520.9,5.0,desktop,South,Regular
54.0,59055.51,1.0,desktop,South,Regular
37.0,52814.7,6.0,desktop,East,Regular
21.0,77671.87,7.0,mobile,West,Premium
25.0,52599.2,6.0,mobile,West,Regular
23.0,62480.76,2.0,desktop,North,Regular
69.0,49025.3,4.0,mobile,North,Budget
52.0,47403.63,10.0,tablet,South,Regular
66.0,27052.04,3.0,desktop,South,Budget
52.0,74808.89,8.0,mobile,North,Regular
53.0,58414.44,7.0,tablet,North,Regular
54.0,43343.52,3.0,desktop,West,Regular
64.0,59167.6,7.0,mobile,North,Regular
55.0,,4.0,desktop,East,Regular
41.0,40517.23,7.0,mobile,East,Regular
52.0,59987.44,10.0,mobile,North,Regular
38.0,79301.3,5.0,desktop,West,Premium
46.0,49610.24,5.0,desktop,North,Regular
25.0,26506.37,13.0,mobile,West,Regular
56.0,42706.72,7.0,desktop,East,Regular
19.0,90947.3,7.0,mobile,West,Premium
22.0,38777.12,6.0,mobile,South,Regular
30.0,78759.16,5.0,mobile,South,Regular
29.0,50220.53,6.0,mobile,North,Regular
57.0,69803.75,9.0,mobile,South,Regular
56.0,52876.56,9.0,tablet,North,Regular
30.0,23453.12,5.0,mobile,North,Budget
28.0,46763.13,4.0,tablet,East,Regular
35.0,97241.94,7.0,desktop,East,Premium
45.0,52365.84,4.0,desktop,South,Regular
55.0,66296.36,8.0,desktop,East,Premium
31.0,48275.66,4.0,desktop,North,Regular
54.0,52364.51,5.0,mobile,South,Regular
40.0,61447.71,6.0,desktop,West,Regular
22.0,64483.95,9.0,desktop,North,Premium
61.0,99395.04,3.0,mobile,South,Regular
34.0,54699.24,7.0,desktop,East,Regular
52.0,51410.82,6.0,mobile,South,Regular
32.0,41772.02,7.0,desktop,East,Regular
41.0,28757.23,7.0,desktop,West,Regular
51.0,22827.58,3.0,mobile,West,Budget
32.0,68285.51,6.0,desktop,South,Premium
22.0,17794.93,4.0,desktop,West,Budget
59.0,83148.32,3.0,desktop,North,Regular
22.0,72205.68,9.0,tablet,West,Premium
52.0,49130.74,6.0,desktop,East,Regular
49.0,31953.39,10.0,tablet,North,Regular
40.0,55603.75,8.0,mobile,West,Regular
26.0,55480.87,7.0,tablet,West,Regular
63.0,77584.91,11.0,desktop,West,Premium
38.0,40211.46,5.0,mobile,North,Regular
54.0,47495.02,5.0,desktop,East,Regular
61.0,53996.77,1.0,desktop,South,Regular
68.0,49509.47,5.0,mobile,East,Regular
59.0,42571.08,6.0,mobile,West,Regular
52.0,20765.9,4.0,desktop,West,Budget
68.0,22267.57,5.0,mobile,East,Budget
64.0,41547.89,7.0,mobile,South,Regular
19.0,50569.49,4.0,desktop,East,Regular
46.0,75035.95,8.0,mobile,North,Regular
34.0,101246.58,5.0,mobile,South,Premium
54.0,89344.19,5.0,desktop,North,Premium
24.0,62968.14,11.0,mobile,East,Premium
61.0,92630.52,3.0,mobile,West,Regular
68.0,52745.82,7.0,mobile,South,Regular
22.0,44532.7,8.0,desktop,West,Regular
57.0,101331.48,7.0,desktop,North,Premium
42.0,33732.49,6.0,desktop,North,Regular
69.0,46784.2,6.0,desktop,East,Budget
49.0,49812.18,4.0,mobile,North,Regular
67.0,84259.2,7.0,mobile,West,Budget
21.0,43186.6,11.0,tablet,North,Regular
49.0,70696.45,10.0,mobile,East,Premium
59.0,46937.01,6.0,tablet,West,Regular
20.0,30614.83,11.0,mobile,North,Regular
55.0,59792.3,6.0,desktop,South,Regular
61.0,58441.61,7.0,mobile,East,Regular
66.0,31966.93,7.0,desktop,West,Regular
46.0,37776.54,7.0,mobile,East,Regular
37.0,39227.11,1.0,mobile,East,Budget
61.0,74351.09,4.0,desktop,North,Regular
42.0,64317.27,7.0,mobile,North,Regular
34.0,59853.94,5.0,mobile,West,Regular
65.0,64897.67,6.0,mobile,South,Regular
58.0,45571.38,2.0,desktop,West,Regular
39.0,64643.83,10.0,desktop,East,Premium
20.0,43003.63,6.0,mobile,West,Regular
61.0,28464.92,11.0,tablet,West,Regular
29.0,41046.88,3.0,mobile,North,Budget
39.0,59317.38,4.0,desktop,North,Regular
20.0,56906.96,3.0,mobile,East,Regular
35.0,76253.81,8.0,desktop,North,Premium
65.0,21349.74,8.0,mobile,East,Budget
32.0,50720.74,3.0,mobile,West,Regular
21.0,63007.36,7.0,mobile,West,Regular
29.0,35874.37,9.0,mobile,East,Regular
27.0,60102.61,4.0,mobile,North,Regular
40.0,46942.12,10.0,desktop,East,Premium
26.0,32534.16,4.0,mobile,North,Budget
26.0,77543.49,6.0,desktop,West,Premium
31.0,27356.36,8.0,desktop,South,Regular
61.0,75130.98,7.0,desktop,West,Premium
32.0,46857.02,5.0,mobile,East,Regular
68.0,36336.66,9.0,mobile,East,Regular
56.0,37449.16,4.0,mobile,East,Budget
23.0,40392.15,7.0,mobile,West,Regular
37.0,38194.52,6.0,desktop,West,Regular
20.0,60520.29,6.0,desktop,East,Premium
27.0,17790.06,7.0,mobile,East,Budget
18.0,79933.55,3.0,desktop,South,Premium
36.0,71840.05,5.0,mobile,East,Regular
66.0,82890.62,5.0,mobile,North,Regular
68.0,35501.73,9.0,desktop,East,Premium
21.0,12000.0,7.0,desktop,West,Regular
34.0,42678.4,7.0,tablet,South,Regular
53.0,51802.1,10.0,tablet,West,Regular
56.0,61219.93,6.0,desktop,South,Regular
33.0,44796.58,3.0,mobile,South,Budget
43.0,,9.0,mobile,North,Regular
28.0,58155.16,7.0,desktop,North,Premium
45.0,24204.22,5.0,mobile,South,Budget
30.0,91275.05,6.0,mobile,West,Premium
26.0,32732.62,4.0,mobile,West,Budget
53.0,60436.81,13.0,desktop,North,Premium
25.0,76744.89,6.0,mobile,West,Regular
18.0,39540.01,7.0,mobile,North,Regular
42.0,55255.23,8.0,mobile,South,Regular
62.0,87833.41,1.0,desktop,South,Regular
37.0,49569.73,12.0,mobile,South,Premium
47.0,76100.32,7.0,desktop,East,Premium
27.0,61028.92,5.0,desktop,North,Regular
30.0,59781.12,6.0,desktop,East,Regular
26.0,69566.12,6.0,mobile,West,Regular
28.0,50595.67,4.0,mobile,North,Regular
49.0,51034.34,5.0,desktop,West,Regular
52.0,74453.95,7.0,desktop,North,Premium
34.0,60459.91,10.0,desktop,West,Premium
50.0,65187.07,7.0,mobile,South,Regular
38.0,31336.15,6.0,desktop,West,Regular
34.0,55582.66,7.0,tablet,West,Regular
26.0,79495.41,4.0,mobile,East,Regular
35.0,73239.67,4.0,mobile,North,Regular
34.0,62141.52,9.0,desktop,North,Premium
42.0,44926.76,5.0,mobile,East,Regular
61.0,43032.99,8.0,mobile,North,Regular
65.0,64040.84,11.0,mobile,West,Regular
30.0,83643.55,7.0,mobile,South,Premium
45.0,56152.12,6.0,mobile,West,Regular
24.0,,4.0,mobile,East,Regular
61.0,49308.52,8.0,tablet,North,Regular
35.0,79302.6,4.0,desktop,East,Premium
51.0,35326.35,5.0,desktop,South,Regular
64.0,59037.89,5.0,mobile,North,Regular
47.0,33972.04,5.0,desktop,North,Regular
65.0,68493.42,6.0,tablet,West,Regular
43.0,66753.85,6.0,mobile,North,Regular
67.0,36332.06,8.0,mobile,West,Regular
53.0,40425.83,7.0,mobile,West,Regular
50.0,46457.66,4.0,mobile,West,Budget
43.0,25560.51,5.0,desktop,North,Regular
68.0,36800.45,8.0,desktop,South,Regular
55.0,38032.16,6.0,desktop,South,Regular
48.0,70933.04,7.0,tablet,North,Regular
27.0,82950.11,6.0,desktop,South,Premium
61.0,46432.38,7.0,desktop,South,Regular
34.0,49555.67,11.0,mobile,West,Regular
22.0,59576.12,7.0,tablet,East,Regular
63.0,44882.75,2.0,mobile,North,Budget
53.0,49747.59,4.0,mobile,North,Regular
38.0,72034.39,6.0,mobile,North,Regular
45.0,59902.93,5.0,mobile,North,Regular
61.0,53606.75,0.0,tablet,North,Budget
32.0,43867.45,6.0,mobile,West,Regular
66.0,,8.0,tablet,North,Premium
23.0,43043.21,7.0,tablet,East,Regular
48.0,57726.36,7.0,mobile,South,Regular
55.0,34673.92,5.0,desktop,North,Regular
23.0,43426.65,7.0,desktop,South,Regular
32.0,57190.36,10.0,tablet,South,Regular
57.0,47418.83,5.0,mobile,West,Regular
49.0,65959.31,8.0,desktop,North,Premium
52.0,56661.0,9.0,mobile,North,Regular
52.0,27675.57,4.0,desktop,West,Budget
33.0,12000.0,5.0,mobile,West,Budget
19.0,75182.74,8.0,mobile,North,Premium
62.0,43638.12,8.0,mobile,East,Regular
24.0,84851.94,8.0,mobile,South,Premium
43.0,55579.37,4.0,mobile,North,Regular
63.0,40026.89,6.0,mobile,West,Premium
20.0,66438.23,2.0,tablet,West,Regular
55.0,49874.14,2.0,mobile,East,Budget
21.0,55539.21,7.0,desktop,East,Premium
24.0,36725.84,7.0,desktop,West,Regular
29.0,68034.07,4.0,desktop,North,Regular
36.0,77163.32,8.0,desktop,South,Premium
49.0,44789.82,8.0,mobile,East,Regular
36.0,90909.76,8.0,desktop,South,Premium
60.0,43917.14,9.0,mobile,North,Regular
22.0,60259.37,7.0,tablet,East,Regular
23.0,22605.66,6.0,desktop,West,Regular
30.0,16860.68,9.0,desktop,South,Regular
19.0,97257.98,4.0,desktop,West,Premium
31.0,83728.1,7.0,desktop,East,Premium
50.0,78205.4,3.0,mobile,West,Regular
53.0,21362.94,7.0,desktop,North,Regular
39.0,59788.29,5.0,mobile,West,Regular
34.0,63654.86,7.0,desktop,South,Premium
40.0,56855.97,10.0,desktop,North,Premium
47.0,61211.38,3.0,mobile,North,Regular
60.0,36915.05,4.0,mobile,West,Budget
25.0,52064.32,3.0,desktop,East,Regular
65.0,32497.28,6.0,tablet,South,Budget
38.0,48282.4,5.0,mobile,South,Regular
68.0,62680.9,8.0,mobile,West,Regular
34.0,39631.44,4.0,mobile,North,Budget
58.0,49719.71,4.0,mobile,South,Regular
42.0,46641.63,3.0,mobile,North,Budget
18.0,55546.29,12.0,desktop,West,Premium
19.0,73630.13,1.0,desktop,West,Regular
25.0,59962.06,5.0,tablet,North,Regular
48.0,63130.9,5.0,desktop,South,Regular
48.0,,5.0,desktop,East,Regular
26.0,47987.92,9.0,mobile,South,Regular
67.0,71569.32,3.0,desktop,East,Regular
35.0,38033.3,4.0,mobile,North,Budget
22.0,46569.81,5.0,tablet,West,Regular
47.0,35865.6,8.0,tablet,South,Regular
44.0,81866.7,5.0,mobile,East,Regular
23.0,46183.04,7.0,desktop,North,Regular
38.0,40648.24,7.0,desktop,South,Regular
51.0,67545.83,6.0,desktop,South,Regular
39.0,77169.23,7.0,mobile,West,Regular
36.0,65077.42,5.0,desktop,South,Regular
31.0,74812.26,5.0,tablet,South,Budget
38.0,59418.77,4.0,desktop,West,Regular
32.0,52622.27,6.0,mobile,East,Regular
27.0,46395.05,3.0,desktop,North,Regular
30.0,45037.49,6.0,desktop,South,Regular
24.0,43262.18,5.0,mobile,North,Regular
23.0,62529.31,6.0,tablet,West,Regular
32.0,52921.72,5.0,desktop,South,Regular
46.0,56917.04,4.0,mobile,South,Regular
22.0,67267.37,1.0,mobile,South,Regular
41.0,54087.42,2.0,mobile,East,Budget
52.0,27813.38,4.0,desktop,North,Budget
55.0,,4.0,tablet,South,Budget
42.0,32810.88,5.0,mobile,South,Budget
51.0,17075.29,7.0,mobile,West,Budget
47.0,57246.52,5.0,desktop,South,Regular
67.0,31209.13,4.0,tablet,South,Budget
62.0,29529.35,8.0,tablet,South,Budget
35.0,33634.68,9.0,desktop,North,Regular
20.0,72587.49,4.0,mobile,West,Regular
63.0,48933.91,4.0,desktop,North,Regular
18.0,75100.86,6.0,tablet,South,Regular
38.0,53343.12,6.0,mobile,East,Regular
30.0,46427.08,3.0,mobile,South,Regular
52.0,66422.32,5.0,tablet,East,Regular
19.0,67048.74,5.0,desktop,South,Premium
59.0,57424.91,4.0,mobile,West,Regular
50.0,34411.99,8.0,desktop,North,Regular
38.0,45990.85,4.0,tablet,North,Regular
18.0,31513.08,7.0,mobile,South,Regular
41.0,49958.4,8.0,mobile,West,Regular
46.0,56976.69,10.0,mobile,North,Regular
50.0,84734.53,10.0,mobile,North,Premium
37.0,83329.58,5.0,mobile,South,Regular
23.0,68627.31,2.0,desktop,North,Regular
27.0,74164.72,8.0,desktop,South,Premium
45.0,59693.35,3.0,desktop,East,Budget
30.0,110471.74,7.0,mobile,South,Premium
22.0,85608.6,8.0,desktop,West,Regular
37.0,107955.3,4.0,desktop,West,Premium
29.0,62701.36,5.0,tablet,North,Regular
38.0,63326.7,4.0,desktop,North,Regular
50.0,76105.35,6.0,desktop,East,Premium
26.0,58840.32,4.0,mobile,West,Regular
68.0,61278.17,5.0,desktop,East,Regular
24.0,35331.74,5.0,mobile,West,Regular
69.0,73846.99,2.0,mobile,South,Regular
36.0,57763.35,8.0,desktop,South,Premium
31.0,71228.91,5.0,mobile,North,Regular
54.0,50640.89,8.0,tablet,North,Regular
25.0,19545.82,7.0,mobile,South,Budget
50.0,65064.2,4.0,mobile,South,Regular
44.0,78329.68,4.0,desktop,East,Premium
61.0,29453.87,1.0,mobile,South,Budget
40.0,35631.2,2.0,mobile,East,Budget
30.0,49013.43,3.0,desktop,South,Regular
37.0,50089.42,4.0,mobile,East,Regular
24.0,21039.4,7.0,mobile,West,Budget
57.0,90132.04,5.0,tablet,North,Regular
25.0,75232.85,2.0,mobile,West,Regular
54.0,42699.31,6.0,desktop,South,Regular
37.0,18792.25,6.0,desktop,West,Regular
47.0,62262.44,7.0,desktop,East,Premium
39.0,94682.31,7.0,tablet,West,Premium
50.0,71573.83,6.0,mobile,West,Regular
57.0,78094.28,7.0,mobile,North,Regular
48.0,36184.59,6.0,mobile,West,Regular
45.0,59657.5,4.0,mobile,North,Regular
53.0,25012.44,4.0,desktop,West,Budget
41.0,94573.03,3.0,mobile,South,Regular
66.0,66393.32,6.0,mobile,East,Regular
23.0,12900.17,4.0,tablet,North,Budget
67.0,18047.02,5.0,desktop,West,Budget
30.0,64590.41,9.0,desktop,West,Premium
68.0,57752.45,9.0,desktop,North,Regular
49.0,48780.7,3.0,mobile,West,Budget
62.0,67308.62,7.0,mobile,West,Regular
19.0,95142.37,5.0,mobile,East,Premium
23.0,62312.91,3.0,desktop,South,Regular
24.0,18915.65,1.0,tablet,South,Budget
41.0,,6.0,mobile,South,Regular
19.0,28764.11,6.0,mobile,East,Regular
58.0,38898.32,6.0,desktop,West,Regular
64.0,61482.75,7.0,mobile,North,Regular
33.0,51555.13,5.0,desktop,East,Regular
32.0,33658.7,4.0,mobile,South,Budget
49.0,54399.32,5.0,desktop,South,Regular
63.0,38601.56,3.0,mobile,South,Budget
20.0,65501.33,6.0,mobile,North,Regular
44.0,50048.98,9.0,tablet,North,Regular
28.0,62704.03,5.0,tablet,West,Regular
43.0,49529.58,10.0,desktop,South,Premium
38.0,69835.28,2.0,desktop,East,Regular
38.0,52142.87,7.0,desktop,West,Regular
21.0,54602.07,6.0,mobile,West,Regular
64.0,43546.22,5.0,desktop,South,Regular
40.0,57682.05,8.0,desktop,West,Premium
64.0,19367.73,4.0,mobile,North,Budget
29.0,108157.83,7.0,desktop,East,Premium
61.0,41207.17,4.0,mobile,East,Budget
62.0,56790.82,4.0,mobile,North,Regular
58.0,45323.72,4.0,mobile,East,Budget
34.0,45042.2,6.0,mobile,North,Regular
52.0,62838.48,3.0,mobile,South,Regular
37.0,44572.21,7.0,mobile,North,Regular
68.0,46219.48,7.0,tablet,East,Regular
59.0,27214.58,2.0,mobile,East,Budget
39.0,36296.49,5.0,desktop,West,Regular
47.0,,4.0,tablet,South,Budget
65.0,90790.49,4.0,mobile,West,Regular
20.0,28072.49,4.0,desktop,North,Regular
28.0,33280.94,6.0,mobile,West,Regular
29.0,58598.45,7.0,mobile,North,Regular
19.0,83295.65,5.0,mobile,West,Premium
49.0,20861.27,9.0,tablet,East,Budget
53.0,23754.81,4.0,desktop,North,Budget
28.0,57218.53,3.0,mobile,East,Regular
56.0,61461.86,4.0,desktop,West,Regular
30.0,26401.99,6.0,desktop,East,Regular
63.0,18684.79,8.0,mobile,East,Budget
50.0,35476.02,4.0,mobile,East,Budget
42.0,69633.16,9.0,desktop,East,Premium
43.0,53818.94,5.0,desktop,West,Regular
27.0,,12.0,mobile,East,Premium
31.0,52529.93,10.0,tablet,West,Regular
35.0,54003.31,5.0,mobile,South,Regular
47.0,66933.73,10.0,desktop,South,Premium
42.0,52280.4,8.0,mobile,East,Regular
50.0,59362.99,4.0,mobile,East,Regular
59.0,36407.69,13.0,desktop,West,Regular
20.0,42635.2,8.0,mobile,North,Regular
61.0,64000.04,7.0,mobile,East,Regular
32.0,49826.89,4.0,desktop,South,Regular
23.0,39671.36,9.0,mobile,West,Regular
34.0,67767.23,9.0,mobile,North,Premium
57.0,65542.63,1.0,desktop,South,Regular
63.0,54464.7,7.0,mobile,South,Regular
57.0,39427.14,5.0,mobile,North,Budget
20.0,72537.35,6.0,mobile,West,Regular
23.0,104534.26,4.0,mobile,South,Premium
36.0,38154.46,4.0,tablet,East,Budget
18.0,23764.22,12.0,mobile,West,Regular
28.0,38992.32,5.0,mobile,East,Regular
31.0,35916.79,3.0,desktop,South,Regular
54.0,29288.8,4.0,desktop,East,Budget
49.0,,6.0,desktop,North,Regular
60.0,71517.82,3.0,desktop,North,Regular
19.0,71748.87,8.0,mobile,West,Premium
20.0,84162.49,5.0,mobile,West,Premium
55.0,69479.57,8.0,mobile,West,Regular
62.0,44996.38,6.0,desktop,North,Regular
51.0,76232.25,5.0,desktop,North,Premium
54.0,42306.74,7.0,desktop,West,Regular
68.0,47585.47,6.0,desktop,South,Regular
29.0,31069.04,5.0,mobile,West,Budget
56.0,79053.63,3.0,mobile,North,Regular
65.0,74724.43,9.0,desktop,East,Premium
65.0,45240.39,3.0,mobile,North,Budget
33.0,48295.0,6.0,mobile,South,Regular
19.0,55207.68,5.0,desktop,North,Regular
59.0,58514.32,6.0,desktop,North,Regular
24.0,71381.46,6.0,desktop,North,Premium
21.0,55812.55,7.0,desktop,North,Premium
48.0,62490.79,5.0,desktop,North,Regular
41.0,24477.86,6.0,mobile,West,Budget
55.0,48442.92,7.0,tablet,East,Regular
44.0,18610.87,7.0,mobile,East,Budget
27.0,90112.08,5.0,mobile,North,Premium
64.0,82354.75,1.0,mobile,West,Regular
40.0,68762.84,7.0,desktop,East,Premium
61.0,76664.66,8.0,desktop,South,Premium
51.0,94517.32,7.0,mobile,West,Premium
46.0,73222.14,6.0,mobile,South,Regular
32.0,22595.98,12.0,desktop,West,Regular
20.0,50299.96,7.0,mobile,North,Regular
21.0,12000.0,12.0,desktop,West,Regular
40.0,38131.2,5.0,mobile,South,Budget
42.0,29535.29,6.0,desktop,West,Regular
37.0,54233.49,6.0,tablet,East,Regular
62.0,62183.29,6.0,mobile,East,Regular
69.0,35830.53,4.0,mobile,South,Budget
22.0,48719.77,4.0,desktop,East,Regular
53.0,59959.77,6.0,desktop,West,Regular
56.0,51227.81,6.0,desktop,North,Regular
39.0,50786.66,6.0,desktop,West,Regular
38.0,12000.0,2.0,mobile,South,Premium
36.0,45524.35,4.0,desktop,West,Regular
39.0,70180.13,5.0,mobile,East,Regular
57.0,59492.97,5.0,mobile,West,Regular
64.0,24676.52,4.0,mobile,West,Budget
22.0,48867.23,7.0,desktop,West,Regular
25.0,59635.09,3.0,tablet,West,Regular
60.0,,12.0,desktop,North,Regular
24.0,67790.19,7.0,mobile,South,Regular
52.0,38273.84,2.0,mobile,West,Budget
21.0,47676.68,6.0,mobile,North,Regular
40.0,52111.46,4.0,desktop,South,Regular
19.0,98813.06,3.0,desktop,South,Premium
54.0,47870.36,4.0,tablet,South,Budget
47.0,42860.23,6.0,mobile,East,Regular
38.0,68593.7,8.0,mobile,North,Regular
54.0,44854.85,8.0,desktop,North,Regular
25.0,58139.56,6.0,mobile,North,Regular
51.0,12000.0,5.0,mobile,West,Budget
39.0,60230.06,5.0,desktop,West,Regular
39.0,53880.74,12.0,tablet,South,Premium
20.0,28464.43,8.0,mobile,West,Regular
61.0,81399.56,8.0,mobile,South,Premium
22.0,49494.64,4.0,desktop,East,Regular
34.0,50345.17,6.0,tablet,South,Regular
40.0,27984.14,6.0,mobile,South,Budget
55.0,21753.59,3.0,tablet,West,Budget
60.0,42893.09,4.0,tablet,West,Budget
23.0,23802.56,6.0,mobile,West,Budget
28.0,64060.02,7.0,mobile,West,Regular
37.0,71630.37,6.0,tablet,North,Regular
44.0,41553.18,4.0,tablet,North,Budget
24.0,22066.06,4.0,tablet,East,Budget
68.0,46362.67,5.0,desktop,East,Premium
32.0,33033.08,3.0,mobile,West,Budget
61.0,57571.16,9.0,mobile,North,Regular
58.0,57827.62,11.0,mobile,West,Regular
64.0,45703.99,5.0,mobile,West,Budget
64.0,55691.01,10.0,desktop,West,Premium
53.0,75032.63,8.0,desktop,North,Premium
34.0,88288.92,5.0,desktop,East,Premium
48.0,43778.19,10.0,desktop,South,Regular
27.0,68654.97,5.0,mobile,North,Regular
48.0,49453.48,8.0,mobile,South,Regular
28.0,33058.49,2.0,desktop,South,Regular
49.0,79834.59,7.0,mobile,South,Regular
56.0,62048.85,7.0,mobile,West,Regular
42.0,57005.31,5.0,desktop,North,Regular
58.0,61282.64,4.0,desktop,East,Regular
36.0,50937.54,5.0,mobile,East,Regular
45.0,33129.82,4.0,mobile,South,Budget
30.0,89691.86,6.0,desktop,North,Premium
36.0,72172.36,5.0,desktop,East,Premium
21.0,59445.01,3.0,mobile,East,Regular
66.0,73485.75,5.0,mobile,West,Regular
37.0,79888.99,7.0,desktop,North,Premium
53.0,50181.85,6.0,tablet,West,Regular
58.0,65916.54,3.0,mobile,South,Regular
48.0,47688.74,3.0,mobile,South,Budget
46.0,67063.6,5.0,mobile,East,Regular
59.0,49088.36,1.0,mobile,South,Budget
26.0,102852.65,3.0,desktop,East,Premium
22.0,47029.75,2.0,mobile,North,Budget
60.0,64486.16,9.0,tablet,East,Premium
63.0,63433.72,8.0,tablet,North,Regular
20.0,47475.79,8.0,desktop,East,Regular
45.0,72894.83,11.0,mobile,West,Premium
66.0,52499.69,8.0,mobile,East,Regular
41.0,45931.66,4.0,mobile,East,Regular
51.0,54199.05,7.0,desktop,North,Budget
37.0,39153.44,10.0,desktop,North,Regular
46.0,78099.01,6.0,mobile,West,Regular
35.0,66670.33,6.0,desktop,East,Premium
39.0,73807.66,10.0,desktop,West,Premium
59.0,27151.27,9.0,mobile,West,Regular
60.0,59583.32,6.0,mobile,West,Regular
29.0,38792.28,8.0,mobile,South,Regular
18.0,55895.11,7.0,desktop,North,Premium
67.0,79646.18,9.0,mobile,South,Premium
18.0,59306.26,7.0,mobile,East,Regular
45.0,50656.1,3.0,mobile,South,Regular
45.0,76567.73,4.0,desktop,South,Regular
50.0,74383.86,7.0,mobile,West,Regular
33.0,91133.51,5.0,mobile,North,Premium
24.0,16957.36,8.0,mobile,South,Budget
38.0,60716.59,8.0,desktop,West,Premium
68.0,45841.17,8.0,mobile,East,Regular
45.0,36681.63,7.0,tablet,North,Regular
41.0,56474.3,5.0,mobile,East,Regular
20.0,,8.0,mobile,East,Premium
66.0,12000.0,4.0,mobile,South,Budget
69.0,36122.81,6.0,mobile,West,Budget
20.0,48947.06,3.0,mobile,West,Regular
53.0,91500.17,7.0,mobile,South,Premium
58.0,39744.33,10.0,desktop,East,Budget
23.0,30800.14,6.0,tablet,East,Regular
36.0,14623.82,6.0,mobile,West,Budget
56.0,47140.51,11.0,mobile,West,Regular
63.0,49371.12,9.0,mobile,West,Regular
45.0,57137.78,8.0,desktop,West,Regular
33.0,25253.31,5.0,mobile,South,Budget
53.0,38930.71,4.0,mobile,South,Budget
35.0,12000.0,2.0,mobile,West,Budget
56.0,57535.29,10.0,mobile,South,Regular
18.0,22788.32,2.0,desktop,East,Budget
69.0,12000.0,8.0,desktop,South,Budget
31.0,77379.21,8.0,mobile,North,Premium
24.0,64278.49,6.0,desktop,North,Premium
24.0,61201.3,5.0,desktop,West,Regular
69.0,,1.0,mobile,West,Budget
66.0,33470.09,9.0,mobile,West,Regular
42.0,75649.21,9.0,desktop,North,Premium
57.0,33214.92,11.0,desktop,East,Regular
28.0,92409.9,6.0,mobile,South,Premium
66.0,58698.0,6.0,mobile,East,Regular
37.0,17293.69,4.0,desktop,East,Budget
48.0,71559.96,3.0,mobile,East,Regular
36.0,93646.36,3.0,mobile,South,Regular
23.0,49094.24,5.0,mobile,South,Regular
64.0,75514.3,3.0,mobile,West,Regular
58.0,49948.92,9.0,desktop,East,Regular
45.0,41634.61,5.0,desktop,South,Regular
69.0,12000.0,1.0,mobile,West,Budget
21.0,78921.83,4.0,desktop,South,Premium
40.0,45293.24,5.0,mobile,East,Regular
55.0,61799.72,3.0,desktop,North,Premium
35.0,31525.57,9.0,mobile,West,Regular
43.0,36027.75,3.0,desktop,North,Regular
27.0,76556.59,8.0,tablet,West,Premium
60.0,46480.1,5.0,desktop,East,Regular
31.0,46186.02,2.0,mobile,West,Budget
20.0,28998.21,10.0,mobile,South,Regular
26.0,58416.51,6.0,mobile,East,Regular
62.0,69800.3,9.0,mobile,South,Regular
44.0,45008.57,7.0,mobile,West,Regular
64.0,50474.03,5.0,mobile,South,Regular
45.0,29802.59,6.0,desktop,North,Regular
18.0,82302.19,3.0,tablet,East,Regular
59.0,41857.67,2.0,desktop,East,Budget
42.0,,5.0,mobile,North,Regular
23.0,87965.03,3.0,mobile,East,Regular
24.0,49713.2,8.0,mobile,East,Regular
21.0,23170.77,2.0,mobile,North,Budget
45.0,35705.78,8.0,mobile,East,Regular
53.0,47076.81,12.0,mobile,South,Regular
22.0,89993.6,4.0,mobile,East,Premium
47.0,58763.47,7.0,desktop,North,Regular
64.0,49778.8,6.0,desktop,North,Regular
65.0,70917.68,6.0,mobile,South,Regular
27.0,80460.78,9.0,desktop,West,Premium
31.0,39095.35,4.0,mobile,East,Budget
52.0,83087.19,8.0,mobile,West,Premium
57.0,71561.34,7.0,desktop,East,Premium
51.0,63349.88,6.0,mobile,West,Regular
48.0,12000.0,1.0,mobile,South,Budget
34.0,58290.96,4.0,desktop,West,Regular
66.0,82359.33,9.0,desktop,West,Premium
29.0,48866.38,5.0,desktop,West,Regular
51.0,100786.94,4.0,mobile,North,Premium
65.0,55862.8,6.0,mobile,West,Regular
51.0,33954.62,6.0,mobile,West,Budget
20.0,66324.45,4.0,desktop,North,Regular
28.0,60319.49,7.0,mobile,East,Regular
31.0,71167.26,11.0,desktop,South,Premium
66.0,49948.8,5.0,desktop,North,Budget
34.0,80635.85,8.0,desktop,West,Premium
30.0,43250.66,7.0,desktop,West,Regular
48.0,57092.41,8.0,mobile,East,Regular
41.0,29345.75,4.0,mobile,North,Budget
37.0,38352.39,6.0,desktop,South,Regular
25.0,58552.9,7.0,mobile,South,Regular
23.0,41238.34,4.0,mobile,South,Regular
33.0,45409.35,8.0,desktop,West,Regular
47.0,50311.91,5.0,desktop,South,Regular
19.0,59580.41,7.0,mobile,North,Regular
55.0,69931.56,7.0,desktop,East,Premium
31.0,69974.22,10.0,mobile,West,Regular
54.0,75137.41,7.0,mobile,East,Regular
52.0,58635.75,5.0,desktop,East,Regular
43.0,43513.02,7.0,desktop,East,Budget
51.0,22515.91,7.0,tablet,East,Budget
33.0,47500.2,6.0,desktop,South,Regular
28.0,38453.05,2.0,tablet,South,Budget
18.0,17869.2,9.0,desktop,West,Regular
46.0,87796.13,10.0,desktop,South,Premium
45.0,17387.89,5.0,tablet,South,Budget
24.0,61719.63,4.0,mobile,East,Premium
50.0,65757.42,3.0,desktop,South,Regular
30.0,49804.02,6.0,mobile,South,Regular
40.0,106814.63,7.0,mobile,East,Premium
42.0,54963.09,10.0,desktop,North,Premium
67.0,39055.76,8.0,mobile,South,Regular
50.0,90149.11,4.0,mobile,North,Regular
28.0,38368.78,8.0,mobile,East,Regular
34.0,25516.31,3.0,mobile,West,Budget
60.0,34210.87,6.0,mobile,East,Budget
24.0,41559.59,7.0,mobile,West,Premium
55.0,55473.43,2.0,desktop,North,Regular
39.0,61380.91,8.0,desktop,West,Premium
64.0,23755.55,6.0,desktop,South,Budget
39.0,61636.54,10.0,mobile,South,Regular
66.0,99769.01,5.0,mobile,East,Premium
26.0,40084.69,5.0,mobile,East,Regular
30.0,51882.23,2.0,tablet,West,Regular
40.0,68644.43,10.0,mobile,West,Premium
65.0,78967.26,2.0,desktop,South,Regular
64.0,41017.75,7.0,mobile,West,Regular
38.0,35048.33,5.0,desktop,North,Regular
62.0,34103.45,4.0,tablet,West,Budget
53.0,76780.74,11.0,desktop,West,Premium
69.0,72804.97,7.0,desktop,South,Premium
67.0,12000.0,4.0,desktop,South,Budget
60.0,12000.0,5.0,tablet,North,Budget
48.0,29457.33,2.0,mobile,East,Budget
37.0,24123.92,6.0,mobile,East,Budget
48.0,62855.85,2.0,desktop,South,Regular
60.0,59010.08,6.0,mobile,East,Regular
21.0,94305.31,8.0,mobile,West,Premium
37.0,70669.18,2.0,tablet,South,Regular
49.0,57031.28,4.0,mobile,North,Budget
57.0,78506.18,3.0,mobile,East,Regular
30.0,36450.25,5.0,mobile,West,Regular
32.0,26191.69,7.0,tablet,North,Regular
38.0,55225.16,10.0,mobile,West,Regular
57.0,73616.44,9.0,mobile,West,Regular
37.0,21687.68,2.0,mobile,North,Regular
22.0,72721.32,5.0,desktop,South,Premium
68.0,72004.06,8.0,mobile,East,Regular
37.0,,10.0,mobile,West,Regular
51.0,57995.14,3.0,mobile,South,Regular
38.0,48999.07,2.0,desktop,South,Regular
55.0,56208.19,7.0,mobile,North,Regular
57.0,70955.87,7.0,mobile,East,Regular
26.0,38246.01,4.0,mobile,East,Budget
24.0,75678.68,4.0,desktop,West,Premium
33.0,72235.42,7.0,desktop,East,Premium
22.0,72987.72,3.0,desktop,East,Regular
63.0,14550.64,7.0,mobile,East,Budget
67.0,16741.06,6.0,mobile,East,Budget
24.0,68616.78,4.0,mobile,East,Regular
33.0,42649.11,8.0,desktop,South,Regular
67.0,40528.02,9.0,mobile,East,Budget
49.0,39027.31,2.0,desktop,North,Budget
40.0,27291.05,8.0,mobile,West,Regular
26.0,48729.49,10.0,desktop,East,Premium
38.0,39875.78,11.0,mobile,South,Regular
35.0,41232.8,6.0,desktop,East,Regular
44.0,64279.34,7.0,desktop,South,Premium
51.0,30531.16,6.0,desktop,North,Regular
41.0,77401.59,5.0,desktop,North,Premium
29.0,12000.0,5.0,mobile,East,Budget
42.0,105505.44,6.0,mobile,South,Premium
49.0,26904.94,7.0,mobile,West,Budget
40.0,66398.9,6.0,mobile,North,Regular
62.0,73102.78,2.0,mobile,South,Regular
54.0,54466.61,3.0,mobile,West,Regular
64.0,69679.52,5.0,mobile,South,Regular
32.0,52344.91,7.0,mobile,West,Regular
42.0,18716.41,10.0,mobile,West,Regular
26.0,61556.64,8.0,desktop,East,Premium
66.0,77818.65,9.0,mobile,South,Premium
40.0,,4.0,tablet,West,Regular
60.0,20008.42,10.0,mobile,South,Regular
22.0,42287.02,3.0,mobile,West,Budget
55.0,61157.63,3.0,desktop,South,Regular
41.0,60686.82,10.0,desktop,South,Premium
64.0,77033.67,2.0,tablet,East,Regular
43.0,65895.15,11.0,desktop,South,Premium
24.0,64863.93,3.0,tablet,South,Regular
58.0,13790.23,12.0,desktop,East,Regular
54.0,99905.98,9.0,mobile,North,Premium
23.0,55546.25,2.0,mobile,West,Regular
25.0,72114.27,1.0,mobile,South,Regular
38.0,47495.28,2.0,mobile,North,Budget
54.0,51459.04,8.0,mobile,North,Regular
58.0,55767.84,4.0,desktop,East,Regular
19.0,86643.52,7.0,mobile,East,Premium
35.0,85457.13,8.0,mobile,East,Premium
66.0,67163.57,12.0,tablet,West,Premium
61.0,95027.98,1.0,desktop,West,Regular
20.0,46537.45,3.0,desktop,West,Regular
55.0,65149.88,6.0,mobile,North,Regular
61.0,45311.07,6.0,tablet,South,Regular
20.0,81013.45,4.0,mobile,East,Regular
37.0,55366.59,5.0,tablet,South,Regular
38.0,74576.44,5.0,desktop,South,Premium
58.0,89788.76,7.0,mobile,South,Premium
57.0,12379.37,6.0,desktop,South,Budget
47.0,98932.76,7.0,mobile,East,Premium
45.0,61170.23,6.0,tablet,East,Regular
24.0,48162.91,1.0,desktop,East,Regular
52.0,15573.9,5.0,desktop,North,Budget
42.0,48508.39,4.0,mobile,West,Regular
69.0,12000.0,5.0,mobile,West,Budget
21.0,56498.66,7.0,mobile,East,Regular
53.0,51228.94,6.0,mobile,North,Regular
44.0,91955.9,3.0,desktop,East,Premium
46.0,48032.55,6.0,mobile,North,Regular
69.0,76632.55,8.0,desktop,East,Premium
61.0,78556.79,3.0,desktop,East,Regular
38.0,96908.08,6.0,mobile,North,Premium
40.0,49674.18,6.0,desktop,East,Regular
35.0,70304.33,1.0,mobile,West,Regular
18.0,23676.66,4.0,mobile,East,Budget
33.0,32074.81,5.0,desktop,East,Regular
32.0,49171.68,6.0,mobile,East,Regular
45.0,54292.53,4.0,mobile,North,Regular
48.0,29911.64,7.0,desktop,North,Regular
69.0,46341.2,5.0,desktop,South,Regular
67.0,69132.67,4.0,mobile,South,Regular
54.0,45449.6,6.0,desktop,North,Regular
49.0,51631.53,9.0,desktop,North,Regular
33.0,36578.21,6.0,mobile,East,Regular
32.0,83111.3,5.0,desktop,West,Premium
43.0,91264.78,2.0,mobile,South,Regular
69.0,59022.98,8.0,tablet,West,Regular
57.0,52484.85,2.0,mobile,West,Budget
38.0,88953.2,4.0,mobile,East,Budget
47.0,64650.93,10.0,mobile,West,Regular
29.0,41122.09,4.0,mobile,East,Regular
22.0,27208.83,2.0,desktop,West,Budget
46.0,42775.81,4.0,mobile,North,Budget
33.0,99851.54,10.0,mobile,West,Premium
35.0,42701.07,4.0,mobile,East,Regular
61.0,114102.42,6.0,mobile,South,Premium
23.0,54828.52,8.0,mobile,West,Regular
49.0,50442.78,8.0,mobile,South,Regular
55.0,82009.23,9.0,mobile,West,Premium
41.0,49853.1,5.0,mobile,West,Regular
53.0,62656.25,6.0,mobile,East,Regular
23.0,33564.52,6.0,mobile,South,Regular
68.0,29367.81,6.0,mobile,North,Budget
65.0,39762.35,4.0,desktop,West,Regular
25.0,59467.72,6.0,mobile,South,Regular
48.0,41271.92,0.0,mobile,East,Budget
65.0,14627.47,5.0,desktop,East,Budget
24.0,64678.06,3.0,desktop,South,Regular
59.0,51532.87,7.0,mobile,North,Regular
41.0,49181.1,8.0,desktop,South,Regular
31.0,42339.97,8.0,desktop,North,Regular
69.0,12000.0,3.0,tablet,North,Budget
42.0,87532.04,4.0,mobile,South,Regular
29.0,45072.16,7.0,tablet,South,Premium
50.0,65746.0,5.0,mobile,South,Regular
48.0,83511.33,2.0,mobile,North,Regular
34.0,78107.46,5.0,mobile,East,Regular
55.0,59093.6,5.0,desktop,South,Regular
23.0,55132.03,5.0,mobile,North,Regular
49.0,61231.97,8.0,mobile,East,Regular
61.0,73563.11,7.0,desktop,East,Premium
57.0,66834.71,6.0,mobile,West,Regular
26.0,45779.08,10.0,desktop,West,Premium
59.0,64192.54,6.0,mobile,East,Regular
43.0,62709.64,6.0,mobile,North,Regular
23.0,69219.06,5.0,desktop,North,Regular
40.0,59167.52,8.0,mobile,North,Regular
32.0,83080.31,6.0,mobile,South,Premium
64.0,59096.26,7.0,mobile,North,Regular
37.0,73203.08,5.0,desktop,East,Premium
47.0,55862.12,7.0,mobile,West,Premium
51.0,43178.34,7.0,desktop,East,Regular
40.0,35549.49,6.0,desktop,South,Budget
24.0,51705.08,7.0,desktop,West,Regular
68.0,65968.46,1.0,mobile,South,Budget
31.0,80988.56,6.0,desktop,East,Premium
36.0,53131.69,5.0,tablet,South,Regular
35.0,44303.89,6.0,desktop,South,Regular
55.0,44542.86,10.0,mobile,North,Regular
21.0,81459.98,5.0,desktop,North,Premium
30.0,57151.21,6.0,mobile,South,Regular
65.0,44704.51,8.0,mobile,South,Regular
57.0,70165.47,4.0,mobile,East,Regular
47.0,27871.53,2.0,mobile,East,Budget
57.0,57370.25,7.0,mobile,West,Regular
35.0,54099.01,3.0,desktop,West,Regular
61.0,52224.38,4.0,desktop,East,Regular
59.0,31301.82,3.0,desktop,East,Budget
43.0,75122.48,6.0,desktop,North,Premium
55.0,89499.68,5.0,desktop,East,Premium
29.0,27816.97,4.0,desktop,West,Regular
32.0,57445.47,7.0,desktop,East,Regular
50.0,68218.09,4.0,desktop,East,Regular
20.0,101299.81,6.0,mobile,West,Premium
65.0,46444.4,4.0,desktop,South,Regular
57.0,35531.46,8.0,mobile,West,Regular
34.0,54895.94,5.0,desktop,West,Regular
31.0,96292.11,4.0,mobile,West,Premium
19.0,56414.71,5.0,mobile,South,Regular
36.0,60419.35,6.0,mobile,West,Regular
27.0,91396.52,7.0,desktop,East,Premium
64.0,12000.0,5.0,mobile,South,Budget
66.0,12000.0,8.0,mobile,East,Budget
28.0,73601.46,5.0,desktop,West,Premium
18.0,70880.8,5.0,desktop,South,Premium
29.0,26560.76,3.0,mobile,South,Budget
20.0,65610.55,5.0,mobile,West,Regular
54.0,55838.46,8.0,mobile,North,Regular
23.0,59449.74,7.0,desktop,South,Premium
28.0,38498.48,4.0,desktop,East,Regular
64.0,45701.06,7.0,mobile,West,Regular
56.0,37010.33,5.0,mobile,North,Budget
37.0,56042.07,5.0,mobile,West,Regular
25.0,50255.1,5.0,mobile,East,Regular
53.0,89501.52,7.0,desktop,East,Premium
33.0,67875.71,4.0,mobile,South,Regular
54.0,22720.51,2.0,desktop,East,Budget
60.0,63522.85,6.0,mobile,West,Regular
40.0,84367.81,8.0,mobile,South,Premium
25.0,60771.0,8.0,mobile,West,Regular
56.0,77271.63,9.0,mobile,North,Premium
62.0,54296.63,5.0,desktop,North,Regular
41.0,69448.05,6.0,mobile,North,Regular
39.0,35821.58,10.0,mobile,East,Regular
46.0,71126.38,6.0,mobile,South,Regular
63.0,26725.32,9.0,mobile,East,Budget
33.0,81499.01,3.0,mobile,West,Regular
34.0,23961.65,7.0,desktop,West,Regular
18.0,12000.0,5.0,mobile,West,Budget
19.0,65876.52,4.0,desktop,West,Regular
48.0,51458.95,7.0,mobile,South,Regular
68.0,57335.24,9.0,mobile,West,Regular
31.0,63768.45,10.0,mobile,East,Premium
31.0,54439.69,9.0,tablet,North,Regular
32.0,36848.75,5.0,mobile,North,Regular
34.0,59329.18,8.0,desktop,North,Premium
63.0,62124.77,8.0,desktop,West,Regular
66.0,65103.29,4.0,mobile,East,Regular
36.0,95739.61,6.0,mobile,East,Premium
42.0,,5.0,desktop,South,Regular
23.0,56375.66,8.0,desktop,West,Premium
28.0,66480.53,5.0,desktop,North,Regular
50.0,45830.26,4.0,mobile,West,Budget
19.0,30416.98,5.0,desktop,North,Regular
45.0,43360.14,7.0,desktop,South,Regular
45.0,76830.83,3.0,mobile,West,Regular
20.0,49472.44,3.0,mobile,South,Regular
43.0,67550.51,4.0,mobile,West,Regular
36.0,39936.9,5.0,mobile,North,Regular
24.0,64148.91,10.0,mobile,East,Premium
49.0,41140.27,3.0,mobile,East,Budget
62.0,37719.38,2.0,mobile,South,Budget
32.0,57303.62,11.0,mobile,West,Premium
47.0,56067.43,5.0,desktop,East,Regular
69.0,85226.33,8.0,desktop,East,Premium
62.0,21675.76,4.0,desktop,South,Budget
59.0,65439.06,9.0,mobile,East,Regular
37.0,88059.92,7.0,desktop,South,Budget
44.0,82934.0,4.0,mobile,North,Regular
20.0,47124.83,2.0,mobile,East,Regular
65.0,41019.22,6.0,desktop,East,Regular
18.0,44846.42,4.0,desktop,East,Regular
19.0,61169.82,13.0,mobile,East,Premium
20.0,58883.45,6.0,desktop,West,Regular
29.0,62169.35,6.0,desktop,East,Regular
64.0,67277.95,2.0,desktop,South,Regular
65.0,33049.96,6.0,mobile,South,Budget
46.0,31859.98,2.0,mobile,South,Budget
44.0,29837.03,9.0,mobile,North,Regular
35.0,27465.25,7.0,desktop,North,Regular
26.0,52963.37,7.0,desktop,South,Regular
51.0,61386.75,9.0,desktop,East,Premium
47.0,106944.12,5.0,desktop,East,Premium
43.0,65941.43,7.0,desktop,South,Premium
55.0,55349.34,5.0,tablet,West,Regular
31.0,84110.35,10.0,mobile,East,Premium
49.0,39934.7,4.0,desktop,East,Regular
60.0,61963.84,5.0,mobile,West,Regular
20.0,74974.75,5.0,desktop,North,Premium
39.0,71133.56,5.0,desktop,West,Regular
19.0,63284.39,11.0,mobile,East,Premium
25.0,47845.25,4.0,desktop,West,Regular
39.0,29528.13,8.0,mobile,West,Regular
41.0,51854.74,3.0,mobile,North,Regular
18.0,42784.46,3.0,mobile,East,Regular
22.0,69130.13,5.0,mobile,West,Regular
22.0,52202.51,1.0,desktop,East,Regular
65.0,66520.03,2.0,desktop,East,Regular
51.0,21995.05,5.0,mobile,North,Budget
34.0,74956.75,8.0,desktop,West,Premium
40.0,37515.36,5.0,desktop,North,Regular
42.0,22960.2,4.0,mobile,West,Budget
22.0,26774.61,6.0,desktop,West,Regular
31.0,42118.16,6.0,tablet,North,Regular
63.0,78040.42,10.0,desktop,South,Premium
27.0,69627.21,5.0,desktop,West,Premium
37.0,30934.34,9.0,tablet,South,Regular
42.0,56773.81,2.0,mobile,North,Regular
63.0,52846.09,5.0,mobile,East,Regular
67.0,22849.28,4.0,mobile,East,Budget
49.0,34682.09,9.0,mobile,South,Regular
54.0,13221.59,8.0,desktop,North,Regular
50.0,37162.9,5.0,tablet,East,Budget
44.0,12000.0,5.0,desktop,North,Budget
40.0,38690.98,5.0,desktop,North,Regular
36.0,35806.51,12.0,mobile,West,Regular
52.0,38659.54,3.0,mobile,South,Budget
30.0,38120.2,4.0,mobile,West,Budget
30.0,78702.47,8.0,mobile,West,Premium
50.0,47859.8,9.0,mobile,West,Budget
31.0,59943.09,3.0,mobile,East,Budget
41.0,70469.12,5.0,mobile,East,Regular
63.0,73455.2,5.0,mobile,East,Regular
25.0,68938.58,10.0,mobile,South,Premium
28.0,43653.3,6.0,mobile,East,Regular
68.0,32514.83,4.0,mobile,South,Budget
38.0,39053.58,8.0,mobile,North,Regular
42.0,45317.1,6.0,desktop,West,Regular
56.0,55099.61,6.0,mobile,South,Regular
69.0,53240.27,10.0,mobile,North,Regular
35.0,77446.73,8.0,desktop,West,Premium
43.0,52886.45,15.0,mobile,West,Premium
37.0,91710.36,8.0,desktop,East,Premium
63.0,76090.46,11.0,mobile,South,Premium
65.0,45127.53,3.0,mobile,West,Budget
21.0,72618.68,5.0,desktop,North,Premium
28.0,12000.0,4.0,desktop,West,Budget
50.0,83201.39,8.0,desktop,East,Premium
30.0,63424.06,7.0,desktop,East,Regular
25.0,63127.62,8.0,mobile,East,Regular
64.0,20529.12,6.0,mobile,West,Budget
65.0,106591.63,7.0,mobile,South,Premium
32.0,49787.65,1.0,mobile,East,Budget
50.0,52063.67,6.0,mobile,South,Regular
35.0,78034.14,5.0,tablet,East,Regular
26.0,51028.07,3.0,desktop,East,Regular
63.0,37585.06,8.0,mobile,South,Regular
18.0,68471.23,9.0,mobile,West,Premium
34.0,34248.69,8.0,mobile,North,Regular
20.0,70193.16,11.0,mobile,South,Premium
69.0,57811.39,9.0,desktop,North,Regular
45.0,78055.29,8.0,mobile,West,Premium
60.0,30217.43,5.0,desktop,West,Regular
39.0,80476.39,8.0,mobile,West,Premium
62.0,61005.65,3.0,mobile,West,Regular
47.0,95382.41,3.0,mobile,West,Regular
29.0,41669.06,5.0,mobile,East,Regular
18.0,92983.08,6.0,mobile,South,Premium
29.0,69390.17,7.0,mobile,East,Regular
69.0,71137.0,11.0,desktop,North,Premium
57.0,40116.17,2.0,mobile,West,Budget
64.0,66414.69,7.0,mobile,West,Regular
60.0,68700.05,6.0,mobile,West,Regular
50.0,38000.19,3.0,mobile,North,Budget
29.0,31329.01,3.0,mobile,East,Budget
38.0,,3.0,desktop,South,Regular
28.0,84909.04,9.0,tablet,East,Premium
64.0,58200.15,9.0,mobile,South,Premium
30.0,74157.89,3.0,desktop,North,Budget
59.0,60908.11,8.0,mobile,West,Premium
25.0,57375.93,4.0,tablet,East,Regular
38.0,59539.7,5.0,mobile,South,Regular
39.0,46595.18,5.0,mobile,South,Regular
56.0,79969.76,6.0,mobile,North,Regular
44.0,58537.58,7.0,mobile,East,Regular
61.0,59595.98,1.0,desktop,East,Regular
50.0,26687.09,12.0,desktop,North,Regular
18.0,61314.98,6.0,mobile,West,Regular
20.0,41188.46,10.0,desktop,East,Premium
39.0,44749.62,4.0,mobile,North,Regular
27.0,76196.48,7.0,mobile,North,Premium
29.0,32660.97,5.0,mobile,North,Budget
24.0,50906.49,7.0,mobile,South,Regular
68.0,67852.3,9.0,mobile,East,Regular
32.0,78550.11,9.0,mobile,North,Premium
53.0,44394.91,7.0,desktop,East,Regular
27.0,61527.4,5.0,mobile,North,Premium
24.0,60838.71,9.0,desktop,South,Premium
66.0,31910.84,5.0,mobile,North,Budget
43.0,12000.0,6.0,mobile,East,Budget
37.0,15578.5,4.0,desktop,South,Budget
28.0,67256.88,3.0,tablet,South,Regular
25.0,57086.4,2.0,mobile,North,Regular
20.0,27591.74,5.0,mobile,North,Budget
52.0,41906.57,2.0,mobile,North,Budget
23.0,,7.0,desktop,North,Regular
68.0,47671.09,6.0,desktop,West,Regular
33.0,54370.26,8.0,desktop,North,Premium
59.0,100106.31,4.0,desktop,North,Premium
34.0,39004.4,7.0,mobile,West,Regular
51.0,57914.7,11.0,tablet,East,Regular
50.0,39246.63,5.0,desktop,East,Regular
37.0,42136.58,2.0,mobile,West,Premium
28.0,36989.82,5.0,tablet,East,Regular
38.0,50273.83,6.0,desktop,North,Regular
35.0,43685.51,8.0,mobile,East,Regular
33.0,62123.85,9.0,mobile,West,Regular
29.0,59334.21,9.0,desktop,North,Premium
59.0,36731.44,6.0,mobile,South,Budget
36.0,94175.62,8.0,mobile,East,Premium
59.0,31083.99,5.0,desktop,North,Regular
51.0,62250.56,4.0,mobile,East,Regular
43.0,99303.74,2.0,mobile,North,Regular
55.0,40408.11,8.0,mobile,East,Regular
62.0,82078.49,5.0,mobile,East,Regular
25.0,83993.01,8.0,mobile,North,Premium
51.0,61903.25,5.0,mobile,East,Regular
31.0,17209.38,5.0,desktop,South,Budget
53.0,84007.54,8.0,desktop,North,Premium
43.0,56872.39,4.0,mobile,West,Regular
31.0,43805.76,8.0,mobile,South,Regular
37.0,81061.69,7.0,mobile,South,Premium
30.0,,1.0,desktop,North,Regular
53.0,76739.78,3.0,desktop,West,Regular
29.0,43778.49,3.0,mobile,South,Budget
63.0,65934.43,11.0,tablet,South,Regular
65.0,32988.52,6.0,mobile,South,Budget
28.0,46891.08,4.0,mobile,West,Regular
59.0,36271.57,5.0,desktop,North,Regular
43.0,40439.05,6.0,tablet,East,Regular
64.0,58799.02,4.0,mobile,East,Regular
46.0,51488.41,11.0,mobile,West,Regular
60.0,58825.58,7.0,mobile,West,Regular
65.0,81189.28,8.0,desktop,West,Premium
59.0,52640.25,1.0,desktop,North,Regular
38.0,16982.52,5.0,mobile,South,Budget
40.0,49097.0,4.0,mobile,South,Regular
33.0,56618.47,8.0,mobile,South,Regular
57.0,75789.48,4.0,desktop,East,Regular
21.0,76099.73,4.0,desktop,East,Premium
26.0,74395.18,7.0,desktop,North,Premium
26.0,50334.4,6.0,desktop,West,Regular
52.0,,5.0,mobile,North,Regular
41.0,25517.14,4.0,mobile,South,Budget
20.0,81387.7,4.0,desktop,East,Premium
38.0,63935.13,6.0,tablet,West,Regular
68.0,65355.78,7.0,mobile,North,Regular
35.0,47238.74,4.0,mobile,West,Regular
63.0,56123.56,4.0,mobile,West,Regular
36.0,41322.21,2.0,desktop,West,Regular
26.0,66555.65,3.0,mobile,South,Regular
20.0,27852.09,6.0,mobile,East,Regular
57.0,74829.19,9.0,mobile,East,Regular
43.0,66094.59,5.0,desktop,East,Regular
60.0,96353.27,8.0,mobile,East,Premium
52.0,54197.66,4.0,mobile,North,Regular
20.0,53087.77,5.0,desktop,West,Regular
48.0,58937.96,4.0,desktop,North,Regular
47.0,55738.91,8.0,mobile,East,Regular
25.0,52796.51,8.0,desktop,West,Premium
39.0,32460.04,8.0,desktop,South,Regular
37.0,32402.74,3.0,desktop,North,Regular
50.0,43415.1,6.0,tablet,South,Regular
52.0,49052.44,11.0,desktop,West,Premium
64.0,30749.96,5.0,desktop,North,Regular
21.0,31273.68,9.0,mobile,North,Premium
55.0,49191.21,8.0,mobile,South,Regular
30.0,70134.24,2.0,tablet,East,Regular
28.0,51091.46,5.0,desktop,East,Regular
36.0,68842.77,8.0,mobile,South,Regular
46.0,74849.85,6.0,mobile,West,Regular
18.0,70683.4,8.0,mobile,East,Premium
47.0,46387.14,11.0,mobile,East,Regular
60.0,46728.56,7.0,mobile,West,Regular
18.0,16908.15,1.0,mobile,South,Budget
63.0,41037.14,6.0,desktop,East,Regular
24.0,64554.96,7.0,desktop,South,Premium
61.0,32780.66,5.0,desktop,East,Regular
36.0,82644.35,9.0,mobile,West,Premium
36.0,84280.21,10.0,mobile,North,Premium
27.0,47460.05,5.0,mobile,East,Regular
47.0,73832.91,7.0,mobile,West,Regular
30.0,26045.78,7.0,mobile,South,Regular
28.0,33576.97,5.0,mobile,North,Budget
53.0,47391.62,3.0,desktop,West,Regular
55.0,55175.65,4.0,mobile,West,Regular
67.0,51200.59,7.0,mobile,South,Premium
46.0,37385.88,5.0,mobile,North,Budget
41.0,95152.29,5.0,desktop,East,Premium
54.0,60944.89,8.0,mobile,West,Budget
51.0,60848.74,9.0,mobile,West,Regular
65.0,68909.03,6.0,desktop,East,Regular
57.0,58583.26,4.0,mobile,North,Regular
64.0,50276.54,9.0,mobile,South,Regular
52.0,43630.78,6.0,desktop,East,Regular
66.0,21558.23,9.0,mobile,East,Budget
52.0,85516.76,6.0,desktop,West,Premium
46.0,36189.84,2.0,mobile,South,Budget
18.0,21032.5,8.0,desktop,West,Regular
32.0,38501.99,4.0,tablet,South,Budget
63.0,22281.92,4.0,mobile,East,Budget
52.0,95719.51,5.0,mobile,West,Premium
26.0,62456.2,4.0,mobile,East,Regular
20.0,83767.53,8.0,mobile,West,Premium
27.0,84696.1,7.0,mobile,South,Premium
28.0,66609.92,9.0,mobile,South,Premium
44.0,66695.52,4.0,mobile,West,Regular
31.0,40243.41,4.0,desktop,West,Regular
48.0,53280.18,2.0,desktop,South,Regular
56.0,42664.85,3.0,tablet,North,Budget
57.0,55871.09,5.0,desktop,East,Regular
58.0,40719.28,3.0,desktop,South,Regular
33.0,80862.64,6.0,mobile,South,Regular
66.0,70605.86,3.0,mobile,North,Regular
67.0,52827.32,4.0,mobile,East,Regular
22.0,20882.93,7.0,mobile,East,Budget
50.0,68979.33,6.0,desktop,East,Regular
39.0,73052.83,8.0,desktop,North,Premium
61.0,53605.92,3.0,desktop,East,Regular
53.0,29260.05,4.0,mobile,East,Budget
42.0,,10.0,desktop,West,Premium
36.0,76442.43,5.0,desktop,North,Premium
21.0,15869.73,6.0,mobile,South,Budget
36.0,66559.11,7.0,desktop,North,Premium
18.0,17946.2,3.0,mobile,North,Budget
67.0,56610.61,7.0,mobile,East,Regular
51.0,90643.24,4.0,mobile,South,Regular
46.0,56872.21,3.0,mobile,South,Regular
40.0,64798.11,8.0,mobile,East,Regular
51.0,48439.06,7.0,tablet,North,Regular
40.0,54862.78,8.0,desktop,South,Regular
65.0,102945.16,0.0,desktop,North,Regular
34.0,82211.15,7.0,desktop,West,Premium
41.0,48589.69,9.0,mobile,South,Regular
27.0,47229.27,6.0,desktop,North,Regular
55.0,55370.82,5.0,desktop,North,Regular
42.0,99753.65,9.0,desktop,South,Premium
32.0,59259.9,4.0,desktop,North,Regular
31.0,77691.07,4.0,desktop,South,Premium
62.0,47575.16,3.0,mobile,West,Budget
64.0,29048.93,8.0,desktop,North,Regular
28.0,81998.32,7.0,desktop,North,Premium
27.0,53443.63,8.0,mobile,South,Regular
48.0,39015.91,7.0,desktop,West,Regular
68.0,40879.44,10.0,mobile,South,Regular
48.0,41318.46,10.0,desktop,North,Regular
62.0,42630.54,3.0,desktop,North,Regular
57.0,23611.31,7.0,desktop,North,Regular
37.0,79479.69,3.0,mobile,East,Regular
32.0,62790.01,16.0,desktop,West,Premium
58.0,74869.47,12.0,desktop,East,Premium
47.0,47988.91,5.0,mobile,West,Regular
48.0,62067.11,8.0,mobile,South,Regular
20.0,58403.47,8.0,desktop,North,Premium
42.0,78924.89,2.0,tablet,West,Regular
58.0,71597.62,10.0,desktop,East,Premium
60.0,62302.89,6.0,desktop,East,Regular
46.0,41777.24,8.0,mobile,South,Regular
61.0,30537.31,3.0,mobile,East,Budget
59.0,38715.61,9.0,desktop,East,Regular
28.0,42096.49,4.0,mobile,East,Regular
55.0,44031.38,8.0,tablet,North,Regular
65.0,29830.11,9.0,tablet,East,Regular
42.0,88797.3,7.0,mobile,North,Premium
19.0,60490.42,6.0,mobile,West,Regular
68.0,13967.98,6.0,desktop,East,Budget
18.0,32778.5,11.0,mobile,South,Regular
22.0,27731.72,8.0,mobile,North,Regular
43.0,59853.05,6.0,desktop,North,Regular
35.0,76694.54,7.0,desktop,West,Premium
33.0,34938.55,4.0,desktop,East,Regular
66.0,67589.41,4.0,mobile,South,Regular
39.0,49381.4,7.0,desktop,South,Regular
22.0,78368.07,6.0,mobile,North,Premium
42.0,82760.93,7.0,mobile,North,Premium
31.0,61322.67,11.0,mobile,East,Premium
42.0,,5.0,mobile,North,Regular
61.0,54938.29,3.0,mobile,North,Budget
65.0,47409.17,4.0,mobile,North,Premium
55.0,31372.1,9.0,tablet,West,Regular
65.0,61642.79,5.0,desktop,West,Regular
29.0,53573.76,4.0,mobile,South,Regular
36.0,47203.14,2.0,mobile,North,Budget
59.0,53450.74,7.0,mobile,West,Regular
32.0,51235.59,7.0,mobile,East,Regular
47.0,33926.23,4.0,mobile,North,Budget
52.0,44282.22,4.0,desktop,East,Regular
34.0,78182.41,6.0,tablet,South,Regular
28.0,50270.32,4.0,mobile,East,Regular
18.0,83325.15,3.0,desktop,South,Premium
38.0,31594.73,4.0,mobile,South,Budget
39.0,27527.47,7.0,mobile,North,Budget
55.0,57584.02,6.0,desktop,West,Regular
55.0,70736.04,6.0,desktop,North,Regular
18.0,41691.63,6.0,mobile,South,Regular
43.0,67676.57,4.0,tablet,East,Regular
58.0,73925.01,8.0,mobile,East,Regular
68.0,76757.36,8.0,mobile,South,Regular
56.0,52750.04,1.0,desktop,South,Regular
33.0,53957.58,1.0,desktop,West,Regular
38.0,21541.39,9.0,desktop,North,Regular
37.0,55465.82,5.0,mobile,North,Regular
30.0,60688.69,13.0,tablet,South,Premium
18.0,83629.85,3.0,mobile,West,Regular
46.0,29240.26,7.0,mobile,North,Budget
32.0,37851.64,5.0,desktop,North,Regular
33.0,34713.37,5.0,mobile,South,Budget
37.0,73195.81,8.0,desktop,South,Premium
60.0,12000.0,3.0,mobile,North,Budget
55.0,33079.84,2.0,mobile,East,Regular
48.0,96741.36,6.0,mobile,South,Premium
55.0,68292.68,8.0,desktop,West,Premium
33.0,28096.03,7.0,desktop,East,Regular
37.0,53786.77,6.0,desktop,South,Regular
59.0,72130.6,5.0,desktop,East,Regular
50.0,66144.04,8.0,desktop,South,Premium
49.0,50520.44,8.0,desktop,South,Regular
28.0,38966.79,0.0,desktop,East,Budget
24.0,71838.39,6.0,mobile,West,Regular
29.0,54871.62,6.0,tablet,West,Regular
39.0,71379.59,5.0,mobile,North,Regular
31.0,63038.21,3.0,mobile,East,Regular
43.0,45561.31,5.0,mobile,South,Regular
32.0,84153.67,8.0,mobile,East,Premium
67.0,44915.42,1.0,desktop,East,Budget
68.0,63713.41,7.0,desktop,East,Regular
34.0,42210.98,4.0,tablet,East,Regular
56.0,50344.24,8.0,mobile,South,Regular
41.0,49952.55,3.0,mobile,West,Regular
59.0,41636.5,9.0,mobile,South,Regular
68.0,59806.75,6.0,mobile,East,Regular
61.0,81475.76,5.0,mobile,North,Regular
40.0,92567.82,6.0,mobile,West,Premium
43.0,84005.34,8.0,mobile,South,Premium
61.0,,5.0,mobile,North,Regular
37.0,84432.38,3.0,mobile,North,Regular
23.0,63463.7,2.0,mobile,South,Regular
37.0,91293.23,2.0,mobile,South,Regular
38.0,29573.6,5.0,mobile,North,Budget
22.0,84930.78,7.0,mobile,West,Premium
27.0,42918.46,6.0,desktop,South,Regular
38.0,78361.58,6.0,mobile,West,Regular
63.0,45595.66,8.0,mobile,East,Regular
39.0,73420.42,4.0,desktop,East,Regular
46.0,49321.03,4.0,desktop,West,Regular
33.0,17075.71,7.0,mobile,South,Budget
29.0,35473.65,5.0,desktop,East,Regular
26.0,50141.1,5.0,desktop,South,Regular
22.0,55488.45,1.0,mobile,South,Regular
21.0,12000.0,6.0,tablet,North,Budget
39.0,30837.78,6.0,tablet,South,Budget
47.0,40256.05,7.0,mobile,North,Regular
23.0,50734.39,4.0,desktop,East,Regular
64.0,59453.05,4.0,desktop,South,Regular
43.0,38451.74,2.0,mobile,West,Budget
63.0,24413.63,8.0,desktop,North,Regular
55.0,61100.08,5.0,mobile,East,Budget
39.0,48310.12,8.0,mobile,West,Regular
34.0,72902.82,2.0,tablet,West,Regular
32.0,44403.85,4.0,mobile,West,Regular
26.0,68003.83,6.0,mobile,South,Regular
44.0,37054.42,5.0,mobile,North,Budget
36.0,60405.38,6.0,desktop,South,Regular
43.0,56818.69,9.0,mobile,North,Regular
26.0,64064.46,8.0,mobile,North,Regular
53.0,36187.21,4.0,tablet,West,Budget
61.0,52550.25,12.0,desktop,East,Premium
47.0,37911.15,11.0,mobile,East,Regular
22.0,51767.62,3.0,mobile,East,Regular
26.0,67536.42,6.0,desktop,North,Premium
56.0,115126.77,4.0,mobile,South,Premium
34.0,55711.17,8.0,desktop,East,Premium
35.0,69407.2,6.0,mobile,North,Regular
68.0,57286.1,9.0,desktop,East,Regular
55.0,77852.87,7.0,desktop,West,Premium
40.0,64320.18,7.0,mobile,East,Regular
58.0,76055.93,5.0,mobile,North,Regular
32.0,62174.7,6.0,mobile,East,Regular
25.0,103339.14,9.0,mobile,North,Premium
42.0,82753.69,6.0,mobile,North,Regular
57.0,20758.69,8.0,mobile,North,Budget
32.0,61064.34,4.0,mobile,West,Regular
67.0,56607.51,8.0,desktop,East,Regular
33.0,12000.0,5.0,tablet,West,Budget
47.0,37715.32,4.0,mobile,West,Budget
27.0,,6.0,mobile,West,Regular
51.0,40269.86,5.0,mobile,East,Budget
27.0,57657.12,6.0,mobile,West,Regular
34.0,18961.32,6.0,mobile,South,Budget
21.0,70072.51,10.0,tablet,South,Premium
27.0,70639.7,9.0,desktop,South,Premium
24.0,62160.15,3.0,mobile,South,Regular
56.0,48437.13,6.0,mobile,North,Regular
55.0,55168.93,1.0,mobile,East,Budget
60.0,45725.49,2.0,desktop,North,Regular
34.0,78102.15,4.0,tablet,North,Regular
28.0,65245.92,4.0,mobile,East,Regular
28.0,95153.01,9.0,mobile,North,Premium
23.0,47700.24,7.0,mobile,North,Regular
22.0,84249.93,7.0,mobile,West,Premium
36.0,43512.18,4.0,mobile,South,Regular
25.0,51669.24,7.0,mobile,South,Regular
50.0,34126.64,12.0,mobile,South,Regular
48.0,65623.89,9.0,mobile,North,Regular
36.0,53909.25,7.0,desktop,North,Regular
24.0,67585.13,5.0,mobile,North,Regular
68.0,85051.4,4.0,tablet,West,Regular
29.0,53987.81,3.0,mobile,North,Regular
59.0,62749.33,10.0,tablet,East,Regular
65.0,73176.94,8.0,mobile,East,Regular
65.0,53933.87,7.0,desktop,South,Regular
49.0,44125.53,4.0,mobile,North,Budget
49.0,62297.66,8.0,mobile,North,Regular
60.0,65230.23,5.0,desktop,North,Regular
57.0,70787.94,8.0,mobile,East,Regular
52.0,71835.93,7.0,mobile,North,Regular
67.0,41707.3,8.0,desktop,West,Regular
30.0,64058.11,8.0,mobile,South,Regular
19.0,79841.54,9.0,mobile,North,Premium
46.0,45817.96,2.0,mobile,West,Budget
47.0,62417.3,6.0,mobile,South,Regular
62.0,42710.38,9.0,mobile,West,Regular
27.0,58488.8,5.0,mobile,South,Regular
22.0,89978.7,5.0,tablet,North,Premium
59.0,58611.61,8.0,mobile,East,Regular
66.0,35759.74,11.0,mobile,North,Regular
30.0,62072.06,5.0,mobile,South,Regular
30.0,59464.98,5.0,desktop,East,Regular
56.0,77525.58,7.0,desktop,North,Premium
50.0,27613.74,6.0,mobile,South,Budget
35.0,36765.85,2.0,tablet,West,Budget
50.0,53580.05,3.0,mobile,East,Regular
51.0,23985.48,3.0,tablet,East,Budget
22.0,77935.56,8.0,mobile,North,Premium
53.0,14531.68,6.0,tablet,South,Budget
50.0,38490.1,8.0,desktop,North,Regular
65.0,25524.02,4.0,mobile,East,Budget
28.0,41997.25,6.0,desktop,South,Regular
63.0,71214.66,3.0,mobile,West,Regular
54.0,67229.28,11.0,mobile,North,Premium
40.0,73725.14,7.0,desktop,East,Premium
18.0,67249.82,5.0,mobile,South,Regular
53.0,14391.33,8.0,mobile,East,Budget
69.0,61197.76,4.0,tablet,North,Regular
27.0,18135.26,8.0,desktop,South,Regular
25.0,45060.43,4.0,mobile,North,Regular
23.0,47280.38,5.0,tablet,West,Regular
29.0,44246.61,9.0,mobile,East,Regular
55.0,65011.52,9.0,mobile,North,Regular
29.0,38926.54,4.0,mobile,West,Budget
65.0,89875.18,7.0,mobile,South,Premium
63.0,67147.81,8.0,desktop,North,Premium
56.0,78831.35,5.0,tablet,West,Regular
18.0,70363.31,10.0,desktop,East,Premium
44.0,73061.81,12.0,mobile,North,Premium
28.0,54308.41,3.0,mobile,East,Regular
50.0,94536.33,4.0,mobile,East,Regular
52.0,34056.76,11.0,mobile,West,Regular
55.0,64410.92,6.0,mobile,East,Regular
53.0,55242.56,5.0,mobile,West,Regular
47.0,50677.02,6.0,tablet,South,Regular
59.0,61541.82,4.0,mobile,North,Regular
36.0,40136.92,9.0,desktop,East,Regular
63.0,72585.65,6.0,desktop,South,Regular
62.0,70905.51,9.0,mobile,South,Regular
22.0,57123.44,5.0,mobile,North,Regular
37.0,69954.0,3.0,desktop,East,Regular
49.0,34344.67,7.0,desktop,North,Regular
64.0,18911.83,7.0,tablet,North,Budget
69.0,43540.58,7.0,mobile,North,Premium
59.0,50422.57,5.0,mobile,North,Regular
22.0,105130.12,9.0,desktop,West,Premium
59.0,50596.1,5.0,desktop,West,Regular
21.0,75858.25,7.0,tablet,East,Premium
61.0,72118.79,6.0,desktop,West,Regular
56.0,97459.43,4.0,mobile,North,Regular
69.0,57509.99,4.0,mobile,South,Regular
61.0,68275.89,2.0,mobile,West,Regular
69.0,51295.75,6.0,desktop,South,Regular
52.0,37847.34,8.0,mobile,East,Regular
44.0,35043.19,5.0,tablet,East,Budget
30.0,39469.19,8.0,mobile,North,Regular
37.0,83803.48,9.0,mobile,North,Premium
20.0,60899.35,9.0,desktop,East,Premium
56.0,52094.24,2.0,desktop,West,Regular
43.0,55532.62,6.0,desktop,South,Regular
68.0,43875.33,4.0,mobile,South,Budget
68.0,54506.92,4.0,mobile,North,Regular
50.0,54374.89,7.0,mobile,East,Regular
66.0,68240.07,2.0,tablet,South,Regular
19.0,73440.62,2.0,desktop,North,Regular
41.0,22418.14,8.0,desktop,East,Regular
20.0,59835.61,8.0,mobile,West,Budget
25.0,82734.91,8.0,mobile,East,Premium
42.0,34734.27,5.0,mobile,West,Budget
59.0,50174.15,8.0,mobile,North,Regular
58.0,58567.06,5.0,mobile,East,Regular
55.0,77239.82,5.0,mobile,South,Regular
64.0,67140.33,14.0,desktop,East,Premium
69.0,50804.11,3.0,tablet,North,Premium
37.0,65215.69,7.0,mobile,South,Regular
25.0,75960.97,7.0,mobile,East,Premium
44.0,,8.0,desktop,South,Premium
66.0,92420.55,10.0,mobile,East,Premium
44.0,63674.32,8.0,tablet,North,Regular
68.0,34171.95,3.0,mobile,West,Budget
22.0,39506.19,5.0,desktop,West,Regular
42.0,52519.82,4.0,mobile,North,Regular
18.0,51064.1,14.0,tablet,North,Premium
54.0,67652.31,9.0,desktop,West,Premium
45.0,62307.2,6.0,desktop,South,Regular
31.0,89560.71,8.0,mobile,West,Premium
44.0,71472.39,9.0,desktop,West,Premium
51.0,84969.53,5.0,mobile,North,Regular
62.0,39951.48,4.0,mobile,East,Budget
69.0,46679.96,7.0,mobile,South,Premium
27.0,68950.38,5.0,desktop,South,Premium
20.0,57090.49,8.0,mobile,West,Regular
62.0,67817.1,5.0,desktop,East,Regular
47.0,60272.17,8.0,mobile,East,Regular
32.0,42839.06,5.0,desktop,North,Regular
51.0,89372.29,3.0,mobile,West,Regular
46.0,78133.86,6.0,mobile,North,Regular
53.0,24164.73,8.0,desktop,West,Budget
54.0,42936.82,5.0,mobile,East,Budget
63.0,55747.58,7.0,desktop,West,Regular
25.0,68896.07,5.0,mobile,East,Regular
62.0,53857.61,9.0,tablet,West,Regular
67.0,28043.18,5.0,desktop,West,Premium
41.0,71937.98,8.0,desktop,East,Premium
67.0,51162.15,6.0,mobile,South,Regular
50.0,79389.97,12.0,mobile,North,Budget
68.0,61381.79,4.0,mobile,South,Regular
45.0,75371.1,6.0,desktop,East,Premium
18.0,72053.61,6.0,tablet,South,Regular
26.0,73011.28,4.0,mobile,West,Regular
51.0,45177.74,5.0,tablet,North,Regular
66.0,75935.26,9.0,mobile,West,Regular
52.0,59442.62,1.0,desktop,South,Budget
53.0,30427.97,5.0,desktop,South,Regular
63.0,47486.09,2.0,mobile,West,Budget
33.0,48634.33,9.0,mobile,East,Regular
28.0,64762.8,4.0,desktop,South,Regular
63.0,69090.04,13.0,mobile,East,Premium
24.0,33111.55,11.0,mobile,North,Premium
34.0,69897.65,6.0,desktop,East,Premium
60.0,54114.52,8.0,mobile,East,Regular
31.0,34309.17,6.0,mobile,North,Regular
31.0,72077.99,3.0,desktop,South,Regular
64.0,40218.46,5.0,mobile,North,Budget
21.0,31596.87,7.0,desktop,North,Regular
53.0,70555.71,4.0,desktop,West,Regular
22.0,73417.64,4.0,desktop,South,Premium
24.0,42274.36,7.0,desktop,South,Regular
51.0,,4.0,mobile,North,Regular
46.0,75484.7,3.0,mobile,South,Regular
45.0,45112.08,7.0,mobile,East,Regular
31.0,95374.82,8.0,desktop,South,Premium
56.0,54313.33,5.0,desktop,West,Budget
25.0,59985.62,7.0,tablet,West,Regular
59.0,12000.0,4.0,tablet,East,Budget
47.0,68194.88,8.0,mobile,West,Regular
18.0,43138.41,4.0,mobile,South,Regular
43.0,64305.84,5.0,mobile,North,Regular
66.0,21366.1,3.0,mobile,West,Budget
43.0,78608.4,5.0,desktop,West,Premium
63.0,84606.46,4.0,desktop,East,Premium
19.0,93251.49,6.0,desktop,North,Premium
66.0,12000.0,7.0,desktop,East,Budget
30.0,67279.5,3.0,mobile,North,Premium
57.0,62444.04,3.0,desktop,East,Regular
21.0,12000.0,2.0,mobile,West,Budget
37.0,40969.8,6.0,desktop,North,Regular
55.0,53908.41,8.0,mobile,West,Regular
30.0,84009.89,3.0,desktop,North,Premium
67.0,38992.68,4.0,mobile,South,Premium
65.0,59753.23,4.0,desktop,North,Regular
36.0,54513.09,4.0,mobile,East,Regular
39.0,62967.9,9.0,desktop,East,Budget
69.0,47732.61,8.0,mobile,South,Regular
43.0,73514.25,7.0,mobile,East,Regular
65.0,75109.7,2.0,mobile,South,Regular
54.0,28541.2,4.0,desktop,East,Budget
42.0,78102.76,8.0,mobile,West,Premium
53.0,40813.8,4.0,mobile,South,Budget
46.0,50268.02,2.0,desktop,South,Regular
54.0,78211.19,2.0,mobile,West,Regular
37.0,57737.16,9.0,mobile,North,Regular
50.0,67269.38,9.0,mobile,North,Regular
49.0,71549.17,11.0,desktop,South,Premium
44.0,67769.25,3.0,mobile,East,Regular
45.0,45086.83,4.0,mobile,North,Regular
57.0,36843.26,6.0,mobile,North,Budget
28.0,69457.97,2.0,desktop,South,Regular
38.0,71000.55,2.0,mobile,North,Regular
50.0,63012.86,5.0,mobile,East,Regular
31.0,52121.01,4.0,mobile,South,Regular
59.0,73005.63,5.0,mobile,South,Regular
65.0,55384.22,10.0,mobile,West,Premium
44.0,28604.12,7.0,mobile,North,Budget
61.0,61546.36,11.0,desktop,West,Premium
20.0,66007.01,6.0,mobile,West,Regular
55.0,71405.3,6.0,desktop,West,Regular
41.0,38166.06,8.0,mobile,East,Regular
26.0,41002.59,5.0,tablet,East,Regular
62.0,62620.39,8.0,desktop,North,Regular
20.0,47098.17,7.0,mobile,South,Regular
69.0,54694.46,7.0,desktop,South,Regular
65.0,74763.66,8.0,mobile,West,Regular
57.0,63917.53,7.0,desktop,South,Regular
67.0,92479.9,7.0,mobile,South,Premium
54.0,61906.33,6.0,mobile,South,Regular
32.0,90233.63,4.0,mobile,West,Regular
62.0,77383.5,5.0,mobile,North,Regular
50.0,106950.73,5.0,mobile,West,Premium
51.0,56562.91,3.0,mobile,West,Regular
18.0,54564.19,7.0,desktop,West,Premium
38.0,82327.18,4.0,desktop,West,Premium
38.0,46067.26,4.0,mobile,North,Regular
34.0,47124.09,10.0,desktop,North,Premium
54.0,61314.27,3.0,desktop,South,Regular
69.0,63923.51,1.0,mobile,East,Budget
36.0,28514.44,13.0,desktop,East,Regular
32.0,61552.04,7.0,mobile,East,Regular
59.0,50332.67,9.0,mobile,South,Budget
37.0,55998.24,4.0,desktop,East,Regular
65.0,60060.53,2.0,desktop,North,Regular
57.0,52780.24,8.0,mobile,South,Regular
25.0,77956.75,2.0,mobile,East,Regular
36.0,66327.27,11.0,mobile,East,Premium
53.0,52936.6,6.0,tablet,South,Regular
18.0,,8.0,desktop,East,Premium
37.0,77395.56,6.0,mobile,South,Regular
25.0,72368.96,12.0,mobile,South,Premium
27.0,81963.28,5.0,desktop,East,Premium
62.0,54054.55,9.0,mobile,North,Regular
36.0,59557.43,9.0,mobile,South,Regular
59.0,96855.74,8.0,mobile,West,Premium
43.0,56114.0,5.0,desktop,South,Regular
63.0,90299.34,7.0,desktop,East,Premium
64.0,73685.24,5.0,desktop,North,Regular
56.0,48395.76,1.0,mobile,West,Budget
57.0,29141.53,8.0,desktop,East,Regular
24.0,69576.2,3.0,mobile,West,Regular
18.0,42957.11,3.0,mobile,South,Regular
63.0,42894.63,7.0,mobile,North,Regular
20.0,22598.63,6.0,desktop,West,Regular
19.0,80574.59,3.0,mobile,North,Regular
69.0,59043.88,4.0,mobile,West,Regular
26.0,57522.64,3.0,mobile,East,Regular
46.0,64866.78,6.0,desktop,East,Regular
19.0,61868.04,6.0,mobile,West,Regular
49.0,58934.79,8.0,mobile,East,Regular
31.0,67314.7,7.0,mobile,West,Regular
36.0,51583.95,5.0,mobile,East,Regular
19.0,12000.0,7.0,desktop,West,Regular
61.0,71733.44,2.0,desktop,South,Regular
69.0,65519.05,5.0,mobile,South,Regular
46.0,57540.78,7.0,desktop,South,Regular
28.0,88635.48,4.0,mobile,East,Regular
48.0,29361.43,6.0,mobile,North,Budget
27.0,12000.0,4.0,mobile,West,Budget
30.0,86642.77,12.0,mobile,North,Premium
57.0,65318.78,4.0,mobile,West,Regular
58.0,24458.1,6.0,mobile,West,Budget
25.0,48994.32,8.0,tablet,East,Regular
29.0,69391.0,9.0,mobile,West,Premium
65.0,32992.06,8.0,desktop,East,Regular
25.0,68112.46,2.0,desktop,West,Regular
40.0,99154.37,6.0,desktop,East,Premium
49.0,84694.8,1.0,desktop,West,Regular
19.0,56477.92,3.0,mobile,West,Regular
61.0,63506.7,8.0,mobile,West,Regular
55.0,38260.28,7.0,tablet,East,Regular
33.0,59716.65,5.0,mobile,South,Regular
69.0,50494.74,7.0,mobile,East,Regular
33.0,37350.63,8.0,desktop,North,Regular
58.0,30422.42,5.0,mobile,North,Budget
25.0,95425.34,4.0,desktop,West,Premium
57.0,58802.0,8.0,mobile,South,Budget
49.0,36789.91,6.0,mobile,West,Regular
60.0,48721.41,8.0,mobile,South,Regular
58.0,86618.91,4.0,mobile,South,Regular
51.0,89265.46,3.0,desktop,West,Premium
24.0,44877.35,5.0,mobile,South,Regular
41.0,60965.29,3.0,desktop,West,Budget
45.0,74773.9,7.0,mobile,East,Regular
66.0,50200.25,7.0,mobile,South,Regular
46.0,33738.24,3.0,desktop,South,Regular
65.0,37714.47,9.0,tablet,North,Regular
23.0,57287.46,2.0,mobile,West,Regular
35.0,41739.94,10.0,desktop,East,Regular
45.0,31343.17,4.0,mobile,North,Budget
61.0,52382.51,9.0,desktop,East,Regular
32.0,75566.48,3.0,mobile,South,Regular
41.0,70617.67,7.0,mobile,West,Regular
28.0,52518.86,11.0,tablet,West,Regular
62.0,,3.0,mobile,West,Regular
69.0,41452.65,4.0,mobile,East,Budget
62.0,55554.08,8.0,desktop,East,Regular
22.0,29937.18,11.0,tablet,East,Regular
54.0,72487.57,4.0,mobile,North,Regular
35.0,54556.54,6.0,mobile,East,Regular
45.0,23640.08,2.0,tablet,North,Budget
50.0,40591.62,2.0,mobile,North,Budget
48.0,92687.69,6.0,desktop,East,Premium
39.0,71357.27,6.0,mobile,East,Regular
46.0,59213.41,3.0,tablet,South,Regular
18.0,74166.95,10.0,desktop,East,Premium
48.0,25283.63,4.0,desktop,North,Budget
63.0,40572.76,5.0,desktop,South,Regular
64.0,30663.81,4.0,mobile,South,Budget
30.0,40554.28,7.0,desktop,West,Regular
23.0,49381.3,5.0,mobile,South,Regular
39.0,67478.69,5.0,mobile,East,Regular
34.0,76954.11,6.0,desktop,West,Premium
65.0,76391.5,5.0,mobile,South,Regular
55.0,110251.58,7.0,mobile,West,Premium
68.0,47149.93,9.0,mobile,East,Regular
44.0,56562.12,8.0,desktop,South,Regular
65.0,67029.31,9.0,desktop,West,Premium
54.0,40488.39,4.0,mobile,East,Budget
39.0,51218.8,7.0,mobile,North,Regular
19.0,65029.4,7.0,mobile,East,Regular
56.0,39383.92,4.0,desktop,North,Budget
22.0,66243.55,9.0,desktop,South,Premium
62.0,81218.41,6.0,mobile,West,Regular
33.0,34747.57,1.0,desktop,West,Budget
28.0,12000.0,8.0,mobile,West,Budget
50.0,58526.52,6.0,mobile,South,Regular
68.0,36200.86,6.0,desktop,North,Regular
54.0,60292.42,6.0,mobile,West,Regular
23.0,47927.52,8.0,mobile,West,Regular
33.0,62874.09,2.0,mobile,East,Regular
52.0,79298.13,2.0,desktop,East,Regular
27.0,73048.9,7.0,desktop,South,Premium
30.0,49706.72,5.0,mobile,West,Regular
43.0,33583.59,7.0,desktop,South,Regular
29.0,12000.0,7.0,tablet,East,Budget
45.0,13605.27,6.0,desktop,North,Budget
25.0,40939.55,8.0,mobile,South,Regular
33.0,58618.55,7.0,mobile,South,Regular
66.0,43228.81,8.0,desktop,North,Regular
57.0,44763.48,4.0,desktop,West,Regular
24.0,24828.13,5.0,mobile,East,Budget
34.0,23741.69,7.0,mobile,East,Budget
65.0,22208.13,2.0,tablet,West,Budget
68.0,68718.35,4.0,mobile,North,Regular
26.0,17007.03,8.0,mobile,South,Budget
65.0,69693.19,4.0,mobile,East,Regular
35.0,38256.74,5.0,desktop,South,Regular
25.0,66764.82,5.0,desktop,North,Premium
28.0,60797.94,6.0,mobile,East,Regular
45.0,70957.56,11.0,mobile,East,Premium
69.0,79511.65,7.0,desktop,West,Premium
67.0,40289.17,3.0,mobile,West,Budget
22.0,36499.06,4.0,mobile,South,Budget
37.0,47004.51,5.0,mobile,South,Regular
62.0,40300.05,6.0,mobile,West,Budget
67.0,,5.0,tablet,South,Regular
33.0,53270.09,9.0,mobile,East,Regular
30.0,55575.24,6.0,mobile,South,Regular
67.0,63699.75,2.0,mobile,West,Regular
37.0,45998.38,6.0,mobile,North,Regular
57.0,77173.49,12.0,desktop,West,Premium
35.0,18779.02,5.0,mobile,South,Regular
31.0,59930.7,13.0,mobile,South,Premium
64.0,65189.59,7.0,desktop,North,Regular
44.0,39980.56,6.0,mobile,South,Regular
45.0,41440.77,7.0,mobile,North,Regular
26.0,73157.43,6.0,desktop,East,Premium
31.0,48830.79,9.0,mobile,South,Regular
39.0,16950.66,12.0,mobile,North,Regular
44.0,28303.76,6.0,mobile,South,Budget
19.0,75146.19,4.0,desktop,East,Premium
33.0,37586.02,2.0,desktop,West,Regular
53.0,81143.74,3.0,mobile,East,Regular
47.0,82310.92,9.0,mobile,South,Premium
48.0,51065.44,4.0,mobile,North,Regular
63.0,65859.2,9.0,mobile,North,Regular
32.0,38597.7,7.0,mobile,West,Regular
20.0,,9.0,mobile,West,Regular
18.0,41122.21,5.0,desktop,South,Regular
64.0,66726.83,3.0,mobile,West,Regular
66.0,29478.55,8.0,mobile,North,Budget
45.0,52374.17,4.0,desktop,East,Regular
24.0,55967.74,6.0,desktop,North,Regular
21.0,65252.61,13.0,desktop,North,Premium
35.0,12733.88,7.0,desktop,North,Regular
23.0,19362.32,4.0,mobile,West,Budget
19.0,37423.04,8.0,mobile,East,Regular
32.0,50462.67,4.0,tablet,North,Regular
37.0,57672.88,4.0,desktop,East,Regular
61.0,58713.88,4.0,mobile,North,Regular
38.0,94997.54,8.0,mobile,South,Premium
55.0,67881.74,7.0,desktop,North,Premium
45.0,,4.0,mobile,North,Regular
61.0,45137.5,4.0,desktop,South,Regular
34.0,70408.18,6.0,desktop,North,Premium
68.0,68565.54,8.0,desktop,South,Premium
30.0,68146.96,9.0,mobile,East,Premium
23.0,52558.07,5.0,desktop,East,Premium
58.0,67192.82,8.0,desktop,West,Premium
46.0,85101.43,4.0,mobile,West,Premium
32.0,38941.75,2.0,desktop,West,Regular
26.0,12000.0,4.0,tablet,East,Budget
35.0,71064.24,1.0,mobile,East,Regular
51.0,69342.55,9.0,tablet,South,Budget
43.0,50162.66,5.0,desktop,East,Regular
23.0,45933.24,3.0,desktop,South,Regular
32.0,109539.08,3.0,mobile,West,Premium
44.0,45505.91,5.0,desktop,West,Regular
55.0,30510.41,9.0,mobile,West,Regular
48.0,45245.04,7.0,desktop,East,Regular
22.0,64693.41,6.0,desktop,West,Premium
25.0,42571.47,7.0,mobile,West,Regular
34.0,46982.88,6.0,mobile,North,Regular
54.0,60777.26,5.0,mobile,North,Regular
39.0,46178.02,2.0,mobile,North,Budget
24.0,57225.92,5.0,mobile,East,Regular
31.0,53857.64,7.0,mobile,South,Regular
48.0,33579.51,5.0,mobile,West,Budget
61.0,56109.03,3.0,desktop,South,Regular
30.0,31614.7,5.0,desktop,East,Regular
36.0,73193.84,4.0,desktop,South,Regular
30.0,36141.4,4.0,mobile,East,Budget
39.0,49930.4,9.0,desktop,South,Regular
41.0,18550.32,6.0,mobile,South,Budget
42.0,45781.85,5.0,mobile,South,Regular
26.0,29834.34,9.0,desktop,East,Regular
61.0,84288.26,11.0,desktop,West,Premium
47.0,52234.93,9.0,mobile,East,Regular
29.0,64998.98,4.0,tablet,South,Regular
39.0,19901.75,9.0,mobile,South,Regular
61.0,30016.68,7.0,desktop,South,Budget
55.0,51242.69,5.0,mobile,South,Regular
67.0,27674.08,11.0,mobile,West,Regular
47.0,77264.33,6.0,tablet,East,Premium
31.0,46595.57,5.0,mobile,North,Regular
25.0,57554.27,6.0,mobile,West,Regular
26.0,60590.37,5.0,mobile,East,Regular
45.0,51595.83,9.0,mobile,East,Regular
59.0,69917.36,3.0,desktop,West,Regular
52.0,,7.0,desktop,South,Regular
34.0,61804.48,10.0,desktop,South,Premium
32.0,78275.5,5.0,mobile,South,Regular
29.0,58760.31,7.0,mobile,South,Premium
32.0,57008.17,6.0,mobile,West,Regular
22.0,47951.02,6.0,desktop,South,Regular
26.0,55675.7,7.0,desktop,East,Regular
49.0,67885.54,6.0,mobile,South,Regular
29.0,49674.17,9.0,tablet,West,Regular
66.0,21259.55,7.0,mobile,South,Budget
24.0,57757.99,6.0,mobile,North,Regular
63.0,51557.12,2.0,mobile,South,Budget
61.0,63783.96,2.0,mobile,East,Regular
48.0,55298.08,8.0,mobile,North,Regular
32.0,85594.15,6.0,mobile,West,Premium
40.0,30749.25,3.0,mobile,North,Budget
50.0,35343.0,7.0,mobile,West,Regular
68.0,67379.48,7.0,tablet,North,Regular
32.0,34190.82,8.0,mobile,West,Regular
52.0,60917.91,7.0,mobile,North,Regular
61.0,54163.01,6.0,desktop,South,Regular
67.0,15747.74,9.0,desktop,South,Regular
36.0,67625.21,10.0,tablet,East,Premium
53.0,81478.17,4.0,desktop,East,Premium
45.0,58547.49,2.0,mobile,North,Regular
54.0,26881.3,3.0,mobile,East,Budget
35.0,69979.56,7.0,mobile,South,Regular
54.0,33958.15,5.0,mobile,North,Budget
64.0,52070.16,7.0,desktop,North,Regular
24.0,62582.46,7.0,desktop,East,Premium
63.0,39105.33,5.0,mobile,South,Budget
31.0,21140.95,7.0,mobile,East,Budget
19.0,51636.45,6.0,mobile,South,Regular
21.0,53576.02,2.0,mobile,North,Regular
44.0,37635.03,7.0,tablet,West,Regular
66.0,39079.2,4.0,desktop,South,Regular
26.0,68959.22,3.0,desktop,East,Regular
69.0,52626.43,3.0,mobile,East,Budget
22.0,45181.25,4.0,desktop,South,Regular
49.0,42694.63,7.0,mobile,West,Regular
49.0,57707.87,3.0,mobile,South,Regular
26.0,56222.58,1.0,mobile,South,Regular
62.0,50997.15,1.0,tablet,East,Budget
24.0,27128.75,4.0,mobile,North,Budget
25.0,47094.14,7.0,mobile,West,Regular
41.0,42063.75,2.0,mobile,South,Budget
36.0,55665.01,6.0,mobile,West,Regular
38.0,76969.31,8.0,desktop,West,Premium
37.0,72946.83,0.0,desktop,South,Regular
28.0,66905.93,5.0,mobile,North,Regular
49.0,56525.62,6.0,mobile,West,Regular
22.0,48017.65,5.0,mobile,West,Regular
47.0,60898.61,5.0,mobile,East,Regular
51.0,45040.68,8.0,mobile,East,Premium
39.0,47675.15,7.0,mobile,East,Budget
59.0,37906.13,12.0,mobile,North,Regular
50.0,53266.05,6.0,desktop,West,Regular
21.0,52810.93,6.0,mobile,West,Regular
38.0,90255.64,5.0,mobile,North,Premium
34.0,65100.67,3.0,mobile,South,Regular
34.0,46957.09,6.0,tablet,South,Regular
33.0,69420.83,9.0,mobile,South,Premium
58.0,45105.48,3.0,mobile,South,Budget
46.0,73998.32,8.0,mobile,East,Regular
29.0,69462.64,4.0,mobile,West,Regular
49.0,110662.79,6.0,desktop,East,Premium
38.0,33225.54,7.0,desktop,South,Regular
39.0,52880.35,5.0,desktop,South,Regular
24.0,52077.06,7.0,mobile,North,Regular
63.0,60079.7,8.0,mobile,North,Regular
63.0,68147.98,8.0,tablet,South,Regular
38.0,35359.43,7.0,mobile,West,Regular
33.0,40221.61,7.0,tablet,North,Regular
33.0,60183.82,4.0,mobile,South,Regular
43.0,73112.32,7.0,desktop,South,Premium
57.0,32536.22,3.0,tablet,North,Budget
63.0,24211.42,6.0,mobile,South,Budget
61.0,76503.96,6.0,tablet,South,Regular
51.0,70654.52,6.0,mobile,East,Regular
63.0,75375.19,7.0,mobile,West,Regular
21.0,35479.37,8.0,mobile,East,Regular
26.0,50439.52,5.0,mobile,East,Regular
34.0,58708.15,7.0,desktop,North,Regular
28.0,62851.33,6.0,mobile,West,Regular
55.0,52002.01,5.0,mobile,North,Regular
42.0,53348.29,12.0,mobile,East,Regular
29.0,73891.23,5.0,mobile,West,Regular
68.0,45910.66,3.0,mobile,North,Budget
31.0,43728.3,4.0,mobile,North,Regular
50.0,45994.69,10.0,desktop,East,Regular
48.0,44450.61,8.0,desktop,West,Regular
50.0,56848.57,7.0,mobile,East,Regular
62.0,50279.62,7.0,desktop,East,Regular
34.0,45848.4,3.0,tablet,West,Budget
41.0,81756.05,9.0,mobile,South,Premium
69.0,60134.23,3.0,desktop,North,Budget
44.0,47815.56,8.0,desktop,South,Regular
27.0,78673.1,11.0,desktop,East,Regular
20.0,43705.22,9.0,mobile,East,Regular
47.0,54289.39,9.0,mobile,West,Regular
26.0,52517.79,6.0,desktop,North,Regular
53.0,43263.57,5.0,mobile,North,Regular
43.0,46931.23,4.0,desktop,West,Regular
60.0,55932.04,7.0,desktop,South,Regular
21.0,26759.2,5.0,desktop,West,Regular
60.0,46831.38,7.0,mobile,South,Regular
62.0,59111.99,10.0,desktop,West,Premium
38.0,59612.23,3.0,mobile,South,Regular
49.0,60032.89,7.0,desktop,North,Regular
32.0,99233.11,5.0,mobile,North,Premium
47.0,67076.92,8.0,mobile,West,Regular
68.0,51564.57,3.0,desktop,South,Regular
20.0,51985.35,5.0,mobile,East,Regular
46.0,54264.92,8.0,mobile,West,Regular
50.0,62647.25,10.0,mobile,East,Regular
32.0,48628.54,4.0,tablet,South,Regular
26.0,83164.02,3.0,desktop,South,Premium
25.0,33180.04,7.0,mobile,West,Regular
23.0,66381.2,3.0,mobile,East,Regular
59.0,63917.35,2.0,desktop,South,Regular
46.0,32452.28,3.0,desktop,North,Budget
62.0,66305.11,14.0,desktop,South,Premium
40.0,64915.7,7.0,mobile,North,Regular
47.0,42081.15,2.0,tablet,West,Budget
67.0,98481.18,5.0,mobile,East,Premium
37.0,67856.28,6.0,mobile,West,Regular
44.0,48008.93,10.0,mobile,South,Regular
52.0,45170.15,5.0,mobile,South,Regular
51.0,40105.86,5.0,mobile,West,Budget
68.0,59212.8,4.0,mobile,North,Regular
60.0,55458.62,7.0,mobile,South,Regular
48.0,27379.52,6.0,mobile,East,Budget
47.0,34462.82,6.0,desktop,East,Regular
58.0,40663.76,3.0,desktop,West,Regular
57.0,,9.0,mobile,South,Regular
63.0,47382.42,6.0,desktop,South,Regular
69.0,41561.14,10.0,desktop,West,Regular
57.0,66471.14,8.0,tablet,North,Regular
26.0,72324.0,3.0,desktop,East,Regular
43.0,55681.42,7.0,mobile,West,Regular
20.0,12490.83,3.0,tablet,West,Budget
27.0,51275.06,7.0,mobile,South,Regular
28.0,64925.78,10.0,tablet,South,Premium
54.0,52723.23,7.0,desktop,West,Regular
37.0,59436.69,8.0,desktop,West,Premium
61.0,56204.59,7.0,desktop,South,Regular
50.0,25868.26,4.0,mobile,North,Budget
68.0,12000.0,4.0,tablet,South,Budget
19.0,66059.06,3.0,mobile,East,Budget
25.0,44322.93,2.0,mobile,East,Budget
60.0,62127.74,4.0,tablet,North,Regular
23.0,48458.24,5.0,mobile,East,Regular
32.0,51001.8,6.0,desktop,East,Regular
51.0,80264.23,9.0,mobile,North,Premium
40.0,31469.14,12.0,mobile,East,Regular
61.0,54037.44,5.0,desktop,East,Regular
24.0,33454.57,5.0,mobile,North,Regular
21.0,55586.44,4.0,mobile,East,Regular
63.0,63273.2,2.0,mobile,North,Regular
49.0,,3.0,mobile,South,Regular
25.0,57084.95,6.0,mobile,North,Regular
31.0,28007.25,3.0,mobile,South,Budget
27.0,58868.76,10.0,mobile,West,Regular
69.0,71184.56,4.0,mobile,East,Regular
34.0,73124.8,11.0,mobile,South,Premium
36.0,94903.68,9.0,mobile,South,Premium
69.0,64912.64,6.0,desktop,North,Regular
22.0,34880.41,6.0,desktop,East,Regular
62.0,44353.09,6.0,mobile,East,Regular
58.0,55844.2,4.0,tablet,South,Regular
23.0,74113.15,7.0,mobile,East,Premium
33.0,32531.98,7.0,desktop,North,Regular
64.0,71576.25,6.0,mobile,West,Regular
39.0,66600.45,8.0,mobile,West,Regular
56.0,37716.02,9.0,mobile,East,Regular
24.0,65774.71,4.0,mobile,South,Regular
58.0,39724.44,9.0,mobile,North,Regular
35.0,54152.23,5.0,desktop,North,Regular
30.0,48479.33,6.0,mobile,North,Regular
24.0,58722.81,7.0,mobile,East,Regular
58.0,31831.37,4.0,mobile,West,Budget
31.0,64218.86,2.0,desktop,East,Regular
48.0,13009.84,6.0,desktop,East,Budget
48.0,46517.02,6.0,tablet,East,Regular
37.0,43497.53,8.0,mobile,North,Regular
33.0,84154.24,7.0,desktop,South,Premium
18.0,64421.32,9.0,mobile,West,Premium
52.0,44983.73,4.0,mobile,West,Budget
43.0,37271.13,11.0,mobile,West,Regular
64.0,54884.18,8.0,tablet,East,Regular
28.0,42283.26,10.0,mobile,South,Regular
47.0,96657.22,3.0,desktop,South,Premium
20.0,12000.0,6.0,desktop,North,Regular
19.0,55471.73,6.0,tablet,East,Regular
41.0,12000.0,5.0,mobile,North,Budget
67.0,73929.95,6.0,tablet,West,Regular
52.0,38985.38,5.0,tablet,South,Budget
28.0,84682.12,4.0,desktop,North,Premium
63.0,43888.95,4.0,mobile,West,Budget
35.0,74779.37,5.0,desktop,North,Premium
37.0,58095.35,3.0,mobile,North,Regular
45.0,76680.86,9.0,desktop,West,Premium
64.0,54673.83,7.0,mobile,East,Regular
50.0,12000.0,6.0,desktop,West,Budget
36.0,40495.64,5.0,mobile,West,Regular
35.0,24665.41,5.0,mobile,South,Budget
26.0,72200.49,10.0,desktop,South,Premium
40.0,64445.83,7.0,desktop,West,Premium
68.0,54360.45,10.0,tablet,South,Regular
50.0,62868.69,8.0,tablet,East,Regular
38.0,57985.35,4.0,tablet,North,Regular
41.0,43398.7,7.0,mobile,South,Regular
27.0,91360.81,4.0,mobile,North,Premium
32.0,58790.71,9.0,desktop,West,Premium
48.0,50575.33,4.0,desktop,South,Regular
39.0,26401.43,5.0,tablet,East,Budget
19.0,42451.81,6.0,desktop,East,Regular
38.0,54474.43,7.0,mobile,South,Regular
45.0,50861.82,6.0,desktop,East,Regular
33.0,45197.84,7.0,desktop,South,Regular
44.0,53283.88,7.0,desktop,South,Regular
49.0,32912.28,8.0,desktop,North,Regular
32.0,54402.94,4.0,mobile,West,Regular
44.0,24872.02,7.0,desktop,East,Regular
34.0,37908.99,3.0,mobile,South,Budget
39.0,40224.27,3.0,mobile,North,Budget
44.0,70760.01,7.0,desktop,West,Premium
54.0,63537.87,5.0,mobile,North,Regular
21.0,55668.74,5.0,mobile,West,Regular
60.0,32403.3,3.0,desktop,West,Budget
57.0,46665.08,9.0,mobile,East,Regular
51.0,69455.6,9.0,mobile,North,Regular
27.0,78051.2,7.0,mobile,South,Premium
35.0,26256.38,8.0,desktop,West,Regular
56.0,46076.6,4.0,desktop,South,Regular
66.0,56307.07,7.0,tablet,East,Regular
68.0,60909.03,10.0,desktop,West,Premium
23.0,54426.5,5.0,mobile,West,Regular
53.0,66977.21,8.0,mobile,West,Regular
59.0,26804.88,8.0,desktop,North,Premium
56.0,83869.93,4.0,mobile,South,Regular
39.0,32534.91,8.0,desktop,North,Regular
55.0,55417.68,6.0,desktop,East,Regular
38.0,64233.77,5.0,mobile,East,Regular
25.0,76482.28,7.0,desktop,North,Premium
61.0,71511.66,6.0,tablet,West,Regular
25.0,,10.0,desktop,West,Budget
52.0,78641.02,6.0,desktop,East,Premium
37.0,51461.46,6.0,desktop,West,Regular
68.0,68626.05,7.0,desktop,North,Regular
36.0,83686.32,5.0,desktop,West,Premium
63.0,39971.87,8.0,desktop,South,Regular
33.0,27766.46,4.0,mobile,West,Budget
24.0,35279.46,10.0,desktop,East,Regular
38.0,81300.93,3.0,tablet,South,Regular
44.0,78069.21,2.0,desktop,South,Regular
69.0,47627.4,12.0,mobile,South,Regular
57.0,59101.75,4.0,mobile,West,Regular
39.0,,3.0,mobile,West,Regular
22.0,74455.89,9.0,desktop,South,Premium
37.0,18620.05,6.0,mobile,West,Budget
46.0,43833.94,7.0,mobile,East,Regular
42.0,49520.56,3.0,tablet,South,Regular
69.0,60569.76,4.0,desktop,East,Regular
33.0,55947.7,6.0,mobile,East,Regular
30.0,48471.91,7.0,mobile,North,Regular
33.0,60045.14,6.0,desktop,West,Regular
24.0,12000.0,8.0,mobile,South,Budget
24.0,113166.53,6.0,mobile,North,Premium
33.0,70228.64,4.0,desktop,West,Regular
29.0,71433.72,3.0,mobile,West,Regular
35.0,42015.36,9.0,desktop,South,Regular
57.0,62490.51,3.0,mobile,North,Regular
32.0,93775.09,6.0,mobile,East,Premium
59.0,89291.94,5.0,mobile,North,Regular
40.0,56027.74,9.0,mobile,West,Budget
25.0,30918.24,7.0,desktop,South,Regular
61.0,57701.23,6.0,mobile,North,Regular
30.0,48877.77,5.0,mobile,North,Budget
44.0,70890.16,3.0,mobile,North,Regular
18.0,30189.94,2.0,mobile,South,Budget
48.0,51030.21,6.0,desktop,South,Regular
55.0,59787.83,8.0,mobile,East,Regular
23.0,45711.31,5.0,mobile,South,Regular
41.0,74799.33,7.0,desktop,East,Premium
21.0,32932.17,7.0,mobile,West,Premium
51.0,31040.16,7.0,mobile,North,Budget
67.0,47945.27,4.0,mobile,West,Budget
53.0,70515.82,9.0,mobile,West,Regular
36.0,48856.45,2.0,mobile,West,Budget
53.0,43335.72,5.0,mobile,East,Regular
67.0,70056.72,9.0,tablet,West,Regular
46.0,58943.8,2.0,mobile,North,Regular
35.0,44582.19,5.0,desktop,South,Regular
25.0,57021.29,6.0,mobile,North,Regular
51.0,50086.63,9.0,mobile,East,Regular
67.0,66313.21,6.0,desktop,West,Regular
52.0,57394.17,5.0,tablet,West,Regular
65.0,39374.21,4.0,desktop,South,Regular
22.0,45513.16,6.0,mobile,East,Regular
24.0,46721.34,6.0,desktop,East,Regular
21.0,61754.87,5.0,mobile,South,Regular
65.0,61842.18,9.0,desktop,North,Premium
40.0,38742.21,2.0,mobile,West,Budget
51.0,51023.6,6.0,mobile,West,Regular
24.0,60559.12,5.0,desktop,West,Regular
19.0,75670.66,5.0,mobile,North,Regular
33.0,59441.78,6.0,mobile,East,Regular
60.0,91999.76,6.0,desktop,East,Premium
28.0,55136.78,8.0,mobile,South,Regular
61.0,68720.84,2.0,mobile,North,Regular
34.0,48398.2,6.0,desktop,North,Regular
56.0,35602.12,1.0,mobile,East,Budget
41.0,56681.57,4.0,desktop,North,Regular
34.0,63890.1,5.0,desktop,West,Regular
34.0,60840.57,7.0,mobile,East,Regular
33.0,57423.95,10.0,mobile,East,Regular
35.0,48277.0,6.0,mobile,North,Regular
44.0,38942.52,7.0,mobile,West,Regular
43.0,48881.25,7.0,mobile,South,Regular
52.0,63603.54,4.0,tablet,North,Regular
53.0,72931.29,4.0,mobile,North,Regular
37.0,12000.0,0.0,mobile,East,Budget
20.0,66306.58,6.0,mobile,East,Regular
45.0,75365.93,10.0,mobile,East,Premium
69.0,,7.0,tablet,West,Regular
65.0,61957.28,4.0,mobile,West,Regular
40.0,67462.37,7.0,desktop,East,Premium
66.0,46115.01,5.0,mobile,North,Budget
65.0,52944.72,5.0,desktop,East,Regular
37.0,64716.99,5.0,mobile,West,Regular
18.0,33635.54,8.0,mobile,South,Regular
47.0,39480.57,7.0,mobile,East,Regular
20.0,58405.24,4.0,mobile,South,Regular
57.0,29069.57,6.0,mobile,West,Budget
23.0,55636.96,1.0,tablet,West,Regular
26.0,26191.95,6.0,mobile,South,Budget
65.0,58362.7,7.0,mobile,North,Regular
47.0,55163.04,9.0,mobile,North,Regular
39.0,43850.41,6.0,tablet,East,Regular
24.0,36572.7,4.0,desktop,North,Regular
62.0,44908.91,8.0,tablet,West,Regular
43.0,12000.0,7.0,tablet,South,Budget
54.0,47018.76,7.0,tablet,East,Regular
20.0,56892.73,7.0,mobile,East,Regular
22.0,77718.84,7.0,desktop,North,Premium
54.0,44874.33,7.0,desktop,West,Regular
36.0,51270.4,9.0,desktop,South,Premium
58.0,81257.51,7.0,desktop,South,Premium
35.0,87911.41,5.0,tablet,South,Premium
32.0,45277.18,7.0,mobile,East,Regular
41.0,74706.91,4.0,mobile,East,Regular
23.0,77173.06,4.0,mobile,North,Regular
57.0,64514.5,4.0,desktop,South,Regular
50.0,35713.55,2.0,mobile,South,Budget
22.0,36569.97,7.0,desktop,East,Regular
66.0,65690.71,4.0,mobile,North,Regular
66.0,99355.58,2.0,mobile,West,Regular
54.0,51188.07,8.0,mobile,South,Regular
42.0,84693.73,9.0,mobile,West,Premium
41.0,90963.34,9.0,mobile,North,Premium
37.0,30672.32,5.0,tablet,South,Budget
49.0,43132.56,10.0,desktop,South,Regular
54.0,83592.44,6.0,mobile,North,Premium
62.0,73344.22,4.0,mobile,South,Regular
32.0,65152.68,5.0,desktop,South,Regular
59.0,54403.44,1.0,desktop,West,Regular
55.0,66710.29,5.0,mobile,West,Regular
51.0,42506.54,9.0,mobile,West,Regular
39.0,102653.07,4.0,mobile,South,Premium
67.0,32504.47,6.0,desktop,South,Regular
42.0,20141.59,10.0,mobile,South,Regular
38.0,57479.98,9.0,mobile,North,Regular
27.0,82342.05,11.0,desktop,West,Premium
39.0,45181.97,3.0,mobile,East,Premium
28.0,53592.93,4.0,desktop,North,Regular
33.0,35020.03,5.0,mobile,South,Budget
62.0,53201.91,5.0,mobile,North,Regular
56.0,35107.34,4.0,desktop,West,Regular
47.0,35374.16,11.0,mobile,West,Regular
67.0,26342.5,11.0,mobile,South,Regular
39.0,44097.07,6.0,tablet,East,Regular
38.0,90378.45,9.0,mobile,South,Premium
58.0,53500.35,6.0,mobile,West,Regular
29.0,58322.4,5.0,mobile,East,Regular
65.0,97535.3,4.0,desktop,East,Premium
19.0,42446.46,1.0,mobile,West,Budget
26.0,35454.99,7.0,tablet,East,Regular
47.0,64646.73,3.0,mobile,South,Regular
69.0,30963.01,8.0,mobile,South,Premium
53.0,61009.93,6.0,mobile,North,Regular
18.0,76827.32,6.0,mobile,South,Premium
62.0,33861.63,7.0,mobile,South,Budget
49.0,44605.73,5.0,mobile,North,Regular
37.0,87246.7,2.0,tablet,West,Regular
31.0,34253.86,4.0,mobile,South,Budget
28.0,41525.42,7.0,mobile,East,Regular
31.0,59186.56,7.0,tablet,North,Regular
18.0,48538.14,5.0,desktop,East,Regular
43.0,38231.52,7.0,mobile,North,Regular
37.0,85364.84,1.0,tablet,South,Regular
49.0,43433.67,5.0,desktop,North,Regular
56.0,60983.98,3.0,mobile,North,Regular
40.0,46708.17,7.0,desktop,East,Regular
41.0,50193.49,11.0,tablet,North,Regular
55.0,28202.15,6.0,mobile,South,Budget
55.0,72428.76,6.0,desktop,East,Premium
67.0,46344.18,6.0,desktop,West,Regular
44.0,79138.65,4.0,mobile,South,Regular
26.0,32214.52,5.0,desktop,West,Regular
45.0,45301.94,7.0,mobile,South,Regular
30.0,63811.86,4.0,desktop,North,Regular
43.0,56725.67,8.0,desktop,North,Regular
49.0,41979.54,8.0,mobile,West,Regular
28.0,51987.99,9.0,mobile,South,Regular
39.0,29649.21,10.0,mobile,West,Regular
18.0,55663.51,4.0,mobile,East,Regular
34.0,12000.0,8.0,tablet,South,Budget
67.0,57932.94,5.0,mobile,West,Regular
44.0,80706.65,11.0,mobile,South,Premium
45.0,71802.22,8.0,mobile,North,Regular
54.0,70989.73,10.0,mobile,East,Premium
64.0,46526.82,5.0,tablet,West,Budget
65.0,64041.07,9.0,desktop,North,Premium
18.0,46865.56,8.0,mobile,East,Regular
66.0,52862.1,6.0,mobile,South,Regular
31.0,52675.89,5.0,mobile,East,Regular
60.0,12000.0,7.0,mobile,South,Budget
23.0,72398.9,7.0,mobile,South,Regular
36.0,,4.0,mobile,South,Regular
34.0,70815.84,6.0,mobile,West,Regular
63.0,36306.37,4.0,mobile,West,Budget
36.0,67954.01,1.0,mobile,East,Regular
54.0,63872.72,10.0,mobile,West,Regular
38.0,12000.0,4.0,desktop,North,Budget
27.0,20661.91,6.0,mobile,East,Budget
56.0,55612.05,3.0,mobile,East,Regular
67.0,,9.0,tablet,East,Regular
61.0,54284.36,7.0,mobile,North,Regular
30.0,42287.65,3.0,mobile,East,Budget
61.0,83400.94,5.0,mobile,South,Regular
53.0,18031.8,10.0,mobile,South,Regular
43.0,28364.3,6.0,mobile,East,Budget
54.0,35805.88,8.0,mobile,West,Regular
48.0,28317.52,5.0,mobile,North,Budget
65.0,43468.49,5.0,mobile,East,Budget
32.0,54011.8,5.0,mobile,South,Regular
52.0,28793.62,6.0,desktop,West,Regular
26.0,61631.33,5.0,mobile,North,Regular
69.0,79890.15,10.0,desktop,North,Premium
34.0,75691.76,4.0,desktop,North,Premium
21.0,93260.04,5.0,desktop,West,Premium
58.0,76481.47,7.0,mobile,East,Regular
19.0,54046.35,6.0,desktop,East,Regular
26.0,88946.12,3.0,mobile,South,Regular
28.0,68250.37,8.0,tablet,South,Regular
36.0,90780.44,0.0,mobile,North,Regular
47.0,50966.45,7.0,mobile,South,Regular
48.0,14200.71,5.0,mobile,North,Budget
40.0,32219.82,9.0,mobile,East,Regular
63.0,58157.17,10.0,mobile,South,Regular
22.0,65287.62,6.0,desktop,North,Premium
27.0,50765.81,4.0,mobile,East,Regular
28.0,74006.22,8.0,mobile,East,Premium
26.0,32600.77,7.0,mobile,South,Regular
48.0,41206.63,2.0,desktop,North,Regular
56.0,73791.68,6.0,desktop,East,Premium
38.0,55781.02,4.0,desktop,East,Regular
44.0,56642.72,9.0,desktop,South,Premium
57.0,81911.77,10.0,mobile,North,Premium
58.0,75909.6,2.0,mobile,South,Regular
42.0,39512.35,8.0,desktop,East,Regular
56.0,58697.18,8.0,mobile,North,Regular
63.0,22049.57,4.0,mobile,North,Budget
42.0,,8.0,tablet,North,Regular
57.0,62384.29,6.0,mobile,South,Regular
53.0,21472.34,3.0,desktop,South,Budget
43.0,84933.86,3.0,mobile,East,Regular
43.0,93372.08,6.0,desktop,West,Premium
36.0,64438.83,7.0,desktop,South,Premium
62.0,72705.95,4.0,mobile,North,Regular
29.0,83822.21,5.0,desktop,West,Premium
32.0,51586.37,7.0,mobile,West,Regular
33.0,74990.9,5.0,mobile,North,Budget
27.0,62342.74,8.0,tablet,East,Regular
36.0,25476.66,6.0,desktop,South,Regular
54.0,37578.61,8.0,desktop,South,Regular
36.0,44057.62,7.0,desktop,West,Regular
25.0,75595.13,9.0,mobile,South,Premium
27.0,56888.24,6.0,desktop,West,Regular
41.0,73996.32,6.0,mobile,South,Regular
42.0,45908.0,8.0,mobile,East,Regular
37.0,30398.02,11.0,mobile,East,Regular
23.0,94762.46,8.0,mobile,South,Premium
43.0,107482.43,10.0,mobile,East,Premium
63.0,62397.42,2.0,desktop,North,Regular
41.0,51200.65,4.0,desktop,West,Regular
46.0,77901.23,11.0,mobile,North,Premium
54.0,33699.13,6.0,mobile,West,Budget
22.0,51011.65,8.0,tablet,North,Regular
47.0,27403.63,3.0,mobile,North,Budget
35.0,64329.26,7.0,mobile,West,Regular
40.0,59798.26,9.0,desktop,South,Premium
31.0,47289.9,3.0,mobile,East,Regular
24.0,42501.42,5.0,mobile,South,Regular
26.0,25789.09,4.0,mobile,West,Budget
50.0,39117.35,4.0,mobile,North,Budget
42.0,78731.47,6.0,desktop,North,Premium
22.0,48246.99,10.0,mobile,West,Regular
27.0,79298.78,5.0,mobile,East,Regular
55.0,38346.07,2.0,desktop,West,Budget
25.0,53475.47,5.0,mobile,South,Regular
62.0,46187.76,11.0,desktop,West,Regular
54.0,50022.94,5.0,mobile,West,Regular
52.0,69869.68,5.0,mobile,West,Regular
40.0,15498.64,2.0,mobile,West,Budget
26.0,69305.73,2.0,mobile,West,Regular
52.0,68418.32,4.0,mobile,South,Regular
41.0,55090.94,11.0,desktop,North,Premium
42.0,56514.11,0.0,desktop,East,Regular
54.0,50790.97,6.0,desktop,South,Regular
44.0,68373.55,6.0,mobile,South,Regular
20.0,56161.01,6.0,tablet,East,Regular
34.0,38729.65,9.0,desktop,North,Regular
50.0,57969.23,6.0,desktop,South,Regular
40.0,73410.94,3.0,mobile,East,Regular
27.0,62173.92,6.0,mobile,West,Regular
43.0,55614.98,4.0,desktop,East,Regular
36.0,58988.56,5.0,desktop,North,Regular
35.0,45514.91,2.0,desktop,South,Regular
30.0,46186.46,3.0,mobile,West,Regular
60.0,18812.5,5.0,mobile,West,Budget
48.0,51518.88,6.0,desktop,West,Regular
30.0,73985.83,7.0,desktop,West,Premium
57.0,47559.92,6.0,desktop,South,Regular
29.0,37636.66,6.0,mobile,West,Regular
31.0,72286.05,3.0,mobile,South,Regular
35.0,58202.0,8.0,desktop,East,Premium
67.0,57773.4,4.0,desktop,North,Regular
58.0,64104.51,6.0,tablet,West,Regular
51.0,68467.1,7.0,mobile,West,Regular
62.0,54228.38,6.0,mobile,East,Regular
62.0,39079.04,12.0,mobile,North,Regular
47.0,88450.57,9.0,desktop,East,Premium
63.0,56137.01,9.0,mobile,West,Regular
36.0,40234.84,5.0,mobile,West,Regular
38.0,58602.49,3.0,desktop,East,Regular
51.0,77914.11,8.0,desktop,East,Premium
68.0,27907.39,7.0,desktop,East,Regular
60.0,80163.68,2.0,mobile,North,Regular
68.0,52456.02,7.0,mobile,West,Regular
30.0,93290.28,12.0,tablet,South,Premium
40.0,67834.15,2.0,mobile,South,Regular
52.0,53039.54,5.0,mobile,East,Regular
66.0,79080.36,10.0,desktop,West,Premium
54.0,79433.77,11.0,mobile,West,Premium
65.0,48356.61,3.0,mobile,East,Budget
38.0,59533.81,6.0,mobile,East,Regular
50.0,45200.93,5.0,desktop,West,Regular
25.0,72634.49,8.0,mobile,South,Premium
31.0,28171.24,5.0,desktop,North,Regular
49.0,51697.52,5.0,mobile,South,Regular
30.0,14334.87,4.0,desktop,West,Budget
28.0,66351.06,6.0,desktop,South,Premium
23.0,12488.84,4.0,desktop,South,Budget
37.0,34857.84,9.0,desktop,West,Regular
32.0,60131.09,6.0,mobile,South,Regular
46.0,48342.47,9.0,mobile,South,Regular
48.0,46593.91,6.0,tablet,North,Regular
68.0,36615.42,7.0,mobile,West,Budget
49.0,46146.63,4.0,tablet,East,Budget
25.0,21599.75,5.0,desktop,East,Regular
39.0,61234.52,9.0,tablet,East,Regular
21.0,70453.75,8.0,tablet,South,Premium
46.0,69636.13,6.0,tablet,South,Regular
46.0,54374.52,5.0,mobile,East,Regular
62.0,78411.44,8.0,desktop,West,Premium
67.0,63915.21,12.0,desktop,North,Premium
66.0,73354.21,9.0,mobile,South,Regular
20.0,62580.09,7.0,mobile,North,Regular
20.0,55721.58,12.0,desktop,North,Premium
51.0,40596.65,6.0,tablet,West,Regular
67.0,12000.0,3.0,mobile,East,Regular
19.0,67369.85,8.0,mobile,North,Premium
59.0,52894.01,5.0,mobile,West,Regular
46.0,92967.82,10.0,tablet,West,Premium
47.0,17291.69,8.0,mobile,East,Budget
24.0,71129.16,3.0,desktop,North,Regular
43.0,37000.82,5.0,desktop,West,Regular
52.0,55021.45,1.0,desktop,South,Regular
54.0,38217.96,10.0,mobile,South,Regular
36.0,61741.24,6.0,tablet,East,Regular
53.0,54514.25,6.0,mobile,North,Regular
52.0,71801.38,9.0,desktop,South,Premium
55.0,57884.98,5.0,desktop,South,Regular
31.0,64206.16,7.0,mobile,North,Premium
66.0,79407.05,9.0,mobile,South,Premium
21.0,64969.44,10.0,mobile,North,Premium
19.0,52552.12,1.0,desktop,West,Regular
27.0,78707.18,6.0,tablet,South,Regular
21.0,52954.07,4.0,mobile,North,Regular
32.0,62880.16,8.0,tablet,East,Regular
45.0,48994.43,6.0,desktop,East,Regular
26.0,,7.0,mobile,East,Regular
33.0,12000.0,7.0,mobile,West,Budget
28.0,68349.51,9.0,mobile,West,Premium
63.0,33161.7,9.0,desktop,West,Regular
46.0,69108.13,7.0,mobile,South,Regular
49.0,89468.61,10.0,desktop,West,Premium
40.0,30039.23,6.0,mobile,West,Budget
46.0,71838.97,7.0,mobile,South,Regular
60.0,53288.03,9.0,desktop,North,Regular
69.0,63782.17,6.0,mobile,West,Regular
43.0,32385.78,5.0,mobile,West,Budget
42.0,55712.48,10.0,desktop,South,Premium
46.0,58117.98,5.0,tablet,West,Regular
45.0,82362.83,4.0,desktop,West,Premium
54.0,95944.96,3.0,mobile,North,Regular
29.0,61144.25,8.0,mobile,East,Regular
62.0,48222.1,4.0,mobile,North,Budget
21.0,97378.47,6.0,mobile,West,Premium
48.0,53157.72,6.0,mobile,West,Regular
68.0,54112.15,9.0,mobile,North,Regular
19.0,57119.33,10.0,mobile,West,Premium
64.0,64049.57,5.0,mobile,South,Regular
41.0,68705.68,6.0,mobile,West,Premium
61.0,44262.48,6.0,mobile,East,Regular
19.0,53113.31,3.0,desktop,West,Regular
63.0,90979.2,8.0,mobile,South,Premium
49.0,85705.13,6.0,desktop,North,Premium
53.0,63703.29,7.0,mobile,East,Regular
21.0,60443.28,9.0,mobile,West,Regular
38.0,50862.61,4.0,mobile,North,Regular
46.0,74757.27,8.0,mobile,East,Regular
29.0,45451.36,6.0,tablet,West,Regular
25.0,,1.0,desktop,South,Regular
52.0,46587.26,11.0,mobile,South,Regular
62.0,43409.97,4.0,desktop,West,Regular
27.0,56018.39,6.0,mobile,North,Regular
22.0,55376.94,5.0,mobile,West,Regular
31.0,44273.63,4.0,desktop,West,Regular
52.0,54061.88,7.0,mobile,West,Regular
43.0,56586.99,3.0,desktop,East,Regular
54.0,46377.23,9.0,tablet,South,Regular
66.0,42851.09,2.0,mobile,East,Budget
32.0,52688.64,6.0,mobile,East,Regular
52.0,68641.49,8.0,mobile,North,Regular
48.0,76356.35,6.0,desktop,East,Premium
62.0,58845.32,8.0,mobile,North,Regular
35.0,50180.24,3.0,tablet,East,Regular
23.0,54741.35,7.0,tablet,West,Regular
31.0,91649.26,4.0,mobile,North,Premium
18.0,72708.17,6.0,mobile,South,Regular
31.0,37234.24,5.0,mobile,West,Regular
62.0,54330.42,6.0,desktop,South,Regular
18.0,45251.61,3.0,desktop,North,Regular
27.0,48394.6,9.0,mobile,South,Regular
52.0,23310.5,5.0,mobile,East,Budget
30.0,55855.92,8.0,desktop,East,Premium
21.0,29519.77,4.0,tablet,West,Budget
45.0,44142.62,9.0,desktop,North,Regular
28.0,84180.17,4.0,mobile,North,Regular
53.0,74329.68,2.0,mobile,North,Regular
22.0,38814.76,6.0,tablet,East,Regular
20.0,35680.55,5.0,desktop,East,Regular
59.0,38003.24,6.0,desktop,South,Regular
50.0,19486.65,6.0,desktop,North,Budget
45.0,36685.54,8.0,desktop,West,Regular
48.0,50207.56,9.0,mobile,North,Regular
42.0,35428.22,9.0,mobile,East,Premium
47.0,69725.31,9.0,desktop,North,Premium
48.0,54369.97,5.0,desktop,West,Regular
23.0,45235.66,6.0,mobile,South,Regular
60.0,88639.83,5.0,tablet,North,Regular
52.0,68832.85,8.0,desktop,East,Premium
50.0,56688.34,4.0,mobile,North,Regular
69.0,90533.02,6.0,mobile,East,Regular
44.0,80366.26,11.0,mobile,West,Premium
64.0,41935.49,9.0,mobile,North,Regular
34.0,61518.36,5.0,mobile,East,Regular
22.0,47024.96,6.0,mobile,West,Regular
44.0,28011.36,5.0,desktop,North,Regular
62.0,91512.62,6.0,mobile,North,Premium
69.0,83941.81,6.0,tablet,South,Regular
52.0,31159.61,6.0,mobile,South,Budget
47.0,64739.41,9.0,desktop,West,Premium
63.0,24084.16,3.0,tablet,North,Budget
42.0,75834.76,11.0,mobile,North,Premium
62.0,54356.4,2.0,mobile,East,Budget
64.0,49819.43,8.0,mobile,South,Regular
60.0,79356.6,7.0,desktop,West,Premium
20.0,55555.11,3.0,mobile,East,Regular
31.0,50427.1,8.0,desktop,South,Regular
21.0,72794.71,5.0,mobile,East,Regular
42.0,49584.54,2.0,tablet,East,Budget
59.0,72035.27,2.0,desktop,North,Regular
65.0,55412.76,7.0,mobile,East,Regular
66.0,71152.81,6.0,mobile,North,Regular
21.0,67358.59,4.0,mobile,West,Regular
20.0,70479.72,7.0,mobile,West,Regular
45.0,36135.83,2.0,desktop,East,Budget
19.0,91353.86,6.0,desktop,East,Premium
59.0,52288.33,6.0,desktop,West,Regular
18.0,89070.37,5.0,mobile,East,Premium
44.0,43968.13,9.0,tablet,East,Regular
48.0,50151.1,5.0,mobile,West,Regular
40.0,50352.68,3.0,mobile,North,Regular
25.0,77527.05,10.0,tablet,North,Premium
59.0,47209.65,12.0,tablet,South,Regular
47.0,63359.41,7.0,tablet,North,Regular
56.0,25355.58,4.0,mobile,North,Budget
52.0,46197.03,4.0,mobile,East,Budget
45.0,59679.66,4.0,mobile,South,Regular
18.0,53311.53,6.0,tablet,West,Regular
41.0,19449.36,4.0,tablet,South,Budget
63.0,64987.25,9.0,mobile,South,Regular
29.0,36853.17,6.0,mobile,South,Regular
31.0,92600.09,7.0,desktop,East,Premium
64.0,51722.22,4.0,desktop,North,Regular
46.0,98770.64,5.0,mobile,West,Premium
49.0,68145.23,9.0,desktop,North,Premium
36.0,64234.14,10.0,mobile,North,Premium
32.0,46164.6,5.0,mobile,North,Regular
35.0,53140.0,7.0,mobile,North,Regular
68.0,64095.11,4.0,mobile,South,Premium
38.0,17939.69,8.0,tablet,North,Budget
47.0,74529.81,2.0,mobile,South,Regular
18.0,32864.14,4.0,mobile,West,Budget
62.0,50415.98,10.0,mobile,North,Regular
40.0,12000.0,3.0,desktop,West,Budget
57.0,64134.67,11.0,mobile,East,Premium
31.0,69756.82,5.0,desktop,East,Premium
51.0,60839.95,6.0,desktop,South,Regular
36.0,61590.5,8.0,mobile,South,Regular
34.0,48217.7,3.0,desktop,North,Regular
26.0,58310.82,6.0,desktop,North,Regular
54.0,78673.93,3.0,desktop,West,Regular
35.0,47170.12,9.0,mobile,East,Regular
24.0,65059.83,8.0,mobile,West,Regular
54.0,69399.85,7.0,desktop,West,Premium
54.0,50846.36,7.0,mobile,West,Regular
69.0,59961.51,9.0,desktop,West,Regular
63.0,59590.37,3.0,mobile,West,Regular
28.0,45817.13,12.0,mobile,South,Regular
20.0,102327.9,4.0,mobile,West,Premium
63.0,47008.01,4.0,mobile,East,Budget
68.0,88415.14,9.0,mobile,West,Premium
49.0,76023.24,5.0,desktop,West,Premium
49.0,16070.66,5.0,mobile,South,Budget
23.0,60222.58,5.0,tablet,West,Regular
46.0,75296.68,10.0,desktop,West,Premium
18.0,71126.6,8.0,desktop,East,Premium
58.0,37895.7,8.0,tablet,South,Regular
63.0,60370.31,3.0,tablet,East,Regular
19.0,32180.36,8.0,tablet,North,Regular
30.0,35260.11,6.0,desktop,North,Regular
69.0,50725.48,3.0,mobile,South,Budget
23.0,59002.19,5.0,desktop,West,Regular
59.0,86423.88,3.0,mobile,East,Regular
52.0,62280.22,4.0,mobile,East,Regular
51.0,75866.52,2.0,desktop,West,Regular
54.0,32115.85,3.0,mobile,East,Budget
32.0,32960.3,5.0,mobile,West,Budget
64.0,45941.83,7.0,desktop,North,Regular
43.0,89288.27,1.0,mobile,South,Regular
44.0,29411.23,5.0,mobile,South,Budget
56.0,24676.63,10.0,desktop,West,Regular
34.0,53867.2,4.0,mobile,South,Regular
20.0,78393.35,7.0,desktop,North,Premium
34.0,23728.05,5.0,desktop,South,Regular
51.0,50422.89,6.0,mobile,South,Regular
28.0,29003.07,8.0,desktop,East,Regular
58.0,83419.83,8.0,desktop,South,Premium
51.0,68744.39,3.0,mobile,North,Regular
52.0,60630.6,6.0,mobile,East,Regular
66.0,54386.35,8.0,tablet,South,Regular
30.0,50737.81,6.0,tablet,West,Premium
22.0,57982.86,7.0,desktop,East,Premium
35.0,42724.27,6.0,desktop,South,Regular
38.0,38151.58,7.0,mobile,South,Regular
18.0,33712.01,5.0,desktop,South,Regular
36.0,55525.8,3.0,desktop,South,Regular
69.0,39829.69,6.0,mobile,South,Budget
22.0,72264.15,5.0,mobile,East,Regular
66.0,14440.83,6.0,mobile,North,Premium
48.0,66309.3,2.0,mobile,North,Regular
66.0,65644.82,10.0,tablet,South,Regular
69.0,78908.52,6.0,tablet,East,Regular
48.0,50368.04,6.0,tablet,North,Regular
32.0,26081.51,11.0,desktop,North,Regular
59.0,37303.33,3.0,mobile,East,Budget
55.0,77266.91,5.0,mobile,South,Regular
47.0,49323.16,5.0,desktop,West,Regular
64.0,47229.12,10.0,tablet,South,Regular
65.0,43875.95,10.0,mobile,North,Regular
32.0,53984.31,5.0,tablet,North,Regular
25.0,50809.96,5.0,desktop,East,Regular
65.0,24943.49,6.0,mobile,East,Budget
19.0,43613.21,10.0,mobile,North,Regular
56.0,74822.3,9.0,mobile,South,Premium
55.0,83401.24,5.0,desktop,East,Premium
51.0,52850.64,5.0,tablet,West,Regular
43.0,45174.62,7.0,tablet,North,Regular
28.0,,6.0,desktop,North,Premium
46.0,51774.32,5.0,tablet,East,Regular
32.0,32312.46,11.0,mobile,East,Regular
62.0,52762.07,8.0,mobile,East,Regular
23.0,68738.28,4.0,mobile,East,Regular
37.0,,5.0,mobile,South,Regular
64.0,45736.6,3.0,mobile,South,Budget
50.0,65707.1,4.0,mobile,North,Regular
60.0,48780.86,9.0,desktop,East,Regular
25.0,77402.7,3.0,mobile,East,Regular
22.0,60227.52,8.0,mobile,East,Regular
43.0,60303.03,3.0,desktop,West,Regular
45.0,36063.71,3.0,desktop,West,Regular
60.0,48981.53,4.0,desktop,West,Regular
29.0,48891.72,2.0,desktop,East,Premium
47.0,12000.0,10.0,mobile,North,Budget
57.0,71856.28,4.0,desktop,West,Regular
41.0,54993.89,5.0,mobile,East,Regular
47.0,51139.57,7.0,desktop,South,Regular
67.0,48160.67,6.0,desktop,East,Regular
67.0,55685.07,4.0,tablet,North,Regular
67.0,59877.0,5.0,desktop,South,Regular
55.0,29750.47,3.0,mobile,West,Budget
49.0,57606.43,3.0,mobile,South,Regular
23.0,57386.36,4.0,mobile,East,Regular
36.0,55715.14,6.0,desktop,South,Regular
37.0,26259.14,9.0,mobile,East,Regular
58.0,52453.81,2.0,tablet,South,Budget
47.0,30205.84,6.0,desktop,South,Regular
30.0,61956.74,10.0,desktop,North,Premium
65.0,80775.9,11.0,mobile,North,Premium
22.0,72110.39,1.0,mobile,West,Regular
37.0,48558.2,5.0,mobile,South,Regular
48.0,44637.49,7.0,desktop,East,Regular
27.0,44151.61,3.0,tablet,East,Regular
24.0,61954.71,2.0,desktop,East,Regular
32.0,42213.53,3.0,mobile,North,Budget
29.0,44745.7,7.0,desktop,North,Regular
30.0,12000.0,6.0,desktop,North,Budget
34.0,38616.24,10.0,desktop,North,Regular
26.0,39910.62,6.0,tablet,South,Regular
43.0,44664.73,9.0,desktop,East,Regular
35.0,78769.84,8.0,desktop,East,Premium
40.0,28751.17,4.0,mobile,East,Budget
30.0,29283.68,6.0,mobile,West,Budget
55.0,66824.93,6.0,mobile,South,Regular
44.0,36042.73,4.0,desktop,North,Regular
47.0,51950.56,3.0,mobile,North,Regular
64.0,58515.54,8.0,mobile,South,Regular
56.0,55436.32,7.0,mobile,North,Regular
67.0,40031.09,7.0,tablet,South,Regular
20.0,72995.86,3.0,desktop,West,Regular
26.0,84276.39,8.0,mobile,South,Premium
60.0,35600.71,8.0,mobile,East,Regular
47.0,49837.07,8.0,tablet,West,Regular
69.0,73404.52,5.0,mobile,West,Regular
53.0,,12.0,tablet,West,Regular
61.0,35659.68,7.0,desktop,West,Regular
25.0,46765.24,7.0,desktop,East,Regular
21.0,71296.22,4.0,mobile,North,Regular
45.0,35761.39,4.0,mobile,South,Budget
45.0,60059.17,8.0,mobile,West,Regular
28.0,62543.35,3.0,mobile,West,Regular
63.0,42443.31,7.0,desktop,West,Regular
36.0,66107.25,3.0,tablet,West,Regular
40.0,68081.05,8.0,mobile,North,Regular
34.0,74514.01,4.0,mobile,South,Regular
44.0,73245.41,7.0,desktop,South,Premium
60.0,,6.0,mobile,West,Budget
41.0,72507.3,3.0,desktop,West,Regular
30.0,66434.54,4.0,mobile,North,Regular
52.0,74111.37,7.0,desktop,East,Premium
46.0,38601.99,7.0,desktop,South,Regular
27.0,72687.54,8.0,desktop,East,Premium
48.0,62350.62,7.0,mobile,West,Regular
30.0,32619.14,4.0,desktop,West,Regular
35.0,79854.63,7.0,mobile,East,Premium
25.0,39982.1,4.0,mobile,South,Regular
66.0,35415.58,2.0,mobile,East,Budget
55.0,62848.12,6.0,mobile,South,Regular
35.0,43394.8,5.0,mobile,West,Regular
48.0,62150.55,7.0,mobile,West,Regular
34.0,50370.99,6.0,mobile,South,Regular
67.0,60632.84,9.0,desktop,North,Regular
54.0,70982.5,7.0,desktop,North,Premium
20.0,54501.12,9.0,mobile,West,Regular
43.0,72020.74,3.0,desktop,East,Regular
38.0,71606.82,2.0,desktop,North,Premium
55.0,38903.65,8.0,mobile,South,Regular
68.0,71763.82,4.0,desktop,South,Regular
25.0,67164.9,10.0,desktop,East,Premium
26.0,57776.96,9.0,desktop,West,Premium
25.0,76866.65,7.0,desktop,South,Premium
66.0,87301.49,7.0,mobile,East,Premium
56.0,69927.31,6.0,tablet,South,Regular
42.0,26710.91,4.0,tablet,South,Budget
38.0,63821.5,10.0,desktop,West,Premium
48.0,52643.61,5.0,mobile,North,Regular
62.0,49984.97,8.0,mobile,North,Regular
21.0,61898.25,6.0,mobile,South,Regular
30.0,48874.69,11.0,desktop,East,Premium
51.0,86868.78,7.0,mobile,East,Premium
30.0,60571.97,3.0,desktop,North,Regular
68.0,55605.34,5.0,mobile,West,Regular
62.0,70441.79,3.0,tablet,West,Regular
60.0,70778.2,3.0,mobile,South,Regular
36.0,78189.35,5.0,desktop,South,Premium
21.0,67551.75,4.0,mobile,West,Regular
23.0,54578.46,4.0,mobile,North,Regular
46.0,57909.9,9.0,desktop,South,Premium
29.0,13426.3,10.0,desktop,South,Regular
57.0,26823.53,5.0,mobile,South,Budget
58.0,75430.09,7.0,desktop,East,Premium
30.0,48949.38,3.0,mobile,West,Regular
31.0,90430.72,7.0,desktop,North,Premium
66.0,90225.68,6.0,mobile,North,Regular
46.0,31028.13,5.0,desktop,West,Regular
21.0,61310.15,6.0,mobile,South,Regular
61.0,111276.28,3.0,mobile,West,Premium
60.0,40040.85,4.0,mobile,South,Budget
49.0,62959.85,3.0,desktop,East,Regular
29.0,50849.77,8.0,mobile,East,Regular
57.0,50637.57,5.0,tablet,West,Regular
39.0,49907.23,9.0,mobile,North,Regular
68.0,54978.94,8.0,mobile,North,Regular
62.0,70104.21,5.0,desktop,North,Regular
33.0,39735.56,6.0,desktop,South,Regular
64.0,65107.21,2.0,mobile,East,Regular
63.0,41634.7,1.0,desktop,South,Budget
30.0,65487.73,6.0,desktop,South,Premium
46.0,61463.01,3.0,mobile,East,Regular
55.0,40257.41,6.0,mobile,North,Regular
28.0,58054.1,6.0,desktop,South,Regular
62.0,41075.28,8.0,desktop,North,Regular
24.0,38938.0,5.0,mobile,South,Regular
55.0,77999.31,7.0,mobile,South,Regular
35.0,20031.03,4.0,mobile,East,Budget
67.0,66169.96,9.0,mobile,East,Regular
25.0,69040.6,5.0,mobile,North,Regular
35.0,43840.44,6.0,mobile,West,Regular
58.0,76452.74,4.0,mobile,East,Regular
37.0,72971.9,7.0,tablet,East,Regular
46.0,30219.2,5.0,desktop,West,Regular
32.0,65518.04,4.0,mobile,West,Regular
20.0,64405.07,9.0,mobile,East,Premium
18.0,41033.93,3.0,mobile,South,Regular
63.0,66508.42,7.0,desktop,West,Regular
59.0,69892.03,5.0,tablet,East,Regular
48.0,41366.22,2.0,desktop,West,Regular
53.0,16668.5,5.0,tablet,East,Budget
41.0,63136.71,5.0,tablet,North,Regular
45.0,40948.1,7.0,mobile,South,Regular
25.0,21984.74,6.0,mobile,South,Budget
22.0,47891.4,12.0,mobile,West,Premium
42.0,12000.0,5.0,desktop,North,Budget
69.0,48773.31,7.0,mobile,North,Budget
65.0,84471.34,7.0,desktop,East,Premium
45.0,12000.0,3.0,desktop,East,Budget
48.0,64237.26,6.0,desktop,South,Regular
60.0,37410.27,1.0,mobile,East,Budget
41.0,47343.2,2.0,mobile,West,Budget
37.0,37637.22,5.0,desktop,South,Regular
49.0,67701.47,1.0,mobile,East,Regular
44.0,55134.68,7.0,desktop,North,Regular
46.0,40161.69,9.0,mobile,East,Regular
19.0,29922.82,4.0,desktop,South,Regular
50.0,47043.35,5.0,mobile,South,Regular
38.0,77727.15,4.0,mobile,South,Regular
28.0,31755.78,8.0,desktop,North,Regular
58.0,63433.41,8.0,desktop,East,Regular
25.0,61918.18,7.0,mobile,West,Regular
27.0,16474.36,5.0,desktop,West,Budget
18.0,76796.59,4.0,mobile,North,Regular
55.0,54561.89,3.0,desktop,North,Regular
61.0,98743.26,8.0,mobile,East,Premium
38.0,89157.63,6.0,mobile,West,Premium
18.0,50489.9,6.0,desktop,South,Regular
41.0,52338.72,2.0,mobile,North,Budget
31.0,35766.53,5.0,mobile,East,Regular
30.0,28594.73,5.0,mobile,East,Premium
48.0,70848.35,9.0,desktop,North,Premium
55.0,50446.65,6.0,tablet,South,Regular
43.0,47500.67,3.0,desktop,North,Regular
35.0,52015.59,2.0,mobile,North,Regular
64.0,68608.71,2.0,tablet,South,Regular
46.0,73715.34,8.0,tablet,East,Regular
29.0,55367.85,8.0,mobile,North,Regular
60.0,51569.54,8.0,desktop,East,Regular
23.0,57365.6,5.0,mobile,South,Regular
63.0,95755.6,4.0,desktop,South,Premium
26.0,14829.01,3.0,mobile,West,Budget
47.0,32751.69,5.0,mobile,South,Budget
43.0,64636.86,7.0,mobile,North,Regular
68.0,58245.89,10.0,mobile,West,Regular
33.0,79393.51,10.0,mobile,North,Premium
23.0,81008.18,9.0,mobile,North,Premium
41.0,,7.0,mobile,East,Premium
34.0,39767.59,5.0,mobile,North,Regular
53.0,67385.02,5.0,desktop,East,Budget
21.0,50757.98,4.0,mobile,West,Regular
34.0,74387.93,7.0,mobile,East,Regular
64.0,59040.56,5.0,mobile,West,Regular
52.0,72727.64,1.0,mobile,West,Regular
24.0,40905.69,4.0,desktop,East,Regular
19.0,58645.64,11.0,desktop,North,Premium
45.0,45381.62,8.0,mobile,North,Regular
46.0,50323.14,8.0,mobile,South,Regular
27.0,46548.29,10.0,mobile,North,Regular
65.0,35277.6,5.0,desktop,West,Regular
19.0,77290.27,7.0,mobile,West,Premium
66.0,61234.05,5.0,desktop,West,Regular
18.0,76828.53,5.0,desktop,North,Premium
47.0,35971.12,5.0,desktop,West,Regular
68.0,17191.24,8.0,mobile,North,Budget
69.0,42802.39,6.0,desktop,West,Regular
67.0,52495.31,8.0,desktop,North,Regular
30.0,70953.0,4.0,tablet,East,Regular
55.0,76175.7,3.0,mobile,South,Regular
33.0,,4.0,tablet,East,Regular
34.0,85623.21,8.0,mobile,East,Premium
41.0,69768.88,4.0,desktop,West,Regular
40.0,,9.0,mobile,South,Regular
44.0,40519.8,8.0,desktop,West,Regular
23.0,68946.94,8.0,desktop,West,Premium
60.0,45669.1,7.0,mobile,North,Regular
36.0,39725.71,3.0,mobile,West,Budget
41.0,67000.25,1.0,desktop,East,Regular
58.0,59808.88,10.0,mobile,South,Regular
20.0,72285.35,4.0,tablet,South,Regular
49.0,41447.78,7.0,mobile,East,Regular
54.0,78475.34,4.0,mobile,West,Regular
61.0,62555.63,5.0,tablet,North,Regular
29.0,52192.91,6.0,mobile,South,Regular
25.0,40648.0,5.0,desktop,South,Regular
63.0,34368.39,5.0,mobile,South,Budget
44.0,28728.31,8.0,desktop,West,Regular
29.0,82996.43,8.0,mobile,West,Budget
61.0,27669.85,5.0,tablet,North,Budget
33.0,67898.91,4.0,mobile,South,Regular
32.0,50658.63,9.0,mobile,East,Regular
25.0,44210.63,3.0,mobile,East,Regular
53.0,46221.86,6.0,desktop,West,Budget
33.0,53613.41,7.0,mobile,North,Regular
54.0,73268.64,5.0,desktop,North,Regular
49.0,66567.86,7.0,desktop,West,Premium
50.0,55483.43,7.0,mobile,South,Regular
31.0,28601.27,6.0,tablet,South,Budget
38.0,20555.49,6.0,desktop,North,Regular
20.0,92161.55,6.0,desktop,East,Premium
35.0,35729.13,5.0,mobile,East,Premium
48.0,24703.06,7.0,mobile,East,Budget
68.0,77548.44,4.0,mobile,North,Regular
56.0,26070.63,3.0,mobile,East,Budget
25.0,70072.69,8.0,desktop,South,Premium
23.0,73785.97,6.0,mobile,East,Regular
68.0,60376.98,6.0,mobile,East,Regular
40.0,74417.43,5.0,mobile,East,Regular
37.0,28182.25,6.0,desktop,South,Regular
21.0,31474.9,5.0,mobile,North,Budget
21.0,51687.77,5.0,mobile,North,Regular
18.0,55423.85,6.0,desktop,North,Regular
38.0,53821.33,6.0,mobile,South,Regular
37.0,64618.73,4.0,mobile,West,Regular
43.0,40999.06,6.0,mobile,North,Regular
32.0,13630.69,9.0,desktop,West,Regular
42.0,63430.23,4.0,mobile,West,Regular
63.0,50994.59,4.0,tablet,East,Budget
60.0,71439.6,7.0,desktop,West,Premium
18.0,96291.0,6.0,desktop,East,Premium
20.0,57033.85,4.0,mobile,East,Regular
51.0,66872.32,4.0,desktop,South,Regular
39.0,37876.26,5.0,mobile,East,Budget
56.0,73284.11,11.0,mobile,South,Premium
20.0,62130.22,6.0,tablet,North,Regular
39.0,60339.9,4.0,mobile,North,Regular
63.0,73409.75,3.0,tablet,North,Regular
44.0,33229.84,6.0,desktop,West,Regular
58.0,66508.67,7.0,mobile,East,Regular
30.0,64422.35,8.0,desktop,East,Premium
22.0,86649.89,4.0,mobile,West,Regular
31.0,19976.06,4.0,mobile,West,Budget
54.0,53677.71,8.0,desktop,East,Regular
20.0,98475.61,5.0,mobile,South,Premium
29.0,47426.84,5.0,mobile,South,Budget
65.0,46847.8,4.0,mobile,North,Budget
44.0,90450.63,8.0,desktop,East,Premium
19.0,104641.54,12.0,desktop,South,Premium
48.0,57698.62,6.0,mobile,West,Regular
25.0,41407.99,5.0,mobile,North,Regular
63.0,43775.61,8.0,desktop,West,Regular
55.0,47650.13,7.0,mobile,South,Regular
63.0,38837.43,5.0,desktop,North,Regular
41.0,39543.24,6.0,tablet,North,Regular
21.0,58834.63,5.0,mobile,South,Regular
44.0,56178.97,4.0,mobile,South,Regular
45.0,64785.84,3.0,mobile,East,Regular
33.0,55932.71,6.0,mobile,South,Regular
30.0,31658.02,8.0,mobile,North,Regular
26.0,69908.44,6.0,mobile,East,Regular
68.0,60238.96,4.0,tablet,North,Regular
59.0,43958.31,3.0,mobile,East,Budget
26.0,50075.88,8.0,mobile,North,Regular
24.0,61706.44,7.0,mobile,West,Regular
63.0,56934.12,2.0,mobile,West,Budget
33.0,52857.58,5.0,desktop,North,Regular
33.0,70432.79,4.0,tablet,North,Regular
57.0,76287.57,8.0,desktop,West,Premium
25.0,49218.93,12.0,mobile,West,Premium
33.0,54980.92,10.0,mobile,East,Regular
30.0,33630.3,7.0,mobile,South,Regular
67.0,52070.45,4.0,desktop,East,Regular
59.0,64736.18,9.0,mobile,North,Regular
27.0,72362.29,2.0,mobile,South,Regular
41.0,58670.3,8.0,tablet,West,Regular
45.0,53663.61,5.0,tablet,North,Regular
27.0,41327.29,8.0,desktop,South,Regular
45.0,59622.3,7.0,desktop,North,Regular
68.0,33962.17,6.0,mobile,North,Budget
44.0,57881.9,6.0,mobile,North,Regular
23.0,55770.06,3.0,mobile,North,Regular
58.0,37596.47,4.0,desktop,North,Regular
43.0,61818.07,5.0,mobile,South,Regular
20.0,51184.25,4.0,desktop,North,Regular
33.0,67148.74,5.0,mobile,East,Regular
46.0,45875.0,5.0,mobile,West,Regular
39.0,64834.7,7.0,desktop,North,Premium
59.0,86014.27,6.0,mobile,East,Regular
52.0,58878.86,5.0,mobile,South,Premium
20.0,70837.79,10.0,mobile,West,Premium
58.0,42788.43,10.0,desktop,West,Regular
46.0,48433.61,9.0,mobile,North,Regular
47.0,18347.82,7.0,desktop,East,Regular
40.0,52387.91,6.0,mobile,South,Regular
37.0,33200.79,6.0,desktop,East,Regular
39.0,57582.38,5.0,desktop,West,Regular
39.0,14925.9,5.0,mobile,North,Budget
45.0,38451.32,8.0,tablet,North,Regular
28.0,56959.01,5.0,mobile,West,Regular
50.0,62995.6,10.0,mobile,East,Regular
55.0,22875.2,7.0,mobile,West,Budget
54.0,47205.77,5.0,desktop,South,Regular
54.0,105557.7,8.0,mobile,South,Premium
64.0,70785.15,8.0,mobile,East,Regular
38.0,58468.44,5.0,mobile,South,Regular
52.0,12000.0,5.0,mobile,West,Budget
66.0,37273.7,5.0,mobile,West,Budget
69.0,65504.94,7.0,desktop,East,Regular
43.0,59926.01,2.0,mobile,East,Regular
52.0,64219.84,6.0,desktop,North,Regular
54.0,74083.46,2.0,desktop,West,Regular
31.0,57223.53,3.0,desktop,East,Regular
46.0,71982.41,4.0,desktop,South,Regular
25.0,20193.04,7.0,mobile,East,Budget
47.0,104305.13,4.0,mobile,West,Premium
21.0,,4.0,mobile,West,Regular
33.0,42628.48,4.0,mobile,East,Regular
31.0,84688.98,11.0,desktop,North,Premium
55.0,67129.66,5.0,mobile,West,Regular
24.0,74332.72,3.0,mobile,North,Regular
50.0,43166.01,7.0,mobile,South,Regular
53.0,60796.68,5.0,mobile,North,Premium
32.0,69198.37,7.0,mobile,North,Regular
53.0,,4.0,mobile,East,Budget
50.0,50995.99,6.0,mobile,North,Premium
49.0,50488.36,3.0,desktop,East,Regular
22.0,49557.3,5.0,mobile,East,Regular
37.0,41535.32,7.0,mobile,South,Regular
35.0,30585.79,9.0,desktop,West,Regular
42.0,63673.44,4.0,tablet,South,Budget
63.0,60019.86,10.0,mobile,North,Regular
31.0,77852.84,9.0,mobile,East,Budget
35.0,53895.38,2.0,mobile,West,Regular
65.0,42104.42,7.0,desktop,East,Regular
39.0,26856.08,6.0,mobile,East,Budget
18.0,56892.48,2.0,mobile,South,Regular
55.0,49142.45,8.0,desktop,East,Regular
34.0,94633.53,6.0,mobile,East,Premium
52.0,100096.82,8.0,tablet,West,Premium
47.0,86095.46,7.0,desktop,North,Premium
41.0,37522.23,2.0,mobile,West,Budget
27.0,27887.82,7.0,mobile,West,Regular
64.0,50610.65,5.0,desktop,East,Regular
62.0,37710.66,6.0,desktop,South,Regular
35.0,83018.31,8.0,mobile,East,Premium
42.0,57483.53,4.0,mobile,North,Regular
52.0,47250.04,3.0,mobile,West,Budget
37.0,54925.17,9.0,tablet,North,Regular
49.0,79787.89,4.0,desktop,South,Premium
21.0,36722.08,7.0,mobile,North,Regular
64.0,64738.53,4.0,mobile,East,Regular
32.0,29294.32,7.0,desktop,East,Regular
41.0,51134.32,7.0,mobile,West,Regular
48.0,42261.69,9.0,tablet,East,Regular
30.0,61352.74,4.0,desktop,East,Regular
32.0,58215.7,4.0,mobile,West,Regular
43.0,78640.56,5.0,mobile,West,Regular
20.0,68621.64,8.0,desktop,North,Premium
34.0,43346.05,4.0,mobile,North,Regular
48.0,29269.45,5.0,mobile,North,Budget
25.0,39228.54,6.0,mobile,North,Regular
33.0,46801.75,4.0,mobile,East,Regular
68.0,50683.85,7.0,desktop,North,Regular
62.0,40307.85,13.0,mobile,North,Regular
27.0,76328.06,9.0,mobile,East,Premium
53.0,73424.74,3.0,mobile,North,Regular
48.0,49845.56,3.0,mobile,West,Budget
55.0,45451.0,1.0,desktop,South,Budget
29.0,50502.39,2.0,desktop,South,Regular
64.0,54283.08,6.0,mobile,West,Regular
44.0,54700.03,12.0,mobile,North,Premium
60.0,23479.69,4.0,mobile,East,Budget
57.0,46713.35,6.0,mobile,West,Regular
35.0,18433.42,8.0,mobile,North,Budget
18.0,55827.38,2.0,mobile,West,Regular
47.0,68351.9,1.0,mobile,East,Regular
37.0,34334.12,9.0,desktop,West,Regular
31.0,58359.55,7.0,tablet,West,Regular
25.0,43127.58,7.0,mobile,East,Regular
28.0,41510.37,5.0,desktop,West,Regular
58.0,93555.51,7.0,desktop,West,Premium
28.0,72555.65,6.0,mobile,East,Regular
57.0,64593.05,10.0,desktop,West,Premium
23.0,46613.3,4.0,desktop,East,Regular
65.0,63163.1,9.0,mobile,North,Regular
30.0,51358.11,3.0,mobile,South,Regular
60.0,64009.69,1.0,mobile,West,Budget
29.0,37516.3,7.0,mobile,West,Regular
28.0,53712.02,7.0,mobile,South,Regular
52.0,47382.08,5.0,mobile,North,Regular
23.0,27437.83,8.0,desktop,East,Regular
31.0,88205.43,6.0,mobile,West,Premium
50.0,71088.3,2.0,desktop,West,Regular
20.0,39634.78,7.0,mobile,North,Regular
32.0,26356.23,5.0,mobile,West,Budget
39.0,40882.09,4.0,mobile,South,Budget
49.0,38687.99,7.0,mobile,East,Regular
28.0,43171.94,6.0,desktop,West,Regular
47.0,25477.95,10.0,desktop,East,Regular
53.0,38856.71,2.0,mobile,East,Budget
36.0,56322.99,5.0,desktop,West,Regular
29.0,63161.49,6.0,mobile,West,Regular
31.0,16287.61,6.0,mobile,East,Budget
46.0,55040.99,5.0,mobile,East,Regular
18.0,35719.95,5.0,mobile,East,Regular
27.0,34645.44,5.0,tablet,North,Regular
23.0,48812.04,8.0,desktop,North,Regular
43.0,41615.21,7.0,desktop,East,Regular
60.0,68755.4,9.0,mobile,East,Regular
63.0,68813.61,3.0,mobile,West,Regular
52.0,49079.54,8.0,mobile,North,Regular
33.0,42422.47,5.0,desktop,West,Regular
20.0,90198.76,6.0,mobile,North,Premium
45.0,91714.19,6.0,tablet,East,Budget
28.0,62654.11,7.0,mobile,East,Regular
40.0,52047.64,5.0,mobile,East,Regular
49.0,74852.83,3.0,mobile,South,Regular
21.0,83537.43,8.0,desktop,East,Premium
22.0,44733.08,5.0,mobile,West,Regular
19.0,90541.82,3.0,desktop,South,Premium
65.0,51942.08,4.0,mobile,West,Regular
61.0,76525.56,7.0,mobile,South,Regular
27.0,44929.74,7.0,mobile,West,Regular
35.0,56386.69,10.0,mobile,South,Regular
49.0,46121.04,2.0,desktop,East,Regular
53.0,55575.49,5.0,mobile,West,Regular
38.0,75089.14,5.0,tablet,West,Regular
39.0,37395.88,9.0,desktop,East,Regular
54.0,49183.52,0.0,mobile,North,Budget
61.0,65775.11,8.0,mobile,North,Regular
24.0,45863.21,11.0,mobile,East,Regular
28.0,95141.64,12.0,desktop,East,Premium
56.0,26216.72,3.0,mobile,South,Budget
43.0,105056.9,8.0,tablet,West,Premium
27.0,42071.69,2.0,desktop,West,Budget
46.0,74252.18,2.0,mobile,East,Regular
20.0,86920.9,6.0,mobile,East,Premium
59.0,65561.91,7.0,mobile,East,Regular
36.0,27233.14,9.0,tablet,East,Regular
19.0,48459.47,9.0,mobile,West,Regular
66.0,56410.03,4.0,mobile,North,Regular
36.0,66226.64,8.0,mobile,North,Regular
59.0,74469.35,4.0,mobile,North,Regular
42.0,77271.88,8.0,mobile,West,Premium
20.0,84163.67,9.0,desktop,South,Premium
48.0,36240.92,7.0,desktop,East,Regular
22.0,74659.47,5.0,desktop,East,Premium
25.0,20584.38,8.0,desktop,East,Regular
67.0,57982.16,10.0,mobile,West,Regular
46.0,33885.85,3.0,mobile,West,Budget
31.0,19810.98,7.0,mobile,East,Budget
54.0,73220.02,9.0,mobile,North,Premium
47.0,54444.72,6.0,mobile,East,Regular
56.0,74637.49,7.0,desktop,North,Premium
52.0,23695.51,2.0,mobile,East,Budget
29.0,30912.52,6.0,mobile,West,Regular
38.0,53066.57,8.0,desktop,West,Regular
40.0,41847.13,7.0,mobile,West,Regular
27.0,56449.42,5.0,desktop,West,Regular
33.0,42685.15,3.0,mobile,East,Budget
50.0,48300.32,3.0,mobile,South,Budget
38.0,32372.61,8.0,mobile,East,Regular
35.0,80461.55,10.0,desktop,West,Premium
36.0,48704.73,8.0,desktop,South,Regular
26.0,31609.82,6.0,mobile,West,Regular
67.0,,6.0,mobile,North,Regular
53.0,64623.05,6.0,mobile,East,Regular
18.0,59328.5,5.0,tablet,North,Regular
59.0,59458.84,5.0,tablet,South,Regular
67.0,47207.89,5.0,tablet,North,Budget
60.0,52431.26,8.0,desktop,East,Regular
19.0,12000.0,5.0,tablet,West,Budget
29.0,24138.15,7.0,mobile,South,Budget
22.0,30624.73,8.0,mobile,North,Regular
18.0,60710.44,11.0,tablet,North,Premium
28.0,79268.59,5.0,tablet,South,Regular
66.0,51764.51,3.0,desktop,East,Premium
32.0,49724.79,7.0,desktop,South,Budget
47.0,77403.6,6.0,mobile,East,Regular
62.0,47807.01,6.0,desktop,West,Regular
67.0,68042.25,5.0,mobile,West,Regular
61.0,63594.09,2.0,tablet,East,Regular
20.0,28675.18,3.0,desktop,North,Regular
66.0,61283.87,5.0,mobile,East,Regular
46.0,59101.07,12.0,mobile,East,Premium
38.0,32215.91,3.0,desktop,East,Regular
53.0,34469.56,4.0,tablet,East,Budget
18.0,29724.23,6.0,mobile,West,Regular
48.0,82282.42,8.0,desktop,North,Premium
50.0,96985.0,10.0,desktop,South,Premium
24.0,69076.27,5.0,tablet,South,Regular
64.0,86205.6,10.0,desktop,East,Premium
23.0,28239.76,4.0,mobile,East,Budget
23.0,83001.26,5.0,mobile,West,Premium
40.0,94248.22,6.0,mobile,North,Premium
61.0,87156.71,3.0,desktop,West,Regular
39.0,36341.93,7.0,desktop,North,Budget
18.0,76618.98,5.0,mobile,South,Regular
47.0,52759.14,8.0,mobile,West,Regular
56.0,76435.63,8.0,mobile,East,Regular
39.0,42269.69,5.0,tablet,North,Regular
43.0,55298.7,7.0,desktop,North,Regular
66.0,43686.78,6.0,mobile,West,Regular
65.0,64512.2,7.0,desktop,South,Regular
44.0,53023.84,9.0,desktop,North,Premium
63.0,77191.56,5.0,mobile,East,Regular
27.0,71448.81,8.0,desktop,North,Premium
20.0,63321.66,13.0,mobile,East,Premium
52.0,54310.53,6.0,mobile,West,Regular
43.0,49039.77,5.0,desktop,West,Regular
30.0,55146.56,5.0,desktop,East,Regular
30.0,69996.71,4.0,desktop,North,Regular
36.0,57635.48,4.0,mobile,West,Regular
40.0,60844.98,6.0,mobile,North,Regular
54.0,54309.02,4.0,mobile,West,Regular
21.0,53551.52,9.0,desktop,North,Premium
30.0,41816.06,6.0,desktop,North,Regular
36.0,17664.96,6.0,mobile,North,Budget
60.0,66464.47,4.0,mobile,North,Premium
39.0,66212.76,4.0,mobile,West,Regular
36.0,35729.92,9.0,mobile,North,Regular
18.0,93145.92,1.0,desktop,North,Regular
66.0,31803.94,8.0,desktop,West,Regular
42.0,74937.15,9.0,mobile,West,Regular
57.0,60097.19,5.0,tablet,East,Budget
64.0,61346.85,13.0,mobile,North,Premium
24.0,77737.71,6.0,mobile,South,Regular
21.0,73434.1,6.0,mobile,North,Regular
19.0,55554.45,7.0,mobile,North,Regular
67.0,33971.18,9.0,mobile,South,Premium
37.0,30749.61,9.0,desktop,East,Regular
43.0,58860.49,1.0,mobile,West,Budget
21.0,86559.8,9.0,desktop,South,Premium
28.0,72599.49,9.0,desktop,South,Premium
29.0,54439.18,7.0,tablet,East,Regular
68.0,61666.9,5.0,desktop,West,Regular
56.0,68733.53,3.0,desktop,West,Regular
42.0,89356.78,6.0,desktop,North,Premium
48.0,39921.02,8.0,mobile,North,Regular
40.0,69533.96,4.0,desktop,West,Regular
20.0,60626.62,10.0,mobile,East,Premium
37.0,39934.89,2.0,mobile,North,Budget
57.0,34807.88,5.0,mobile,West,Budget
63.0,80385.94,13.0,desktop,North,Premium
60.0,61676.6,8.0,mobile,South,Regular
24.0,50897.81,4.0,desktop,North,Regular
60.0,57086.92,10.0,desktop,North,Premium
28.0,74678.96,4.0,desktop,West,Premium
18.0,56973.54,7.0,mobile,North,Regular
32.0,87120.62,6.0,mobile,East,Premium
37.0,49914.04,9.0,mobile,South,Regular
21.0,39449.02,5.0,mobile,South,Regular
50.0,52855.45,5.0,desktop,South,Regular
61.0,36373.0,14.0,mobile,South,Regular
63.0,48133.95,7.0,tablet,South,Premium
43.0,79536.85,11.0,desktop,South,Premium
31.0,89144.07,5.0,tablet,West,Premium
49.0,67702.39,11.0,mobile,South,Premium
31.0,59043.2,1.0,mobile,East,Regular
64.0,,4.0,mobile,West,Budget
40.0,35099.38,5.0,mobile,North,Budget
43.0,62477.78,9.0,desktop,North,Premium
48.0,58434.66,9.0,mobile,East,Regular
32.0,43524.41,6.0,mobile,East,Regular
69.0,46199.22,5.0,desktop,East,Regular
45.0,86214.07,7.0,mobile,South,Premium
18.0,74872.0,0.0,mobile,West,Regular
44.0,56168.47,7.0,mobile,West,Regular
38.0,59665.41,7.0,mobile,East,Regular
33.0,80588.77,7.0,mobile,West,Premium
25.0,62301.5,4.0,mobile,South,Regular
30.0,59868.21,7.0,mobile,South,Regular
49.0,23706.21,9.0,mobile,North,Regular
36.0,21424.63,4.0,desktop,North,Budget
47.0,16992.0,5.0,mobile,West,Budget
56.0,12000.0,7.0,tablet,South,Budget
40.0,54831.92,6.0,mobile,South,Regular
26.0,61697.96,5.0,tablet,East,Regular
52.0,37710.76,9.0,mobile,East,Regular
69.0,63912.64,5.0,desktop,East,Regular
60.0,63943.28,3.0,mobile,South,Regular
30.0,53538.72,7.0,tablet,East,Regular
61.0,25681.23,10.0,desktop,South,Regular
32.0,83925.09,7.0,mobile,West,Premium
23.0,82575.31,8.0,desktop,South,Premium
24.0,43578.9,10.0,mobile,South,Regular
58.0,93867.98,7.0,mobile,South,Premium
38.0,56020.05,9.0,mobile,West,Regular
65.0,39423.09,9.0,mobile,South,Regular
37.0,46934.71,6.0,mobile,North,Regular
21.0,18045.3,3.0,mobile,West,Budget
53.0,48109.75,7.0,mobile,West,Regular
48.0,23130.74,4.0,mobile,West,Budget
64.0,77727.28,6.0,mobile,West,Regular
68.0,61494.24,9.0,mobile,West,Regular
30.0,27354.14,6.0,mobile,North,Budget
30.0,66572.24,10.0,mobile,South,Premium
60.0,20798.96,3.0,mobile,South,Budget
37.0,58231.05,6.0,desktop,West,Regular
34.0,64651.74,5.0,mobile,West,Regular
25.0,56449.85,4.0,desktop,East,Regular
39.0,32612.81,11.0,mobile,West,Regular
35.0,52879.44,7.0,mobile,West,Regular
24.0,51429.85,5.0,desktop,East,Regular
26.0,56284.34,5.0,mobile,South,Budget
64.0,84793.15,5.0,desktop,North,Premium
24.0,88939.19,6.0,mobile,East,Premium
37.0,86667.29,4.0,mobile,West,Regular
38.0,42419.9,4.0,mobile,East,Budget
54.0,40125.91,9.0,desktop,West,Regular
40.0,55517.43,6.0,mobile,South,Regular
19.0,63774.15,12.0,mobile,West,Premium
49.0,13924.36,5.0,mobile,North,Budget
54.0,42815.51,2.0,desktop,North,Regular
46.0,90887.61,7.0,desktop,South,Premium
29.0,30242.86,9.0,tablet,North,Regular
67.0,40314.45,3.0,mobile,West,Budget
41.0,40936.82,7.0,mobile,North,Regular
51.0,64826.42,1.0,desktop,South,Regular
53.0,53769.83,5.0,desktop,North,Regular
27.0,48582.09,7.0,mobile,West,Regular
26.0,24700.54,7.0,desktop,North,Regular
23.0,67256.42,4.0,desktop,South,Regular
45.0,55095.18,10.0,mobile,East,Regular
37.0,41737.82,6.0,desktop,North,Budget
61.0,55553.31,8.0,desktop,North,Regular
60.0,70816.0,5.0,mobile,East,Budget
26.0,25506.65,9.0,mobile,South,Regular
51.0,24005.72,0.0,desktop,South,Budget
42.0,34595.11,7.0,mobile,North,Regular
21.0,37546.19,7.0,mobile,South,Regular
27.0,12000.0,7.0,mobile,South,Budget
60.0,,8.0,tablet,West,Regular
25.0,77283.17,5.0,tablet,North,Regular
40.0,48412.8,9.0,mobile,North,Regular
43.0,75365.03,8.0,mobile,West,Premium
59.0,12000.0,7.0,desktop,West,Budget
41.0,52752.79,8.0,mobile,South,Regular
46.0,82780.9,6.0,desktop,North,Premium
51.0,86474.0,4.0,desktop,North,Premium
36.0,45013.28,8.0,tablet,East,Regular
62.0,38496.01,4.0,tablet,South,Budget
52.0,62709.49,8.0,desktop,East,Premium
54.0,30638.35,5.0,mobile,South,Budget
66.0,47713.83,12.0,desktop,North,Premium
35.0,21548.4,3.0,mobile,West,Budget
55.0,56656.92,8.0,mobile,South,Regular
43.0,55108.81,6.0,tablet,West,Regular
37.0,87611.26,4.0,desktop,South,Premium
53.0,62166.86,5.0,mobile,South,Regular
25.0,41791.93,9.0,desktop,North,Regular
61.0,53153.39,4.0,desktop,West,Regular
66.0,29193.25,10.0,desktop,North,Regular
53.0,55687.56,12.0,mobile,South,Regular
38.0,50711.96,2.0,desktop,West,Regular
44.0,63439.57,6.0,mobile,West,Regular
33.0,73686.09,4.0,desktop,East,Regular
24.0,14935.74,6.0,desktop,West,Regular
63.0,61561.44,9.0,mobile,West,Regular
63.0,69780.98,5.0,mobile,North,Regular
50.0,30991.7,4.0,tablet,South,Budget
32.0,93075.01,7.0,desktop,North,Premium
69.0,40560.72,4.0,desktop,East,Regular
39.0,104355.39,6.0,desktop,West,Premium
47.0,70716.71,4.0,mobile,North,Regular
63.0,74390.86,1.0,desktop,West,Regular
20.0,,4.0,mobile,North,Regular
28.0,75231.95,5.0,mobile,South,Regular
55.0,34243.49,7.0,desktop,East,Regular
65.0,38844.02,1.0,mobile,East,Budget
62.0,15684.5,5.0,tablet,North,Budget
29.0,65872.3,7.0,mobile,East,Regular
59.0,40766.82,8.0,desktop,East,Regular
22.0,70070.09,6.0,mobile,North,Regular
48.0,66964.64,11.0,tablet,East,Premium
44.0,28137.25,4.0,desktop,South,Regular
62.0,69062.12,7.0,desktop,North,Premium
59.0,60195.07,4.0,mobile,East,Regular
20.0,59032.06,9.0,desktop,East,Premium
38.0,64231.0,5.0,mobile,North,Regular
21.0,54471.51,8.0,mobile,South,Regular
61.0,,3.0,mobile,East,Budget
18.0,76150.44,6.0,mobile,South,Premium
38.0,35049.91,5.0,desktop,South,Regular
52.0,30896.5,5.0,mobile,North,Budget
60.0,39747.93,10.0,mobile,West,Regular
65.0,75750.98,7.0,tablet,East,Regular
23.0,48542.3,4.0,mobile,East,Regular
31.0,93387.34,7.0,desktop,East,Premium
32.0,12000.0,6.0,tablet,East,Budget
32.0,40693.09,3.0,mobile,South,Budget
24.0,46058.34,8.0,desktop,West,Regular
56.0,60423.19,2.0,desktop,North,Regular
56.0,81804.92,5.0,desktop,East,Budget
41.0,51260.5,2.0,desktop,East,Premium
42.0,34613.35,6.0,tablet,South,Regular
58.0,71789.97,7.0,desktop,South,Premium
52.0,86059.43,7.0,mobile,North,Premium
26.0,12000.0,12.0,mobile,South,Regular
30.0,66616.02,6.0,mobile,North,Regular
44.0,60937.55,3.0,mobile,West,Regular
56.0,38295.08,7.0,desktop,West,Regular
69.0,45458.59,4.0,desktop,South,Budget
69.0,60796.89,8.0,tablet,North,Regular
44.0,55562.35,8.0,mobile,South,Regular
22.0,50008.63,4.0,desktop,East,Premium
48.0,31593.91,2.0,desktop,South,Budget
34.0,60714.78,8.0,mobile,South,Regular
28.0,41670.75,10.0,desktop,West,Regular
63.0,56727.37,3.0,mobile,East,Regular
61.0,43220.54,5.0,desktop,East,Regular
62.0,58978.52,7.0,desktop,North,Regular
19.0,69963.35,6.0,mobile,East,Regular
63.0,59697.69,10.0,desktop,South,Premium
64.0,68162.56,4.0,mobile,North,Regular
29.0,27181.33,6.0,mobile,North,Budget
46.0,64281.28,7.0,desktop,North,Premium
47.0,60791.2,7.0,tablet,North,Regular
42.0,42419.67,8.0,mobile,East,Regular
22.0,51673.76,6.0,mobile,West,Regular
23.0,12000.0,11.0,desktop,North,Regular
40.0,56552.29,7.0,tablet,West,Regular
32.0,46743.77,2.0,desktop,East,Regular
47.0,12000.0,4.0,mobile,South,Budget
48.0,65098.58,2.0,mobile,North,Regular
31.0,42146.88,1.0,desktop,South,Budget
39.0,60501.22,3.0,mobile,North,Regular
39.0,50146.53,7.0,desktop,North,Regular
68.0,64624.54,8.0,mobile,South,Regular
37.0,56665.06,3.0,mobile,South,Regular
45.0,49163.62,4.0,desktop,West,Budget
22.0,64809.98,8.0,desktop,South,Premium
37.0,71611.47,6.0,mobile,East,Regular
21.0,12000.0,7.0,mobile,North,Budget
22.0,55447.87,7.0,mobile,West,Regular
58.0,42988.79,8.0,desktop,North,Regular
19.0,32731.17,6.0,desktop,West,Regular
18.0,81045.71,7.0,mobile,South,Premium
63.0,74143.78,3.0,mobile,North,Regular
69.0,34183.28,5.0,mobile,North,Budget
27.0,32531.1,8.0,mobile,South,Regular
64.0,71284.56,5.0,mobile,East,Regular
60.0,42334.38,4.0,mobile,West,Budget
69.0,48350.33,7.0,mobile,North,Regular
39.0,,6.0,mobile,South,Budget
58.0,52176.37,6.0,mobile,East,Regular
22.0,77629.66,5.0,desktop,South,Premium
18.0,45650.84,4.0,mobile,North,Regular
19.0,52522.4,5.0,desktop,East,Regular
24.0,89816.63,5.0,mobile,East,Premium
64.0,72450.08,4.0,mobile,South,Regular
34.0,83383.4,8.0,mobile,West,Premium
36.0,67497.26,7.0,desktop,South,Premium
27.0,78900.62,3.0,mobile,East,Regular
44.0,21560.63,10.0,mobile,South,Regular
21.0,38442.49,7.0,desktop,East,Regular
29.0,21744.4,4.0,desktop,West,Budget
65.0,99338.36,5.0,tablet,South,Premium
64.0,58506.49,2.0,tablet,West,Premium
65.0,52357.39,7.0,mobile,South,Regular
35.0,39751.94,4.0,mobile,North,Budget
57.0,34553.31,10.0,desktop,North,Regular
22.0,12000.0,3.0,tablet,West,Budget
31.0,99749.56,10.0,mobile,North,Premium
33.0,53195.64,6.0,mobile,West,Regular
62.0,56100.96,8.0,desktop,East,Regular
61.0,26706.57,2.0,mobile,North,Budget
60.0,53635.16,3.0,mobile,West,Budget
36.0,62402.39,7.0,mobile,South,Regular
34.0,,8.0,mobile,East,Regular
61.0,67213.6,3.0,desktop,South,Regular
24.0,,5.0,mobile,North,Regular
42.0,61331.56,4.0,mobile,North,Regular
25.0,72729.01,10.0,mobile,South,Premium
48.0,,6.0,mobile,East,Regular
39.0,62488.46,7.0,mobile,East,Regular
52.0,52763.85,8.0,mobile,West,Regular
61.0,35082.18,7.0,tablet,South,Budget
28.0,65908.89,4.0,mobile,South,Regular
21.0,47003.19,6.0,desktop,North,Regular
22.0,35932.4,3.0,desktop,East,Regular
40.0,70151.51,7.0,desktop,East,Premium
58.0,22661.33,3.0,mobile,South,Budget
36.0,43674.74,3.0,mobile,East,Budget
58.0,70354.74,3.0,mobile,East,Regular
64.0,73785.51,5.0,desktop,North,Regular
68.0,47351.48,6.0,mobile,West,Regular
25.0,56115.2,11.0,desktop,East,Premium
49.0,65701.52,5.0,desktop,West,Regular
52.0,53455.58,6.0,mobile,East,Budget
46.0,39404.11,7.0,tablet,South,Regular
34.0,63523.24,9.0,desktop,West,Premium
38.0,58119.08,8.0,mobile,North,Regular
51.0,56938.59,7.0,tablet,North,Budget
43.0,77133.77,6.0,mobile,North,Regular
60.0,60964.49,2.0,desktop,North,Regular
27.0,45673.5,3.0,desktop,East,Regular
60.0,58088.42,2.0,mobile,East,Budget
50.0,93678.0,7.0,tablet,West,Premium
61.0,,3.0,mobile,East,Budget
18.0,49562.8,3.0,mobile,East,Regular
33.0,38820.01,9.0,desktop,North,Regular
66.0,61912.07,3.0,desktop,East,Regular
32.0,29598.99,4.0,desktop,North,Regular
41.0,,2.0,mobile,North,Budget
24.0,70046.27,12.0,mobile,West,Premium
64.0,39356.51,4.0,mobile,East,Regular
31.0,37870.46,4.0,desktop,South,Regular
66.0,,2.0,desktop,East,Budget
24.0,55699.52,3.0,tablet,South,Regular
61.0,32444.63,2.0,desktop,East,Budget
58.0,42332.22,6.0,desktop,South,Regular
19.0,46431.46,6.0,desktop,East,Regular
20.0,41061.13,1.0,mobile,North,Budget
49.0,71530.05,6.0,mobile,West,Regular
27.0,86766.56,6.0,mobile,North,Premium
68.0,12250.52,6.0,tablet,West,Budget
59.0,38588.01,4.0,mobile,West,Budget
48.0,59845.86,7.0,mobile,East,Regular
57.0,33804.02,2.0,desktop,East,Budget
18.0,44118.98,10.0,desktop,East,Premium
68.0,59046.42,2.0,mobile,North,Budget
64.0,82688.65,3.0,mobile,West,Budget
37.0,78347.98,5.0,mobile,East,Regular
58.0,49008.86,2.0,mobile,South,Budget
20.0,57471.35,8.0,desktop,East,Premium
33.0,47595.15,6.0,desktop,North,Regular
60.0,51364.86,4.0,desktop,North,Regular
25.0,31374.63,9.0,mobile,East,Regular
32.0,19462.33,3.0,mobile,South,Budget
52.0,47514.38,6.0,mobile,West,Regular
58.0,74414.7,7.0,mobile,North,Regular
60.0,70143.66,3.0,mobile,South,Regular
19.0,17559.47,7.0,desktop,South,Regular
40.0,51019.02,7.0,tablet,South,Regular
19.0,42309.07,5.0,mobile,West,Regular
40.0,60631.32,7.0,desktop,East,Regular
49.0,32919.19,7.0,desktop,West,Regular
31.0,73143.63,11.0,tablet,East,Premium
53.0,50763.81,5.0,tablet,South,Regular
31.0,66406.82,4.0,desktop,East,Regular
47.0,72401.12,5.0,tablet,South,Regular
49.0,16052.89,5.0,desktop,North,Budget
45.0,50539.06,2.0,tablet,South,Budget
18.0,85139.81,7.0,mobile,West,Premium
49.0,55289.74,9.0,tablet,South,Regular
36.0,75747.39,6.0,mobile,East,Regular
24.0,63318.28,5.0,mobile,West,Regular
51.0,44937.17,5.0,mobile,North,Regular
21.0,60532.8,4.0,tablet,East,Regular
27.0,75933.72,8.0,desktop,North,Premium
36.0,80683.22,7.0,mobile,South,Premium
26.0,83857.8,3.0,desktop,West,Premium
46.0,32768.86,5.0,mobile,North,Budget
56.0,,8.0,desktop,North,Premium
30.0,27386.37,5.0,mobile,East,Budget
67.0,52312.77,10.0,desktop,North,Regular
27.0,50741.54,7.0,desktop,East,Regular
63.0,67454.62,10.0,mobile,East,Regular
41.0,61210.09,7.0,desktop,West,Regular
57.0,79869.97,12.0,mobile,West,Premium
39.0,42675.3,9.0,desktop,East,Regular
63.0,71754.45,6.0,mobile,North,Regular
31.0,62720.42,4.0,mobile,East,Regular
19.0,54971.1,8.0,desktop,North,Premium
66.0,30946.32,6.0,mobile,North,Budget
50.0,66313.36,11.0,desktop,West,Premium
67.0,61225.21,10.0,mobile,North,Regular
31.0,70664.99,6.0,mobile,West,Regular
20.0,54151.95,8.0,desktop,North,Premium
40.0,49810.94,3.0,mobile,North,Regular
42.0,62703.19,6.0,desktop,West,Regular
45.0,64160.84,5.0,mobile,East,Regular
30.0,68653.33,8.0,tablet,East,Regular
63.0,92755.67,8.0,desktop,East,Premium
35.0,42590.05,8.0,tablet,West,Regular
41.0,94970.65,4.0,desktop,West,Premium
19.0,12000.0,9.0,mobile,East,Regular
41.0,74088.05,5.0,desktop,East,Premium
22.0,38583.77,8.0,tablet,North,Regular
45.0,94973.94,3.0,mobile,North,Regular
19.0,37201.75,1.0,mobile,West,Budget
33.0,76117.47,2.0,tablet,South,Regular
24.0,35182.71,5.0,mobile,North,Regular
22.0,32337.97,4.0,mobile,South,Budget
51.0,70964.81,10.0,desktop,North,Premium
69.0,72279.98,2.0,mobile,East,Regular
22.0,40969.09,5.0,desktop,South,Regular
43.0,102921.62,5.0,mobile,South,Premium
64.0,48544.25,3.0,mobile,West,Budget
65.0,86130.59,5.0,desktop,East,Premium
59.0,34715.09,6.0,mobile,West,Budget
18.0,35717.21,6.0,desktop,North,Regular
32.0,56738.03,9.0,mobile,West,Regular
18.0,34738.08,8.0,mobile,East,Regular
53.0,64035.66,6.0,mobile,West,Regular
38.0,12085.29,4.0,mobile,North,Budget
67.0,58483.98,8.0,tablet,East,Regular
29.0,43725.63,6.0,desktop,North,Regular
24.0,35779.78,5.0,desktop,South,Regular
38.0,59158.54,4.0,desktop,North,Regular
47.0,50508.42,8.0,mobile,West,Regular
40.0,45976.37,6.0,desktop,South,Regular
42.0,71100.89,7.0,desktop,South,Premium
43.0,60834.68,4.0,mobile,East,Regular
34.0,,7.0,desktop,West,Premium
22.0,81457.75,3.0,mobile,South,Regular
32.0,53493.89,10.0,tablet,South,Regular
43.0,71661.89,8.0,desktop,South,Premium
22.0,46623.92,5.0,desktop,West,Regular
38.0,67060.99,3.0,mobile,East,Premium
51.0,65457.16,5.0,tablet,East,Regular
22.0,44048.67,9.0,tablet,East,Regular
28.0,24742.97,9.0,tablet,East,Regular
67.0,29433.97,4.0,desktop,West,Budget
39.0,36165.68,11.0,mobile,West,Regular
29.0,66017.69,6.0,tablet,West,Regular
66.0,52270.92,3.0,desktop,South,Regular
27.0,49016.58,4.0,mobile,West,Regular
36.0,64451.29,7.0,desktop,West,Premium
63.0,69482.56,5.0,mobile,East,Regular
34.0,82725.99,8.0,mobile,West,Premium
25.0,43086.79,7.0,mobile,East,Regular
66.0,65900.8,4.0,mobile,East,Budget
69.0,69039.83,7.0,desktop,South,Budget
48.0,36006.57,6.0,mobile,West,Regular
29.0,57423.49,4.0,desktop,West,Regular
47.0,36708.34,7.0,mobile,East,Regular
30.0,50469.99,4.0,desktop,South,Regular
29.0,63331.42,5.0,tablet,South,Regular
56.0,21095.82,3.0,mobile,South,Budget
51.0,37580.86,8.0,desktop,North,Regular
37.0,38888.9,3.0,mobile,East,Premium
37.0,56796.79,9.0,mobile,North,Regular
46.0,40289.8,7.0,desktop,East,Regular
46.0,62380.9,6.0,desktop,South,Regular
19.0,37888.49,7.0,desktop,East,Regular
38.0,44681.96,5.0,mobile,North,Regular
45.0,66991.63,9.0,mobile,West,Regular
22.0,61280.52,6.0,mobile,South,Regular
54.0,57967.74,5.0,mobile,South,Regular
63.0,54194.81,8.0,desktop,North,Regular
56.0,74902.73,6.0,mobile,North,Regular
53.0,82293.71,6.0,mobile,East,Regular
62.0,47569.69,5.0,mobile,West,Regular
67.0,40521.99,5.0,desktop,East,Regular
30.0,34262.52,7.0,desktop,West,Regular
33.0,89442.86,3.0,tablet,West,Regular
38.0,37143.25,4.0,tablet,North,Budget
32.0,28644.9,8.0,tablet,North,Regular
59.0,60272.8,3.0,mobile,East,Regular
25.0,75858.12,4.0,mobile,East,Regular
25.0,30392.39,8.0,tablet,South,Regular
33.0,52484.49,7.0,mobile,East,Regular
58.0,26417.94,4.0,mobile,North,Budget
34.0,41123.23,4.0,mobile,North,Regular
51.0,87318.04,6.0,desktop,East,Premium
27.0,58292.64,9.0,mobile,North,Regular
39.0,49778.67,7.0,mobile,West,Regular
31.0,56371.65,7.0,desktop,North,Premium
35.0,60574.69,6.0,mobile,West,Regular
33.0,52910.63,6.0,mobile,South,Regular
30.0,31345.31,4.0,mobile,South,Budget
62.0,31471.55,6.0,desktop,South,Regular
49.0,94906.68,5.0,desktop,South,Premium
41.0,39764.85,3.0,mobile,North,Budget
54.0,78765.09,7.0,mobile,West,Regular
60.0,40686.92,6.0,desktop,North,Regular
25.0,80819.02,5.0,mobile,West,Regular
20.0,68805.63,4.0,mobile,North,Regular
20.0,50773.67,4.0,mobile,South,Premium
27.0,94918.87,12.0,desktop,East,Premium
35.0,36394.58,7.0,mobile,West,Regular
67.0,50310.55,5.0,mobile,West,Regular
20.0,37915.64,11.0,mobile,West,Regular
20.0,39526.89,6.0,desktop,North,Regular
32.0,47752.05,7.0,mobile,East,Budget
21.0,35949.6,4.0,mobile,South,Premium
54.0,48498.41,6.0,desktop,North,Regular
44.0,86366.11,3.0,mobile,South,Regular
52.0,20403.75,9.0,mobile,North,Budget
33.0,30014.45,11.0,desktop,South,Regular
69.0,36037.09,4.0,desktop,South,Budget
28.0,45707.0,4.0,desktop,East,Regular
59.0,75057.41,11.0,mobile,South,Premium
49.0,69289.28,6.0,mobile,East,Regular
64.0,64473.91,3.0,desktop,West,Regular
49.0,59019.7,10.0,mobile,West,Regular
48.0,102566.7,10.0,desktop,West,Premium
27.0,32574.49,5.0,mobile,South,Budget
28.0,32081.09,5.0,mobile,North,Budget
46.0,54475.57,5.0,mobile,West,Regular
34.0,59057.14,10.0,mobile,West,Regular
41.0,50256.4,8.0,tablet,South,Regular
37.0,38263.05,6.0,tablet,East,Regular
62.0,28965.56,9.0,mobile,West,Regular
67.0,49477.31,5.0,tablet,West,Regular
21.0,40905.58,7.0,mobile,East,Regular
54.0,45406.28,4.0,desktop,North,Regular
30.0,33481.87,5.0,desktop,South,Regular
31.0,81595.75,8.0,tablet,South,Premium
47.0,63939.74,3.0,tablet,East,Regular
35.0,91783.97,7.0,desktop,East,Premium
19.0,44730.32,5.0,mobile,West,Regular
34.0,56143.93,8.0,desktop,South,Premium
61.0,50035.68,7.0,desktop,South,Regular
58.0,55388.82,7.0,mobile,South,Regular
68.0,49889.48,2.0,tablet,South,Budget
51.0,51703.0,5.0,mobile,South,Regular
35.0,15807.94,6.0,mobile,East,Budget
53.0,,7.0,mobile,West,Regular
58.0,68719.7,3.0,mobile,North,Regular
36.0,16268.29,4.0,mobile,West,Budget
30.0,48054.97,10.0,desktop,North,Premium
31.0,66350.88,8.0,mobile,West,Regular
67.0,80128.96,5.0,mobile,North,Regular
67.0,53293.56,5.0,mobile,North,Regular
29.0,64039.86,9.0,mobile,South,Regular
31.0,89813.65,8.0,mobile,South,Premium
18.0,80747.32,4.0,desktop,North,Premium
57.0,46014.33,7.0,desktop,West,Regular
21.0,42967.42,4.0,mobile,South,Regular
24.0,75218.64,10.0,desktop,East,Premium
41.0,59403.54,8.0,desktop,West,Premium
30.0,44209.56,8.0,desktop,North,Budget
19.0,50393.21,6.0,desktop,East,Regular
20.0,61264.18,10.0,desktop,West,Premium
68.0,51008.93,9.0,desktop,East,Regular
19.0,49932.83,13.0,mobile,West,Premium
50.0,50286.52,1.0,mobile,South,Budget
41.0,25354.66,5.0,mobile,South,Budget
47.0,89454.56,5.0,mobile,South,Regular
69.0,79222.76,3.0,tablet,East,Regular
50.0,85049.75,5.0,mobile,East,Regular
40.0,52312.6,8.0,mobile,East,Regular
39.0,57474.2,3.0,mobile,West,Regular
18.0,66416.03,5.0,mobile,South,Regular
64.0,71277.49,5.0,mobile,North,Regular
55.0,18679.78,5.0,tablet,South,Budget
55.0,62014.58,8.0,mobile,West,Regular
35.0,35158.05,5.0,mobile,South,Budget
40.0,53551.73,4.0,desktop,East,Regular
55.0,41821.94,9.0,desktop,South,Regular
32.0,88822.49,8.0,desktop,West,Premium
62.0,,8.0,mobile,North,Regular
25.0,54434.89,3.0,mobile,South,Regular
30.0,82662.72,5.0,mobile,South,Regular
34.0,53574.29,7.0,mobile,East,Regular
45.0,40594.4,6.0,mobile,North,Regular
36.0,51301.36,3.0,desktop,North,Regular
39.0,47733.01,6.0,mobile,South,Regular
22.0,55933.33,8.0,mobile,North,Regular
20.0,71669.94,6.0,mobile,West,Regular
66.0,52645.24,6.0,tablet,East,Regular
43.0,53692.19,2.0,mobile,South,Budget
31.0,,4.0,desktop,South,Premium
27.0,60712.4,5.0,desktop,East,Regular
46.0,73820.4,5.0,mobile,West,Regular
44.0,57660.23,9.0,mobile,South,Regular
21.0,29131.37,7.0,mobile,South,Regular
44.0,32727.58,8.0,mobile,East,Regular
46.0,22070.51,5.0,mobile,South,Budget
52.0,77578.76,5.0,desktop,South,Premium
51.0,63221.5,6.0,desktop,South,Regular
31.0,45571.4,3.0,desktop,South,Regular
22.0,35344.15,6.0,mobile,South,Regular
18.0,62152.29,6.0,desktop,South,Premium
68.0,52362.16,2.0,desktop,South,Regular
22.0,61339.38,5.0,desktop,East,Regular
26.0,38258.35,2.0,mobile,East,Premium
19.0,32998.13,7.0,desktop,West,Regular
31.0,86136.42,5.0,mobile,North,Premium
44.0,36103.15,8.0,mobile,East,Regular
56.0,54536.31,3.0,tablet,West,Regular
48.0,,6.0,desktop,East,Premium
35.0,18634.97,4.0,mobile,East,Budget
50.0,68875.05,9.0,tablet,South,Regular
63.0,56358.9,2.0,desktop,North,Regular
20.0,52143.41,12.0,tablet,South,Premium
30.0,60349.14,3.0,mobile,East,Regular
40.0,31470.64,8.0,desktop,East,Regular
34.0,12000.0,1.0,tablet,West,Budget
58.0,92442.02,5.0,mobile,North,Regular
53.0,49319.25,5.0,desktop,North,Regular
64.0,72646.17,5.0,mobile,West,Regular
62.0,76941.71,7.0,desktop,East,Premium
25.0,60705.4,7.0,mobile,South,Regular
63.0,64034.63,7.0,mobile,West,Regular
58.0,69114.44,7.0,desktop,West,Premium
32.0,86244.07,8.0,mobile,South,Premium
36.0,64748.04,9.0,desktop,North,Premium
45.0,79997.72,5.0,desktop,South,Premium
36.0,49236.48,6.0,desktop,West,Regular
39.0,46625.52,6.0,mobile,West,Regular
58.0,56683.96,6.0,tablet,West,Regular
53.0,62940.81,2.0,mobile,West,Regular
56.0,65637.54,3.0,mobile,East,Regular
29.0,93570.16,6.0,mobile,North,Premium
18.0,71641.11,6.0,desktop,South,Premium
61.0,56294.92,6.0,mobile,West,Regular
49.0,94383.9,10.0,mobile,West,Premium
55.0,61543.62,2.0,tablet,East,Regular
31.0,62118.58,8.0,desktop,South,Premium
27.0,64778.85,8.0,mobile,East,Regular
37.0,48459.83,5.0,mobile,West,Regular
34.0,33443.79,6.0,desktop,North,Regular
19.0,57657.38,10.0,tablet,North,Premium
35.0,48904.97,8.0,mobile,South,Regular
50.0,37935.59,6.0,mobile,North,Regular
66.0,57409.71,3.0,desktop,South,Regular
67.0,51106.12,5.0,mobile,North,Regular
41.0,43326.12,8.0,desktop,East,Regular
65.0,19876.09,6.0,desktop,South,Budget
50.0,51709.88,12.0,tablet,North,Regular
57.0,89832.99,1.0,tablet,South,Regular
66.0,72613.96,9.0,mobile,East,Regular
63.0,76440.38,5.0,mobile,East,Regular
38.0,54621.91,6.0,desktop,East,Regular
34.0,75933.97,7.0,mobile,East,Regular
67.0,41730.92,9.0,mobile,South,Regular
65.0,46007.39,4.0,tablet,West,Budget
33.0,65307.57,7.0,desktop,West,Premium
39.0,26839.49,7.0,mobile,West,Regular
18.0,56174.96,6.0,mobile,West,Regular
56.0,60998.67,8.0,mobile,East,Regular
23.0,88424.75,6.0,mobile,North,Premium
58.0,41220.36,8.0,mobile,West,Regular
54.0,63383.13,8.0,mobile,South,Regular
40.0,42165.26,5.0,desktop,West,Budget
37.0,44267.25,2.0,mobile,East,Budget
67.0,12000.0,5.0,tablet,South,Budget
61.0,36482.2,7.0,mobile,East,Regular
61.0,77818.69,2.0,mobile,North,Regular
45.0,65309.98,7.0,mobile,West,Regular
58.0,58178.93,11.0,tablet,North,Regular
53.0,103823.86,9.0,mobile,South,Premium
65.0,65763.74,2.0,desktop,South,Regular
36.0,30595.03,4.0,tablet,West,Budget
44.0,51060.37,5.0,mobile,East,Regular
48.0,53931.81,5.0,mobile,West,Regular
23.0,86839.83,7.0,mobile,East,Premium
54.0,37284.18,6.0,mobile,East,Budget
20.0,63445.3,5.0,mobile,South,Regular
37.0,74410.27,6.0,desktop,South,Premium
42.0,39066.61,6.0,desktop,West,Regular
43.0,56824.96,6.0,mobile,South,Regular
52.0,15328.07,4.0,mobile,North,Budget
61.0,57051.31,10.0,mobile,North,Regular
23.0,12000.0,4.0,mobile,West,Budget
66.0,47461.05,3.0,mobile,East,Budget
39.0,89110.82,7.0,desktop,West,Premium
36.0,63188.66,8.0,mobile,East,Regular
52.0,56098.63,2.0,tablet,East,Budget
21.0,58088.67,6.0,mobile,North,Regular
65.0,97742.41,8.0,mobile,East,Premium
61.0,66047.61,7.0,mobile,South,Regular
24.0,75684.23,6.0,mobile,South,Regular
41.0,46472.71,3.0,desktop,East,Regular
20.0,46530.05,5.0,mobile,North,Premium
68.0,34448.3,4.0,mobile,West,Budget
68.0,51634.64,5.0,mobile,South,Regular
57.0,41301.58,6.0,desktop,East,Regular
46.0,74607.19,9.0,desktop,East,Premium
37.0,67797.28,5.0,desktop,West,Budget
28.0,52779.21,4.0,mobile,East,Regular
62.0,44365.37,8.0,desktop,North,Regular
30.0,12000.0,3.0,mobile,West,Budget
46.0,43405.45,8.0,mobile,West,Regular
61.0,61126.62,8.0,mobile,North,Regular
55.0,68165.19,6.0,desktop,West,Regular
37.0,12000.0,8.0,mobile,South,Regular
64.0,12000.0,2.0,mobile,East,Budget
23.0,58230.72,6.0,mobile,South,Regular
48.0,34690.06,6.0,mobile,East,Budget
56.0,50804.53,4.0,mobile,South,Regular
67.0,45742.64,8.0,mobile,West,Regular
69.0,66710.86,3.0,mobile,East,Regular
38.0,,12.0,desktop,East,Regular
30.0,43834.62,4.0,tablet,East,Regular
37.0,73732.63,5.0,mobile,East,Regular
34.0,59199.85,4.0,desktop,South,Regular
51.0,,7.0,desktop,North,Regular
55.0,64070.36,7.0,desktop,East,Regular
39.0,60737.72,4.0,mobile,South,Regular
22.0,37535.7,5.0,mobile,East,Regular
54.0,68756.87,8.0,desktop,West,Premium
43.0,68445.81,4.0,mobile,West,Regular
45.0,52495.88,4.0,desktop,North,Regular
62.0,73714.39,5.0,desktop,West,Regular
56.0,31948.08,5.0,mobile,South,Budget
48.0,70233.11,4.0,mobile,West,Regular
60.0,51300.48,9.0,desktop,South,Regular
66.0,36565.54,6.0,mobile,East,Budget
47.0,43329.56,6.0,desktop,West,Regular
33.0,78182.17,5.0,desktop,West,Premium
65.0,44135.01,6.0,desktop,West,Regular
35.0,48243.78,6.0,desktop,East,Regular
58.0,42162.15,1.0,desktop,West,Budget
61.0,39447.64,4.0,mobile,South,Budget
62.0,74121.77,7.0,desktop,East,Premium
59.0,98870.51,5.0,mobile,North,Premium
19.0,81574.16,9.0,tablet,South,Premium
58.0,65132.37,8.0,mobile,West,Regular
18.0,70054.78,6.0,mobile,North,Regular
55.0,48285.64,3.0,mobile,West,Budget
51.0,45309.75,2.0,mobile,North,Budget
61.0,31912.29,9.0,tablet,South,Regular
35.0,83578.42,9.0,mobile,North,Premium
26.0,48423.41,8.0,desktop,South,Regular
63.0,40960.18,2.0,tablet,South,Budget
20.0,42525.38,5.0,desktop,East,Regular
38.0,58889.79,9.0,mobile,West,Regular
58.0,44271.47,7.0,mobile,North,Regular
56.0,55484.95,6.0,desktop,South,Regular
21.0,58420.0,5.0,mobile,West,Regular
30.0,81565.79,4.0,desktop,East,Premium
52.0,30605.31,10.0,mobile,South,Regular
50.0,60982.98,2.0,desktop,East,Regular
65.0,41391.99,7.0,mobile,East,Regular
64.0,46654.51,8.0,mobile,South,Regular
23.0,87146.94,6.0,mobile,South,Premium
62.0,67500.35,4.0,mobile,South,Regular
49.0,47483.55,12.0,desktop,West,Premium
37.0,64847.29,6.0,mobile,East,Regular
32.0,54751.98,4.0,mobile,South,Regular
43.0,77094.32,6.0,mobile,North,Regular
41.0,45532.95,7.0,tablet,North,Regular
45.0,64805.42,2.0,tablet,East,Regular
41.0,51067.94,6.0,tablet,East,Regular
35.0,55371.3,8.0,desktop,North,Premium
50.0,,8.0,mobile,North,Premium
43.0,42900.54,4.0,tablet,South,Budget
35.0,57264.99,5.0,tablet,North,Regular
68.0,74538.49,3.0,tablet,North,Premium
26.0,43197.65,4.0,desktop,West,Regular
63.0,47522.97,7.0,mobile,West,Regular
44.0,62445.48,8.0,desktop,South,Premium
34.0,40283.76,9.0,desktop,West,Regular
62.0,72354.4,5.0,mobile,West,Regular
53.0,69128.43,10.0,desktop,South,Premium
23.0,12000.0,5.0,desktop,West,Budget
67.0,42253.22,9.0,mobile,South,Regular
39.0,33854.7,6.0,mobile,North,Regular
36.0,71519.74,7.0,mobile,North,Regular
38.0,73706.75,4.0,mobile,North,Regular
62.0,31527.54,3.0,mobile,East,Budget
32.0,41635.24,8.0,desktop,East,Regular
59.0,53594.09,6.0,desktop,South,Regular
59.0,47892.98,7.0,mobile,East,Regular
64.0,69386.53,5.0,mobile,North,Regular
60.0,74515.24,1.0,desktop,North,Regular
22.0,66864.44,4.0,mobile,East,Regular
23.0,76731.95,11.0,desktop,East,Premium
65.0,73671.64,5.0,desktop,West,Regular
41.0,,5.0,mobile,North,Regular
69.0,46630.47,3.0,desktop,West,Premium
26.0,40634.47,7.0,desktop,East,Regular
30.0,,7.0,desktop,North,Premium
40.0,72774.98,9.0,desktop,West,Premium
50.0,75252.04,8.0,tablet,South,Regular
27.0,48757.93,4.0,tablet,East,Regular
22.0,47513.17,4.0,mobile,North,Regular
47.0,60451.68,9.0,mobile,North,Regular
49.0,79929.32,7.0,desktop,West,Premium
38.0,62266.71,5.0,mobile,East,Regular
54.0,59663.07,9.0,mobile,East,Regular
25.0,38956.05,5.0,tablet,West,Regular
56.0,63979.24,5.0,desktop,North,Regular
20.0,65845.77,5.0,mobile,North,Regular
62.0,36517.39,2.0,mobile,West,Budget
68.0,89871.95,7.0,desktop,South,Premium
33.0,37127.36,7.0,desktop,West,Regular
39.0,73565.65,9.0,desktop,South,Premium
24.0,51235.59,5.0,desktop,North,Regular
60.0,58428.01,4.0,mobile,North,Regular
60.0,39748.27,5.0,mobile,East,Regular
33.0,44138.83,9.0,mobile,North,Regular
19.0,,4.0,mobile,North,Regular
41.0,51427.99,3.0,desktop,South,Regular
30.0,48528.46,10.0,mobile,North,Regular
58.0,72767.84,3.0,desktop,North,Regular
30.0,69308.98,11.0,desktop,North,Premium
69.0,58528.07,9.0,mobile,South,Regular
58.0,59842.31,7.0,mobile,North,Regular
50.0,89193.63,6.0,mobile,North,Premium
40.0,51968.25,6.0,mobile,West,Regular
18.0,62945.93,6.0,tablet,West,Regular
61.0,63673.92,2.0,tablet,East,Premium
45.0,27701.11,6.0,tablet,West,Budget
52.0,17201.61,5.0,mobile,North,Budget
23.0,57791.09,11.0,mobile,North,Premium
61.0,72373.85,4.0,mobile,South,Regular
23.0,59260.5,4.0,mobile,South,Regular
58.0,44781.27,7.0,mobile,West,Regular
33.0,42382.45,3.0,mobile,North,Budget
63.0,71293.97,5.0,mobile,South,Regular
35.0,49425.33,7.0,desktop,East,Regular
32.0,23589.5,6.0,mobile,West,Regular
51.0,68699.52,6.0,mobile,West,Regular
36.0,59986.41,2.0,desktop,East,Regular
37.0,62792.85,6.0,desktop,South,Regular
50.0,75784.25,3.0,mobile,East,Regular
33.0,81364.24,6.0,desktop,North,Premium
48.0,66315.58,5.0,mobile,North,Regular
50.0,51854.52,9.0,tablet,West,Regular
58.0,13618.06,1.0,mobile,South,Budget
53.0,61108.4,8.0,tablet,West,Regular
60.0,52346.66,5.0,desktop,East,Regular
35.0,81254.04,0.0,mobile,South,Regular
33.0,80420.58,6.0,tablet,South,Regular
67.0,64651.08,5.0,mobile,South,Regular
24.0,82249.63,10.0,desktop,North,Premium
54.0,53810.82,6.0,mobile,North,Regular
56.0,54416.5,5.0,tablet,East,Regular
69.0,38619.56,5.0,mobile,South,Budget
53.0,49156.47,2.0,mobile,South,Budget
50.0,59439.63,6.0,desktop,West,Regular
32.0,76108.48,5.0,tablet,North,Regular
51.0,40813.55,5.0,mobile,North,Budget
20.0,71043.59,11.0,mobile,North,Premium
42.0,101345.07,7.0,tablet,East,Premium
19.0,,7.0,mobile,South,Regular
38.0,50184.14,5.0,desktop,East,Regular
30.0,55680.6,5.0,mobile,East,Regular
68.0,75054.58,5.0,mobile,East,Regular
32.0,94405.39,10.0,mobile,East,Premium
60.0,79558.18,8.0,mobile,West,Regular
28.0,,2.0,mobile,South,Regular
31.0,38532.11,4.0,desktop,West,Regular
20.0,54158.0,6.0,desktop,East,Regular
53.0,54501.67,10.0,mobile,North,Regular
26.0,60058.87,9.0,desktop,East,Premium
60.0,37660.04,3.0,desktop,East,Budget
36.0,85294.83,9.0,mobile,West,Premium
21.0,41027.49,3.0,desktop,South,Regular
22.0,68673.05,6.0,desktop,East,Premium
48.0,59469.38,5.0,desktop,North,Regular
28.0,33675.83,13.0,mobile,South,Regular
22.0,56552.97,5.0,mobile,East,Regular
40.0,55636.72,8.0,desktop,North,Regular
40.0,51539.85,6.0,mobile,East,Regular
62.0,71145.49,3.0,desktop,West,Regular
65.0,45893.68,7.0,mobile,North,Regular
63.0,105406.59,4.0,tablet,North,Premium
43.0,77490.67,8.0,mobile,South,Premium
39.0,37189.04,1.0,mobile,East,Budget
23.0,12000.0,1.0,mobile,West,Budget
24.0,,15.0,desktop,West,Premium
40.0,60177.69,11.0,desktop,South,Premium
31.0,56829.92,2.0,desktop,North,Regular
56.0,35966.24,5.0,mobile,West,Budget
53.0,26798.11,5.0,mobile,North,Budget
57.0,18442.12,7.0,tablet,East,Budget
39.0,105852.25,8.0,mobile,West,Premium
24.0,86860.69,4.0,mobile,East,Regular
47.0,44309.37,5.0,mobile,North,Regular
64.0,92243.1,9.0,mobile,East,Premium
56.0,18603.36,11.0,desktop,South,Regular
52.0,68987.79,9.0,mobile,South,Regular
52.0,69116.26,6.0,desktop,West,Regular
62.0,38189.05,5.0,mobile,East,Budget
62.0,46175.86,3.0,mobile,North,Budget
18.0,34561.38,10.0,desktop,North,Regular
22.0,55989.64,4.0,mobile,East,Regular
43.0,81145.49,9.0,mobile,West,Premium
33.0,74825.14,5.0,mobile,North,Regular
67.0,63392.72,7.0,desktop,South,Regular
19.0,77251.09,3.0,mobile,South,Regular
53.0,19817.37,2.0,mobile,North,Budget
45.0,95141.03,2.0,desktop,West,Premium
25.0,54125.58,7.0,desktop,West,Regular
49.0,29065.9,8.0,tablet,North,Regular
43.0,47545.24,10.0,desktop,West,Regular
31.0,42249.95,10.0,mobile,South,Regular
24.0,56979.46,6.0,tablet,South,Regular
20.0,61310.94,4.0,mobile,North,Regular
66.0,12000.0,11.0,mobile,South,Budget
42.0,80095.4,5.0,tablet,West,Regular
53.0,89370.59,6.0,desktop,North,Premium
26.0,34561.29,7.0,desktop,South,Regular
66.0,84368.49,8.0,tablet,North,Premium
28.0,80059.33,8.0,tablet,West,Premium
61.0,75201.58,7.0,mobile,West,Regular
37.0,87478.5,4.0,desktop,East,Premium
26.0,27507.4,3.0,desktop,West,Regular
67.0,69488.01,6.0,mobile,South,Regular
26.0,34990.83,4.0,desktop,North,Regular
36.0,102134.32,10.0,mobile,East,Premium
29.0,35780.78,6.0,tablet,East,Regular
54.0,30733.43,11.0,mobile,East,Regular
67.0,77391.22,5.0,desktop,North,Regular
37.0,67432.19,3.0,mobile,West,Regular
29.0,55632.53,6.0,desktop,West,Regular
39.0,57795.07,2.0,mobile,North,Regular
45.0,67276.82,5.0,mobile,West,Regular
25.0,89439.74,8.0,mobile,East,Premium
34.0,40888.35,5.0,mobile,South,Regular
27.0,43914.37,5.0,mobile,East,Regular
54.0,43568.98,12.0,desktop,West,Premium
58.0,53599.56,5.0,mobile,West,Regular
26.0,55300.6,5.0,mobile,South,Budget
40.0,29427.97,8.0,desktop,North,Regular
56.0,61087.32,12.0,mobile,West,Premium
32.0,29864.52,3.0,mobile,South,Budget
24.0,48859.63,6.0,mobile,West,Regular
69.0,50083.77,5.0,desktop,South,Budget
32.0,50205.18,3.0,mobile,North,Regular
63.0,84603.84,5.0,mobile,North,Regular
37.0,87700.44,3.0,desktop,East,Premium
31.0,76546.68,4.0,desktop,North,Premium
31.0,86629.15,6.0,mobile,South,Premium
40.0,49334.49,3.0,mobile,West,Regular
51.0,83136.23,6.0,mobile,North,Regular
47.0,53991.53,3.0,mobile,South,Regular
55.0,59585.12,8.0,mobile,East,Regular
26.0,60479.57,8.0,desktop,South,Premium
54.0,28362.89,9.0,tablet,East,Regular
40.0,42858.68,5.0,desktop,North,Regular
64.0,51854.81,3.0,tablet,West,Premium
32.0,62322.33,2.0,desktop,North,Regular
45.0,52503.58,1.0,mobile,North,Budget
60.0,38014.65,4.0,tablet,South,Budget
25.0,31909.54,7.0,tablet,South,Regular
22.0,55216.52,5.0,mobile,West,Budget
63.0,31411.76,7.0,mobile,North,Budget
69.0,31499.8,10.0,desktop,West,Regular
36.0,52957.78,9.0,desktop,East,Premium
30.0,58574.81,8.0,mobile,West,Regular
59.0,38443.28,9.0,mobile,South,Regular
35.0,19436.08,5.0,desktop,West,Budget
39.0,60739.68,6.0,desktop,South,Regular
21.0,71351.5,2.0,desktop,East,Regular
19.0,46853.87,6.0,desktop,South,Regular
65.0,47504.98,4.0,mobile,West,Budget
21.0,12000.0,6.0,tablet,West,Budget
61.0,73043.52,6.0,desktop,West,Regular
59.0,33117.11,6.0,mobile,North,Budget
21.0,69386.12,4.0,mobile,West,Regular
69.0,43225.89,4.0,mobile,South,Budget
45.0,52167.19,8.0,desktop,North,Regular
41.0,51253.89,6.0,desktop,West,Regular
38.0,19058.37,5.0,mobile,West,Regular
27.0,109998.83,11.0,mobile,West,Premium
49.0,23742.04,3.0,mobile,East,Budget
66.0,57201.55,9.0,desktop,East,Regular
35.0,38753.51,11.0,mobile,North,Regular
32.0,50273.76,10.0,desktop,East,Premium
67.0,82534.08,2.0,desktop,East,Regular
29.0,17749.5,4.0,desktop,North,Budget
29.0,52157.51,5.0,mobile,North,Regular
20.0,64851.57,11.0,mobile,South,Premium
60.0,57412.52,5.0,desktop,West,Regular
50.0,62938.2,4.0,tablet,South,Regular
31.0,40000.17,8.0,mobile,East,Regular
23.0,22205.49,7.0,mobile,North,Budget
51.0,28775.37,3.0,mobile,North,Budget
27.0,46816.81,2.0,mobile,North,Budget
40.0,69844.15,7.0,mobile,West,Regular
22.0,56612.83,4.0,mobile,West,Regular
45.0,87077.98,7.0,mobile,South,Premium
47.0,57013.98,7.0,mobile,North,Regular
45.0,58871.8,1.0,mobile,East,Budget
55.0,59006.05,6.0,mobile,North,Regular
50.0,20373.19,6.0,tablet,South,Budget
58.0,66524.65,11.0,mobile,South,Premium
21.0,32790.88,10.0,desktop,South,Regular
58.0,47408.77,4.0,mobile,East,Budget
21.0,101872.86,4.0,mobile,South,Premium
61.0,30278.48,7.0,mobile,East,Budget
68.0,57369.89,6.0,tablet,North,Regular
56.0,60839.2,5.0,mobile,North,Regular
31.0,57581.89,5.0,mobile,South,Premium
24.0,55073.97,8.0,tablet,East,Regular
36.0,43836.62,5.0,mobile,East,Regular
33.0,94844.45,3.0,tablet,East,Regular
30.0,14875.64,7.0,desktop,East,Regular
36.0,34477.28,9.0,mobile,North,Budget
51.0,84676.65,5.0,mobile,West,Regular
39.0,65979.33,7.0,mobile,North,Regular
69.0,39697.23,6.0,mobile,West,Budget
64.0,37034.7,6.0,mobile,North,Budget
38.0,50017.35,2.0,mobile,North,Budget
68.0,107795.04,12.0,desktop,North,Premium
34.0,64869.18,9.0,desktop,North,Premium
47.0,34376.92,6.0,mobile,South,Budget
36.0,59765.05,8.0,mobile,East,Regular
51.0,42475.26,6.0,mobile,West,Regular
19.0,84967.43,14.0,mobile,North,Premium
43.0,60879.0,6.0,desktop,South,Regular
22.0,80208.59,7.0,desktop,South,Premium
33.0,58225.09,5.0,mobile,North,Regular
20.0,95776.7,2.0,mobile,North,Regular
49.0,63237.21,7.0,mobile,West,Regular
34.0,60616.07,6.0,mobile,North,Regular
37.0,34610.68,6.0,mobile,West,Regular
69.0,46571.86,6.0,mobile,North,Regular
55.0,62802.53,6.0,desktop,South,Regular
25.0,45070.75,4.0,mobile,South,Regular
35.0,104754.16,8.0,mobile,North,Premium
46.0,54776.91,5.0,mobile,East,Regular
25.0,39771.01,3.0,desktop,South,Regular
28.0,74753.64,5.0,mobile,West,Regular
52.0,44410.1,2.0,mobile,East,Budget
19.0,63140.58,6.0,desktop,South,Premium
57.0,53135.48,6.0,mobile,East,Regular
61.0,40598.25,0.0,tablet,North,Budget
39.0,82768.0,7.0,mobile,North,Premium
24.0,56832.95,4.0,mobile,North,Regular
43.0,76761.96,3.0,mobile,East,Regular
25.0,48218.23,4.0,desktop,West,Regular
27.0,26462.77,6.0,mobile,East,Budget
60.0,30132.34,10.0,mobile,South,Regular
66.0,44632.51,9.0,mobile,East,Regular
30.0,51326.85,8.0,mobile,West,Regular
69.0,56105.75,5.0,desktop,West,Regular
28.0,65264.04,7.0,desktop,West,Premium
67.0,30145.02,4.0,desktop,South,Budget
67.0,59589.96,3.0,desktop,North,Regular
18.0,30638.83,5.0,mobile,West,Budget
28.0,41323.92,2.0,mobile,East,Budget
48.0,106306.03,8.0,desktop,West,Premium
61.0,80477.85,10.0,mobile,South,Budget
43.0,47744.46,6.0,tablet,North,Regular
33.0,90849.66,11.0,desktop,South,Premium
53.0,83380.14,6.0,mobile,West,Regular
47.0,72784.78,6.0,mobile,South,Regular
47.0,84352.07,7.0,mobile,East,Premium
34.0,50043.91,7.0,mobile,West,Regular
68.0,52502.83,9.0,mobile,West,Regular
35.0,37808.21,6.0,mobile,West,Regular
43.0,66669.99,5.0,mobile,North,Regular
66.0,29924.36,9.0,mobile,South,Regular
40.0,44929.92,4.0,desktop,North,Regular
65.0,64172.99,5.0,mobile,East,Regular
40.0,44905.94,5.0,mobile,West,Regular
27.0,61940.7,5.0,desktop,East,Regular
68.0,91499.67,2.0,tablet,West,Regular
55.0,35301.31,6.0,tablet,North,Budget
37.0,83072.67,6.0,tablet,West,Premium
25.0,41340.41,7.0,mobile,East,Premium
30.0,36316.24,9.0,mobile,West,Regular
33.0,59508.72,9.0,desktop,East,Premium
38.0,75570.24,6.0,desktop,East,Premium
21.0,40725.62,7.0,mobile,North,Regular
38.0,40425.55,6.0,mobile,South,Regular
51.0,46210.76,8.0,desktop,East,Regular
22.0,40597.87,4.0,desktop,West,Regular
55.0,58772.64,5.0,desktop,West,Regular
64.0,40752.84,7.0,tablet,North,Regular
56.0,49911.51,6.0,desktop,South,Regular
37.0,62082.51,7.0,desktop,West,Premium
58.0,46652.12,7.0,desktop,North,Regular
56.0,78080.05,5.0,tablet,North,Regular
38.0,41465.83,2.0,mobile,West,Budget
49.0,39566.77,4.0,mobile,East,Budget
27.0,95760.7,7.0,mobile,South,Premium
59.0,85117.16,5.0,mobile,West,Regular
18.0,56426.21,8.0,mobile,North,Regular
56.0,71605.68,6.0,mobile,North,Regular
40.0,61808.13,5.0,mobile,North,Regular
18.0,44794.99,8.0,desktop,North,Regular
66.0,68517.29,2.0,mobile,East,Regular
66.0,61088.44,8.0,desktop,North,Regular
41.0,80637.05,5.0,desktop,East,Premium
24.0,18140.52,4.0,desktop,West,Budget
50.0,71139.4,4.0,desktop,East,Regular
46.0,58335.29,3.0,mobile,West,Regular
65.0,41259.32,8.0,mobile,East,Regular
41.0,46423.83,5.0,mobile,West,Regular
62.0,46902.75,9.0,desktop,East,Regular
21.0,28548.11,6.0,desktop,East,Regular
56.0,43523.83,1.0,desktop,South,Budget
29.0,70652.83,8.0,mobile,East,Premium
48.0,24654.66,5.0,desktop,South,Regular
66.0,47481.16,6.0,mobile,North,Regular
30.0,12000.0,4.0,mobile,South,Budget
69.0,43490.9,9.0,mobile,West,Regular
56.0,62827.83,6.0,mobile,West,Regular
26.0,53999.14,7.0,mobile,South,Regular
39.0,55882.66,4.0,mobile,East,Regular
24.0,32636.06,5.0,tablet,South,Budget
54.0,66399.89,11.0,mobile,North,Premium
45.0,36936.18,5.0,desktop,North,Regular
29.0,73174.23,6.0,mobile,East,Regular
52.0,59238.97,4.0,desktop,South,Regular
66.0,47326.65,9.0,tablet,South,Regular
19.0,84719.88,5.0,mobile,East,Premium
26.0,47102.67,6.0,mobile,East,Regular
69.0,75488.5,5.0,desktop,South,Regular
59.0,57101.43,6.0,mobile,North,Regular
43.0,55014.22,7.0,mobile,West,Regular
64.0,75025.24,5.0,mobile,East,Premium
61.0,63767.03,5.0,mobile,East,Regular
25.0,54857.71,4.0,desktop,North,Regular
60.0,52638.87,5.0,desktop,South,Regular
62.0,59248.87,7.0,desktop,East,Regular
55.0,56723.51,6.0,desktop,South,Regular
51.0,48482.61,2.0,mobile,North,Budget
26.0,34281.88,4.0,mobile,South,Budget
49.0,12000.0,9.0,mobile,East,Premium
52.0,52778.29,6.0,mobile,East,Regular
31.0,50156.12,4.0,mobile,North,Regular
44.0,79286.14,7.0,mobile,West,Regular
35.0,,5.0,mobile,South,Regular
47.0,77835.1,2.0,mobile,South,Regular
30.0,89743.35,4.0,desktop,East,Premium
21.0,52868.16,7.0,desktop,East,Regular
40.0,38192.6,9.0,desktop,East,Regular
54.0,71362.45,3.0,mobile,South,Regular
51.0,,1.0,mobile,South,Regular
45.0,49931.66,5.0,desktop,North,Regular
55.0,83804.53,7.0,mobile,South,Premium
26.0,66074.98,3.0,mobile,West,Regular
54.0,76968.66,9.0,desktop,South,Premium
32.0,28049.76,9.0,mobile,East,Regular
36.0,55738.86,7.0,mobile,South,Regular
18.0,77416.07,8.0,desktop,South,Premium
35.0,29408.39,5.0,desktop,North,Regular
41.0,59002.59,6.0,mobile,West,Regular
57.0,63121.79,4.0,mobile,West,Regular
26.0,12000.0,7.0,mobile,West,Budget
68.0,86975.54,2.0,mobile,South,Regular
27.0,40780.52,7.0,tablet,West,Regular
29.0,52282.35,4.0,desktop,East,Regular
69.0,88627.52,5.0,desktop,East,Premium
39.0,19256.07,4.0,desktop,South,Regular
39.0,64337.28,2.0,mobile,South,Regular
32.0,46110.9,10.0,mobile,East,Regular
46.0,55925.52,5.0,desktop,North,Regular
68.0,38668.16,3.0,mobile,East,Budget
66.0,82340.4,10.0,mobile,East,Premium
18.0,32647.76,7.0,desktop,South,Regular
44.0,62296.05,3.0,desktop,South,Regular
64.0,65890.81,5.0,mobile,North,Regular
19.0,53218.57,8.0,mobile,East,Regular
57.0,49589.53,6.0,tablet,North,Regular
39.0,49756.7,0.0,mobile,South,Budget
35.0,75524.68,6.0,desktop,South,Premium
28.0,64107.11,2.0,mobile,East,Regular
53.0,53425.46,5.0,mobile,West,Regular
21.0,33240.39,5.0,desktop,West,Regular
37.0,58246.58,2.0,desktop,West,Regular
28.0,65731.49,5.0,mobile,East,Regular
51.0,54424.05,9.0,desktop,West,Regular
32.0,83814.27,7.0,mobile,South,Premium
40.0,16862.08,7.0,mobile,East,Regular
39.0,104947.46,5.0,tablet,West,Premium
65.0,51401.08,4.0,desktop,West,Regular
40.0,32268.85,11.0,mobile,West,Regular
41.0,20173.75,6.0,desktop,North,Regular
63.0,72427.56,14.0,mobile,East,Regular
60.0,66530.07,5.0,desktop,West,Regular
51.0,50734.69,6.0,desktop,North,Regular
47.0,54097.0,4.0,mobile,East,Regular
67.0,58463.04,11.0,tablet,North,Regular
37.0,46606.16,1.0,desktop,East,Regular
56.0,78157.3,12.0,mobile,East,Premium
68.0,67602.96,3.0,mobile,South,Regular
53.0,52680.96,5.0,desktop,South,Regular
28.0,22296.76,4.0,mobile,West,Budget
65.0,82506.29,5.0,mobile,West,Regular
65.0,45537.59,5.0,tablet,North,Budget
52.0,34386.13,4.0,desktop,North,Regular
69.0,80892.48,9.0,mobile,South,Premium
31.0,65073.48,6.0,mobile,East,Regular
62.0,14797.06,8.0,mobile,East,Budget
30.0,21839.44,2.0,desktop,North,Budget
49.0,47151.24,6.0,mobile,North,Regular
33.0,29954.63,3.0,desktop,South,Regular
50.0,52020.19,4.0,desktop,South,Regular
59.0,107441.72,9.0,mobile,West,Premium
66.0,114746.51,5.0,desktop,West,Premium
20.0,54288.54,5.0,mobile,East,Regular
40.0,,6.0,desktop,East,Regular
64.0,72953.39,10.0,desktop,East,Regular
60.0,52751.18,9.0,desktop,North,Regular
39.0,25594.98,6.0,mobile,East,Budget
58.0,76651.7,6.0,mobile,South,Regular
32.0,51603.45,10.0,mobile,North,Regular
62.0,64239.4,6.0,mobile,East,Regular
47.0,69325.06,7.0,desktop,North,Premium
40.0,38984.49,5.0,mobile,West,Regular
47.0,88926.25,6.0,desktop,East,Premium
51.0,56675.34,2.0,mobile,North,Premium
32.0,59669.74,3.0,mobile,West,Regular
22.0,46507.6,12.0,mobile,South,Regular
27.0,69389.85,4.0,mobile,West,Regular
21.0,75439.01,5.0,desktop,North,Premium
57.0,,8.0,mobile,West,Regular
23.0,66885.42,5.0,desktop,North,Premium
28.0,46478.37,5.0,desktop,East,Regular
56.0,30535.83,2.0,mobile,North,Budget
46.0,48583.98,2.0,desktop,West,Regular
36.0,67388.52,10.0,desktop,West,Premium
35.0,66254.93,9.0,mobile,East,Regular
65.0,76815.38,6.0,mobile,North,Regular
38.0,41692.87,5.0,mobile,East,Regular
22.0,49129.99,5.0,desktop,West,Regular
59.0,56656.43,7.0,desktop,North,Regular
26.0,67634.21,2.0,tablet,West,Regular
66.0,52865.28,9.0,mobile,East,Regular
61.0,36173.33,7.0,mobile,North,Regular
46.0,24163.85,5.0,mobile,West,Budget
39.0,78835.13,3.0,mobile,East,Regular
61.0,76637.68,10.0,mobile,North,Premium
29.0,41896.77,2.0,desktop,South,Regular
26.0,84882.69,5.0,desktop,South,Premium
58.0,53960.67,4.0,tablet,North,Regular
33.0,64350.09,3.0,desktop,West,Regular
30.0,80546.48,7.0,desktop,East,Premium
56.0,45624.78,5.0,desktop,East,Regular
68.0,39708.8,6.0,mobile,North,Budget
60.0,20436.86,7.0,desktop,South,Regular
32.0,61380.25,10.0,mobile,North,Premium
60.0,64300.88,9.0,mobile,North,Regular
62.0,72583.82,8.0,desktop,South,Premium
55.0,67398.4,3.0,tablet,North,Regular
42.0,57389.77,7.0,desktop,East,Regular
54.0,78327.22,2.0,mobile,North,Regular
66.0,34712.13,6.0,desktop,South,Regular
19.0,63114.81,5.0,mobile,East,Regular
33.0,65598.61,7.0,desktop,North,Premium
56.0,52874.95,3.0,mobile,North,Budget
66.0,89949.51,6.0,mobile,West,Regular
35.0,64106.77,2.0,tablet,South,Budget
33.0,82351.28,10.0,mobile,West,Premium
63.0,73312.17,9.0,desktop,North,Premium
41.0,51716.1,4.0,desktop,South,Regular
19.0,94132.01,4.0,desktop,South,Premium
50.0,77593.7,7.0,desktop,East,Premium
18.0,55690.9,2.0,desktop,West,Regular
46.0,52930.22,7.0,desktop,West,Regular
40.0,34533.43,9.0,desktop,East,Regular
52.0,52291.7,3.0,mobile,North,Budget
32.0,50574.14,4.0,mobile,North,Regular
54.0,59529.37,6.0,mobile,South,Regular
23.0,46835.31,7.0,tablet,North,Regular
31.0,66792.93,8.0,mobile,North,Regular
67.0,53671.94,6.0,desktop,East,Regular
18.0,23591.31,9.0,mobile,North,Regular
69.0,45158.68,8.0,desktop,West,Regular
55.0,37282.55,3.0,desktop,East,Budget
43.0,29743.46,2.0,mobile,North,Budget
49.0,50245.2,5.0,mobile,North,Regular
37.0,73688.48,9.0,desktop,North,Premium
47.0,32883.11,5.0,mobile,South,Budget
29.0,15103.79,3.0,mobile,West,Budget
43.0,52095.4,10.0,desktop,South,Premium
39.0,115354.41,10.0,desktop,North,Regular
66.0,43495.5,6.0,desktop,West,Regular
66.0,60812.77,7.0,mobile,North,Regular
33.0,47090.74,7.0,desktop,West,Regular
50.0,72610.63,4.0,desktop,East,Regular
65.0,84312.28,9.0,tablet,South,Premium
36.0,52180.71,3.0,desktop,North,Regular
26.0,79132.21,10.0,desktop,East,Premium
68.0,33611.93,2.0,mobile,East,Budget
54.0,59573.49,6.0,desktop,South,Regular
33.0,29890.2,6.0,desktop,East,Regular
66.0,59152.65,8.0,desktop,East,Regular
63.0,43081.92,6.0,desktop,West,Regular
26.0,60205.95,8.0,mobile,East,Regular
38.0,32897.39,3.0,desktop,North,Regular
58.0,60040.52,6.0,desktop,South,Regular
30.0,57681.54,8.0,desktop,North,Premium
32.0,43958.03,3.0,desktop,East,Regular
45.0,39293.0,5.0,mobile,North,Budget
21.0,31611.58,8.0,mobile,South,Regular
41.0,47467.79,2.0,desktop,North,Regular
40.0,63490.02,6.0,mobile,West,Regular
24.0,52756.98,5.0,desktop,North,Regular
54.0,58577.12,3.0,mobile,West,Regular
47.0,80905.35,10.0,desktop,North,Regular
32.0,48971.01,8.0,desktop,West,Regular
42.0,61353.61,3.0,mobile,East,Regular
67.0,72095.93,3.0,tablet,North,Regular
34.0,65800.36,8.0,mobile,West,Regular
18.0,63224.68,6.0,desktop,North,Premium
26.0,57068.1,6.0,desktop,East,Regular
31.0,94190.93,5.0,desktop,East,Premium
23.0,53959.22,5.0,mobile,South,Regular
35.0,47712.18,5.0,desktop,East,Regular
40.0,67355.43,6.0,mobile,North,Regular
37.0,88326.88,4.0,desktop,West,Premium
52.0,83907.34,9.0,mobile,East,Premium
33.0,56151.77,4.0,mobile,East,Premium
27.0,72216.94,14.0,mobile,South,Premium
19.0,,8.0,tablet,East,Regular
57.0,57006.11,9.0,mobile,South,Regular
28.0,68605.38,10.0,mobile,South,Premium
32.0,67941.23,4.0,mobile,North,Regular
31.0,58333.95,6.0,mobile,North,Regular
68.0,90123.35,8.0,mobile,North,Premium
52.0,47943.3,1.0,mobile,South,Budget
49.0,83507.46,5.0,desktop,South,Premium
37.0,97662.37,4.0,desktop,East,Premium
61.0,97954.81,3.0,desktop,East,Premium
55.0,61003.58,8.0,desktop,East,Regular
67.0,51843.8,16.0,desktop,West,Premium
41.0,23446.33,7.0,desktop,West,Regular
29.0,54367.45,10.0,desktop,West,Premium
35.0,104519.02,10.0,desktop,East,Premium
59.0,24063.81,3.0,mobile,South,Budget
26.0,24495.98,5.0,desktop,West,Regular
49.0,72327.91,2.0,mobile,South,Regular
29.0,67928.98,10.0,desktop,East,Premium
62.0,18906.86,6.0,desktop,East,Budget
64.0,54361.94,9.0,mobile,East,Regular
53.0,62353.97,3.0,mobile,North,Regular
41.0,25105.68,6.0,mobile,North,Budget
51.0,74798.84,3.0,desktop,North,Regular
34.0,28915.17,5.0,desktop,North,Budget
51.0,78240.07,7.0,desktop,East,Premium
29.0,59589.23,5.0,desktop,North,Regular
38.0,41524.24,2.0,mobile,West,Budget
63.0,23234.22,4.0,desktop,North,Budget
23.0,48657.27,5.0,mobile,East,Regular
54.0,53603.4,5.0,mobile,West,Regular
34.0,52900.65,2.0,desktop,South,Regular
54.0,43586.79,2.0,desktop,North,Regular
53.0,,9.0,desktop,South,Regular
59.0,72990.82,7.0,mobile,South,Regular
51.0,37235.6,3.0,tablet,South,Budget
30.0,51296.89,9.0,mobile,North,Regular
51.0,64705.84,7.0,mobile,West,Regular
56.0,55048.14,10.0,mobile,South,Regular
41.0,72839.8,5.0,desktop,West,Premium
21.0,86672.47,4.0,desktop,South,Premium
62.0,48378.21,10.0,mobile,West,Regular
52.0,59805.09,4.0,tablet,North,Regular
32.0,12000.0,6.0,mobile,South,Budget
34.0,48498.84,6.0,mobile,South,Regular
64.0,68914.7,5.0,mobile,East,Regular
52.0,32978.5,6.0,mobile,East,Budget
57.0,82140.46,11.0,mobile,East,Premium
29.0,17654.02,8.0,desktop,North,Regular
26.0,82536.67,6.0,mobile,West,Premium
36.0,45073.6,5.0,desktop,East,Regular
57.0,34940.55,10.0,mobile,West,Regular
52.0,45676.57,7.0,mobile,West,Regular
30.0,50075.18,3.0,mobile,South,Regular
66.0,35039.64,7.0,mobile,West,Budget
24.0,27691.69,4.0,desktop,West,Regular
35.0,44894.62,6.0,desktop,West,Regular
52.0,74413.83,7.0,mobile,West,Regular
26.0,63537.12,6.0,mobile,West,Regular
43.0,82332.12,7.0,mobile,North,Premium
24.0,43137.1,6.0,tablet,South,Regular
58.0,48241.21,6.0,desktop,East,Regular
52.0,48667.99,2.0,mobile,North,Budget
19.0,58247.13,1.0,desktop,East,Regular
64.0,64623.14,3.0,mobile,North,Regular
63.0,90620.13,6.0,tablet,East,Regular
18.0,69466.47,5.0,desktop,West,Premium
48.0,58649.32,5.0,desktop,South,Regular
35.0,82552.58,9.0,mobile,East,Premium
40.0,,6.0,desktop,West,Premium
26.0,28970.17,5.0,mobile,South,Budget
29.0,68718.05,9.0,mobile,North,Premium
67.0,58674.65,4.0,mobile,West,Regular
32.0,57729.59,7.0,mobile,South,Regular
24.0,74021.28,12.0,desktop,East,Premium
59.0,48598.07,7.0,mobile,West,Regular
21.0,53058.99,6.0,mobile,South,Regular
68.0,,3.0,mobile,West,Regular
57.0,68338.22,4.0,mobile,North,Regular
18.0,75053.34,3.0,desktop,North,Premium
69.0,57649.24,4.0,desktop,North,Regular
44.0,60608.79,5.0,mobile,North,Regular
58.0,12000.0,2.0,mobile,South,Budget
49.0,79831.99,6.0,mobile,West,Regular
23.0,23794.64,9.0,desktop,North,Regular
50.0,54381.64,5.0,desktop,West,Regular
39.0,106122.04,8.0,tablet,North,Premium
56.0,48702.08,7.0,desktop,East,Regular
45.0,23507.75,4.0,mobile,West,Budget
46.0,87599.79,6.0,mobile,West,Premium
64.0,44124.0,5.0,desktop,North,Regular
36.0,51965.68,8.0,mobile,South,Regular
57.0,51924.51,5.0,mobile,North,Regular
26.0,69981.61,10.0,desktop,West,Premium
21.0,70823.44,10.0,desktop,West,Premium
52.0,52749.2,8.0,desktop,North,Regular
41.0,77510.31,6.0,mobile,North,Regular
46.0,37127.97,7.0,desktop,North,Regular
58.0,68754.14,10.0,mobile,West,Regular
52.0,42722.49,4.0,mobile,South,Budget
46.0,69223.28,9.0,tablet,West,Regular
64.0,41808.46,7.0,desktop,West,Regular
52.0,46395.97,5.0,mobile,South,Regular
68.0,84774.92,7.0,tablet,West,Regular
68.0,32678.03,8.0,mobile,South,Regular
65.0,31649.34,1.0,mobile,East,Budget
68.0,66679.7,4.0,mobile,West,Regular
26.0,49786.02,6.0,desktop,East,Regular
61.0,46555.1,7.0,desktop,South,Regular
67.0,52312.63,7.0,desktop,South,Regular
47.0,97677.55,4.0,mobile,West,Premium
28.0,34415.61,7.0,mobile,South,Regular
33.0,49735.5,5.0,desktop,West,Regular
60.0,58475.76,4.0,mobile,North,Regular
26.0,36306.7,5.0,tablet,East,Budget
39.0,54433.2,6.0,desktop,West,Regular
26.0,64846.38,4.0,mobile,North,Regular
69.0,36901.06,5.0,tablet,South,Budget
51.0,77500.3,3.0,mobile,South,Regular
19.0,32226.51,2.0,desktop,South,Budget
58.0,52225.32,5.0,mobile,East,Regular
27.0,61847.07,10.0,mobile,North,Premium
62.0,118828.73,1.0,desktop,East,Premium
47.0,20067.4,0.0,tablet,North,Budget
65.0,60747.22,8.0,desktop,North,Regular
25.0,105582.81,4.0,tablet,North,Premium
32.0,43148.43,7.0,desktop,East,Regular
27.0,76902.69,6.0,mobile,South,Regular
35.0,59383.8,1.0,desktop,East,Regular
63.0,26465.34,5.0,desktop,West,Budget
28.0,62977.48,5.0,tablet,North,Budget
63.0,37257.43,6.0,mobile,West,Budget
46.0,56808.28,7.0,mobile,North,Regular
18.0,25053.21,2.0,mobile,North,Budget
67.0,69693.21,8.0,mobile,South,Regular
35.0,12000.0,6.0,desktop,North,Budget
57.0,51660.66,7.0,desktop,East,Regular
38.0,80831.53,4.0,tablet,West,Regular
40.0,65384.1,8.0,mobile,North,Regular
22.0,48068.69,5.0,mobile,South,Regular
26.0,50368.66,10.0,tablet,South,Regular
49.0,46526.32,5.0,mobile,North,Regular
61.0,109433.27,5.0,desktop,North,Budget
40.0,53987.38,6.0,tablet,East,Regular
64.0,54760.29,9.0,mobile,West,Regular
64.0,40336.5,8.0,desktop,South,Regular
57.0,45535.63,10.0,desktop,North,Regular
58.0,67234.2,6.0,mobile,East,Regular
33.0,42837.06,6.0,mobile,West,Regular
28.0,38898.84,8.0,mobile,East,Regular
38.0,44010.72,4.0,mobile,North,Regular
65.0,47961.97,7.0,mobile,East,Regular
48.0,58486.94,5.0,desktop,East,Regular
53.0,45309.31,7.0,mobile,North,Regular
65.0,51184.0,6.0,desktop,West,Regular
60.0,40008.62,5.0,tablet,South,Budget
30.0,79759.45,6.0,mobile,East,Premium
61.0,56822.1,2.0,mobile,East,Budget
39.0,48728.08,10.0,desktop,East,Regular
57.0,60822.06,6.0,mobile,West,Regular
21.0,54099.76,5.0,mobile,East,Regular
30.0,23661.63,7.0,tablet,South,Budget
18.0,51406.86,3.0,mobile,South,Regular
69.0,88046.03,3.0,desktop,East,Regular
30.0,65105.76,6.0,mobile,South,Regular
56.0,78551.35,6.0,desktop,South,Premium
60.0,41594.76,11.0,mobile,East,Regular
31.0,25276.63,8.0,tablet,North,Regular
53.0,41049.81,5.0,mobile,South,Budget
42.0,82033.09,4.0,mobile,North,Regular
42.0,35014.98,5.0,mobile,East,Budget
31.0,39121.41,9.0,mobile,North,Regular
39.0,77107.27,6.0,mobile,North,Regular
29.0,49990.98,10.0,tablet,South,Regular
31.0,51030.38,5.0,desktop,South,Regular
36.0,62614.97,6.0,mobile,South,Regular
57.0,56739.82,4.0,mobile,South,Regular
54.0,48935.51,11.0,desktop,South,Premium
43.0,60062.49,12.0,mobile,East,Premium
35.0,40708.77,8.0,desktop,South,Regular
21.0,54145.56,4.0,mobile,West,Regular
33.0,68114.59,6.0,desktop,North,Premium
50.0,33782.6,5.0,mobile,South,Budget
63.0,50733.09,7.0,desktop,North,Regular
69.0,32127.35,4.0,desktop,South,Budget
60.0,69916.99,10.0,mobile,North,Regular
21.0,67303.37,6.0,mobile,South,Budget
53.0,73853.23,9.0,desktop,West,Premium
69.0,75648.92,1.0,desktop,West,Regular
23.0,75482.57,5.0,mobile,East,Regular
23.0,69341.32,4.0,desktop,South,Regular
65.0,39443.82,9.0,desktop,South,Regular
34.0,73709.64,4.0,mobile,South,Regular
68.0,,5.0,mobile,East,Budget
68.0,101647.86,9.0,mobile,West,Premium
43.0,60773.8,11.0,desktop,South,Premium
68.0,66862.8,4.0,desktop,East,Regular
45.0,30331.58,5.0,desktop,North,Regular
27.0,76444.48,3.0,mobile,East,Regular
49.0,78468.16,5.0,desktop,South,Premium
55.0,23602.76,9.0,mobile,East,Regular
48.0,43851.11,6.0,mobile,West,Regular
49.0,45620.13,8.0,mobile,West,Regular
36.0,42020.79,8.0,mobile,North,Regular
38.0,82636.86,5.0,mobile,East,Regular
21.0,98296.19,5.0,tablet,East,Premium
58.0,33679.81,6.0,mobile,East,Budget
66.0,75972.56,4.0,mobile,North,Regular
51.0,49742.18,6.0,mobile,East,Regular
36.0,82401.17,6.0,mobile,North,Premium
29.0,12000.0,7.0,mobile,East,Budget
64.0,46298.42,4.0,desktop,North,Regular
43.0,79314.34,6.0,mobile,East,Regular
63.0,39764.95,4.0,mobile,East,Budget
54.0,78792.75,9.0,tablet,North,Premium
29.0,44741.09,5.0,tablet,South,Regular
50.0,77749.49,3.0,desktop,East,Regular
26.0,66654.12,3.0,desktop,South,Regular
46.0,46557.94,5.0,desktop,West,Regular
30.0,39695.89,7.0,desktop,South,Regular
56.0,51572.63,9.0,desktop,North,Regular
48.0,78153.1,9.0,mobile,West,Premium
25.0,54815.2,6.0,mobile,North,Regular
39.0,41657.27,6.0,mobile,East,Regular
20.0,121408.24,9.0,mobile,East,Premium
68.0,23383.89,8.0,tablet,North,Budget
19.0,50406.7,5.0,desktop,North,Regular
42.0,65776.77,5.0,mobile,East,Regular
50.0,34022.76,8.0,mobile,North,Budget
31.0,54699.05,6.0,desktop,North,Regular
40.0,46509.02,3.0,desktop,West,Regular
34.0,25294.72,5.0,mobile,North,Regular
61.0,64046.86,7.0,desktop,East,Regular
54.0,32142.32,9.0,mobile,South,Regular
68.0,39845.71,5.0,tablet,West,Budget
61.0,79608.3,3.0,tablet,North,Regular
23.0,32526.4,10.0,desktop,South,Regular
63.0,67007.31,3.0,desktop,East,Regular
37.0,78593.71,5.0,desktop,North,Premium
36.0,74803.73,1.0,desktop,South,Regular
39.0,64298.98,9.0,mobile,West,Regular
45.0,50210.02,6.0,mobile,West,Regular
46.0,26818.3,6.0,mobile,South,Budget
19.0,57786.58,7.0,desktop,West,Premium
65.0,63791.37,7.0,mobile,East,Regular
39.0,44674.67,5.0,desktop,East,Budget
49.0,35129.34,1.0,mobile,North,Budget
31.0,72252.61,4.0,desktop,West,Regular
33.0,33744.85,5.0,desktop,East,Budget
51.0,63695.65,4.0,desktop,East,Regular
52.0,45212.16,5.0,mobile,North,Regular
42.0,21093.29,10.0,mobile,North,Regular
35.0,87143.67,7.0,mobile,South,Premium
19.0,67047.2,8.0,mobile,South,Premium
46.0,65668.97,5.0,desktop,West,Regular
21.0,26462.0,2.0,mobile,East,Budget
23.0,52214.1,12.0,mobile,West,Premium
31.0,60364.78,7.0,mobile,East,Regular
47.0,39807.25,7.0,desktop,East,Regular
19.0,87769.22,10.0,desktop,East,Premium
42.0,14248.25,4.0,mobile,West,Budget
45.0,68783.12,1.0,mobile,West,Regular
51.0,16810.14,7.0,desktop,East,Regular
65.0,23257.76,11.0,desktop,North,Regular
47.0,28945.66,12.0,desktop,East,Regular
31.0,66001.07,3.0,mobile,West,Regular
47.0,40230.11,7.0,mobile,East,Regular
65.0,41044.25,7.0,mobile,South,Regular
56.0,36286.25,5.0,mobile,North,Budget
33.0,24799.85,6.0,mobile,West,Budget
24.0,36401.0,4.0,mobile,West,Budget
43.0,34603.84,3.0,desktop,East,Regular
57.0,47876.51,6.0,desktop,North,Regular
48.0,46656.56,5.0,mobile,North,Regular
50.0,12000.0,1.0,mobile,East,Budget
29.0,,6.0,mobile,North,Regular
53.0,78401.37,2.0,desktop,West,Regular
50.0,44579.78,7.0,desktop,East,Regular
38.0,52512.29,7.0,desktop,West,Regular
55.0,39466.54,9.0,desktop,West,Regular
22.0,40108.63,7.0,desktop,West,Regular
26.0,52312.57,2.0,mobile,South,Regular
65.0,26706.66,5.0,desktop,South,Budget
42.0,50337.47,7.0,mobile,West,Regular
61.0,20281.13,8.0,desktop,North,Regular
49.0,60278.63,7.0,mobile,North,Regular
68.0,22004.03,6.0,tablet,West,Budget
53.0,66567.63,4.0,mobile,South,Regular
41.0,73731.89,10.0,mobile,South,Premium
67.0,20910.9,6.0,desktop,West,Budget
64.0,66894.49,8.0,desktop,South,Budget
64.0,45167.43,3.0,desktop,South,Regular
63.0,76581.15,3.0,mobile,South,Regular
35.0,,5.0,desktop,East,Regular
46.0,47560.42,7.0,mobile,South,Regular
67.0,47354.45,5.0,desktop,South,Regular
64.0,78343.89,12.0,mobile,South,Premium
43.0,14389.28,5.0,mobile,North,Budget
60.0,68449.73,7.0,mobile,North,Regular
52.0,54957.5,4.0,desktop,North,Regular
23.0,43292.33,4.0,mobile,South,Regular
50.0,48297.79,9.0,mobile,West,Regular
24.0,71739.52,5.0,mobile,West,Regular
65.0,,6.0,mobile,East,Regular
39.0,86943.04,18.0,desktop,West,Premium
26.0,40170.18,6.0,mobile,East,Regular
45.0,15143.32,4.0,desktop,West,Premium
22.0,41922.11,7.0,mobile,North,Regular
51.0,49101.98,9.0,mobile,East,Regular
61.0,44195.93,10.0,mobile,West,Budget
47.0,77407.93,5.0,mobile,East,Regular
34.0,98563.41,8.0,mobile,North,Premium
63.0,60557.96,7.0,mobile,East,Regular
20.0,17257.42,4.0,mobile,South,Budget
59.0,73735.56,2.0,desktop,South,Regular
55.0,40031.08,3.0,tablet,South,Budget
23.0,53784.84,7.0,mobile,East,Premium
69.0,69729.56,4.0,desktop,East,Regular
35.0,60275.06,6.0,desktop,East,Regular
67.0,51550.04,4.0,tablet,East,Budget
64.0,58646.19,7.0,desktop,East,Regular
26.0,68076.83,5.0,tablet,South,Regular
57.0,65456.45,6.0,tablet,North,Regular
47.0,94332.44,4.0,mobile,South,Regular
18.0,12000.0,9.0,tablet,West,Regular
37.0,37226.64,2.0,desktop,South,Regular
50.0,41170.52,8.0,desktop,North,Regular
24.0,69371.83,11.0,desktop,West,Premium
24.0,57304.53,4.0,mobile,East,Regular
43.0,69900.74,3.0,desktop,South,Regular
44.0,24322.02,14.0,desktop,West,Regular
65.0,48481.96,4.0,mobile,South,Budget
69.0,65766.67,7.0,desktop,East,Regular
62.0,51826.8,3.0,mobile,East,Budget
21.0,44864.84,2.0,desktop,South,Regular
48.0,58313.09,5.0,mobile,North,Regular
60.0,85817.52,6.0,mobile,East,Regular
45.0,12000.0,2.0,mobile,East,Budget
43.0,84618.87,6.0,mobile,West,Regular
20.0,58417.75,4.0,desktop,West,Regular
68.0,35718.26,9.0,desktop,West,Regular
43.0,66015.04,6.0,mobile,North,Budget
62.0,53655.65,11.0,mobile,South,Regular
44.0,77018.73,8.0,desktop,South,Premium
21.0,36729.71,7.0,mobile,East,Regular
28.0,72187.65,7.0,mobile,South,Regular
51.0,34716.75,5.0,mobile,East,Budget
31.0,59225.62,7.0,tablet,North,Regular
62.0,66758.57,3.0,desktop,North,Regular
37.0,51214.23,8.0,mobile,East,Regular
32.0,65656.03,9.0,desktop,East,Premium
35.0,40924.68,7.0,desktop,West,Regular
54.0,74087.58,3.0,tablet,East,Regular
30.0,42781.58,7.0,mobile,East,Regular
31.0,38766.3,10.0,desktop,East,Regular
66.0,50526.9,8.0,mobile,West,Regular
28.0,51818.78,3.0,tablet,South,Regular
38.0,36088.01,5.0,desktop,South,Regular
35.0,68793.67,6.0,mobile,North,Budget
35.0,50384.77,9.0,mobile,East,Regular
33.0,64965.93,6.0,desktop,North,Premium
24.0,,8.0,mobile,North,Regular
68.0,26564.77,7.0,desktop,South,Regular
69.0,47541.81,4.0,desktop,North,Regular
30.0,33014.87,5.0,tablet,North,Budget
65.0,50208.43,2.0,mobile,East,Budget
40.0,64076.0,5.0,desktop,East,Regular
59.0,75158.86,10.0,desktop,North,Premium
43.0,82256.65,4.0,mobile,East,Regular
34.0,68586.39,6.0,mobile,West,Regular
53.0,38738.9,8.0,mobile,South,Regular
39.0,63872.31,14.0,desktop,West,Premium
68.0,42404.65,1.0,mobile,West,Budget
66.0,63713.9,7.0,mobile,East,Regular
49.0,31799.23,8.0,desktop,East,Regular
50.0,79783.4,7.0,desktop,West,Premium
62.0,61162.04,6.0,tablet,West,Regular
64.0,47168.34,5.0,mobile,West,Regular
24.0,25689.23,8.0,mobile,East,Regular
23.0,58523.26,9.0,mobile,North,Regular
52.0,42381.13,6.0,mobile,East,Regular
65.0,57929.54,7.0,desktop,East,Regular
26.0,38661.09,3.0,mobile,South,Budget
61.0,42055.69,4.0,mobile,South,Budget
63.0,65340.68,9.0,mobile,South,Regular
47.0,82486.33,3.0,mobile,East,Regular
48.0,27628.59,3.0,mobile,South,Budget
52.0,49034.49,8.0,tablet,East,Regular
25.0,60735.17,7.0,mobile,East,Regular
31.0,,6.0,mobile,East,Regular
62.0,44148.92,6.0,mobile,West,Regular
48.0,96223.92,8.0,desktop,East,Premium
45.0,36140.95,3.0,desktop,North,Regular
53.0,60155.84,5.0,tablet,West,Regular
43.0,43182.94,5.0,tablet,East,Regular
66.0,51017.25,5.0,desktop,North,Regular
22.0,12000.0,2.0,mobile,South,Budget
53.0,70690.45,10.0,mobile,South,Premium
65.0,48740.51,8.0,tablet,East,Regular
45.0,33643.14,6.0,desktop,East,Regular
44.0,86219.09,9.0,desktop,South,Premium
64.0,47423.74,3.0,mobile,West,Budget
62.0,40699.57,7.0,mobile,North,Regular
37.0,36051.45,6.0,mobile,East,Regular
21.0,74303.16,6.0,tablet,South,Regular
67.0,,4.0,mobile,West,Regular
53.0,46783.42,8.0,mobile,West,Regular
67.0,26490.1,12.0,mobile,West,Regular
37.0,34914.79,6.0,mobile,North,Regular
50.0,,9.0,desktop,West,Premium
45.0,52551.85,7.0,mobile,West,Regular
37.0,12719.85,5.0,mobile,East,Budget
50.0,35498.12,9.0,mobile,East,Regular
41.0,57512.16,11.0,mobile,North,Regular
60.0,106642.94,7.0,desktop,North,Premium
29.0,37915.32,5.0,desktop,North,Regular
66.0,12000.0,6.0,mobile,West,Budget
50.0,68296.83,7.0,mobile,East,Regular
26.0,,5.0,desktop,North,Regular
20.0,26554.46,7.0,mobile,South,Regular
62.0,64242.18,8.0,tablet,South,Regular
53.0,48329.95,10.0,mobile,North,Regular
24.0,33703.49,6.0,desktop,West,Regular
62.0,,6.0,mobile,East,Budget
18.0,50513.1,8.0,mobile,West,Regular
34.0,54708.96,12.0,desktop,West,Premium
33.0,17416.16,1.0,desktop,West,Budget
47.0,72684.47,2.0,desktop,North,Regular
32.0,27596.64,7.0,tablet,East,Regular
62.0,80993.24,5.0,mobile,West,Regular
58.0,59612.8,11.0,mobile,West,Regular
35.0,49245.86,7.0,desktop,South,Regular
47.0,59691.56,7.0,mobile,North,Regular
23.0,41120.79,7.0,mobile,South,Regular
38.0,51670.19,6.0,mobile,East,Regular
25.0,85917.33,8.0,desktop,South,Premium
59.0,41554.92,6.0,mobile,East,Regular
29.0,69321.61,5.0,mobile,West,Regular
66.0,35031.67,2.0,desktop,West,Budget
56.0,52595.22,8.0,tablet,West,Regular
51.0,72264.01,6.0,tablet,North,Regular
40.0,28951.34,5.0,mobile,West,Budget
51.0,59699.35,8.0,mobile,East,Regular
39.0,12000.0,6.0,desktop,West,Budget
62.0,30047.51,10.0,mobile,West,Regular
60.0,44620.19,7.0,mobile,East,Regular
33.0,70635.8,6.0,mobile,South,Regular
67.0,67323.88,6.0,desktop,East,Regular
69.0,34700.16,6.0,tablet,South,Budget
27.0,50358.54,5.0,mobile,North,Regular
27.0,56705.08,5.0,desktop,South,Regular
18.0,21706.37,3.0,mobile,West,Budget
20.0,61453.72,6.0,mobile,South,Regular
23.0,80000.96,11.0,mobile,North,Premium
60.0,77858.12,4.0,mobile,North,Regular
58.0,41163.87,3.0,mobile,West,Budget
27.0,44823.76,4.0,tablet,South,Regular
57.0,34269.7,9.0,mobile,West,Regular
35.0,43077.67,5.0,desktop,South,Regular
37.0,47991.26,14.0,desktop,West,Budget
44.0,66624.3,4.0,desktop,West,Regular
50.0,54637.14,3.0,mobile,East,Regular
23.0,34421.43,5.0,mobile,East,Regular
64.0,69381.25,7.0,desktop,West,Regular
40.0,70603.18,5.0,mobile,East,Regular
41.0,40780.65,4.0,desktop,West,Regular
36.0,48055.24,5.0,tablet,South,Regular
60.0,50946.03,6.0,mobile,East,Regular
22.0,20111.02,6.0,mobile,East,Budget
19.0,55703.31,9.0,mobile,West,Regular
49.0,66450.15,9.0,mobile,South,Regular
63.0,91945.93,8.0,mobile,East,Premium
41.0,56847.7,1.0,mobile,North,Budget
28.0,47305.26,0.0,mobile,North,Budget
26.0,50057.72,7.0,desktop,North,Regular
41.0,65243.07,7.0,desktop,North,Premium
58.0,68949.25,4.0,mobile,South,Regular
68.0,35849.11,4.0,desktop,North,Budget
39.0,56877.67,4.0,mobile,North,Regular
37.0,66108.26,5.0,tablet,North,Regular
19.0,12875.56,8.0,desktop,South,Regular
62.0,80471.13,5.0,desktop,South,Premium
63.0,48775.27,6.0,mobile,East,Regular
27.0,70478.39,7.0,mobile,North,Regular
39.0,52137.66,7.0,mobile,South,Regular
26.0,48149.88,6.0,mobile,North,Regular
22.0,51561.58,6.0,desktop,East,Regular
59.0,58828.36,5.0,desktop,North,Regular
33.0,70461.69,1.0,mobile,North,Regular
63.0,47806.58,3.0,mobile,West,Budget
31.0,30684.31,5.0,mobile,South,Budget
26.0,39119.63,4.0,mobile,East,Regular
20.0,33573.85,9.0,mobile,West,Regular
37.0,68310.54,9.0,desktop,East,Premium
35.0,33949.18,4.0,mobile,East,Budget
33.0,83527.8,5.0,tablet,West,Regular
26.0,55740.12,4.0,desktop,East,Budget
22.0,51374.37,5.0,mobile,North,Regular
29.0,79263.48,8.0,mobile,South,Premium
50.0,45817.11,5.0,mobile,South,Regular
53.0,47259.48,2.0,desktop,East,Regular
23.0,68764.06,5.0,desktop,South,Premium
26.0,67976.87,7.0,mobile,East,Regular
49.0,33245.45,6.0,mobile,East,Budget
19.0,102358.4,10.0,mobile,North,Premium
39.0,64572.53,3.0,desktop,East,Regular
27.0,28125.35,11.0,mobile,East,Regular
66.0,49741.14,8.0,mobile,East,Regular
33.0,71756.02,5.0,mobile,North,Regular
37.0,57643.35,7.0,desktop,East,Regular
26.0,70393.03,8.0,desktop,West,Premium
41.0,100589.63,5.0,desktop,South,Premium
49.0,71905.49,13.0,desktop,South,Premium
53.0,93459.7,1.0,tablet,North,Regular
63.0,66934.1,4.0,mobile,North,Regular
26.0,40039.7,4.0,desktop,East,Regular
61.0,83588.33,2.0,mobile,South,Regular
53.0,39382.55,7.0,mobile,South,Regular
42.0,72545.52,3.0,mobile,South,Regular
63.0,66501.66,4.0,mobile,West,Regular
58.0,36528.67,3.0,mobile,South,Budget
46.0,39401.74,9.0,desktop,North,Regular
59.0,49993.49,10.0,mobile,West,Regular
51.0,61569.15,4.0,desktop,North,Regular
51.0,80236.23,15.0,desktop,South,Premium
25.0,55135.57,3.0,desktop,South,Regular
59.0,91693.39,5.0,mobile,East,Premium
20.0,71197.74,4.0,desktop,East,Premium
37.0,40949.34,6.0,desktop,East,Regular
29.0,41432.16,3.0,desktop,South,Regular
56.0,55540.71,5.0,desktop,South,Regular
49.0,43470.24,9.0,mobile,North,Regular
45.0,52111.51,2.0,desktop,West,Regular
39.0,69460.12,5.0,mobile,West,Regular
56.0,59197.2,6.0,mobile,South,Regular
34.0,73508.67,1.0,desktop,South,Regular
56.0,40254.53,7.0,mobile,North,Regular
68.0,36802.32,7.0,mobile,East,Budget
21.0,26096.87,5.0,mobile,South,Budget
53.0,18467.02,10.0,mobile,West,Regular
61.0,45174.79,5.0,mobile,South,Budget
41.0,55515.72,5.0,desktop,East,Regular
19.0,50180.71,7.0,mobile,West,Regular
26.0,54322.05,11.0,mobile,West,Premium
40.0,95098.48,5.0,desktop,West,Premium
41.0,32420.7,6.0,tablet,East,Budget
48.0,48867.0,2.0,desktop,North,Regular
35.0,44500.17,8.0,mobile,West,Regular
60.0,36118.4,6.0,mobile,East,Budget
18.0,81347.16,7.0,mobile,North,Premium
20.0,53673.91,6.0,desktop,North,Regular
25.0,79379.82,5.0,mobile,West,Regular
52.0,31790.19,6.0,mobile,West,Budget
27.0,91882.35,4.0,mobile,East,Premium
35.0,99681.11,6.0,mobile,East,Premium
56.0,36964.05,7.0,mobile,South,Regular
20.0,54197.01,5.0,mobile,South,Regular
60.0,51827.87,4.0,mobile,South,Regular
35.0,65606.67,4.0,mobile,South,Regular
25.0,28434.11,5.0,desktop,West,Regular
51.0,63802.14,8.0,mobile,East,Regular
41.0,68997.28,3.0,mobile,East,Regular
22.0,42470.24,6.0,mobile,South,Regular
49.0,12000.0,10.0,mobile,North,Budget
62.0,40880.0,10.0,desktop,West,Regular
29.0,46591.34,8.0,desktop,West,Regular
20.0,69785.9,9.0,desktop,South,Premium
45.0,42128.24,10.0,tablet,West,Regular
30.0,31514.09,12.0,mobile,West,Regular
55.0,66866.93,6.0,desktop,East,Regular
35.0,61951.56,7.0,mobile,South,Regular
33.0,69214.92,8.0,desktop,East,Premium
21.0,55477.07,6.0,mobile,West,Regular
25.0,75690.59,5.0,desktop,North,Premium
66.0,64813.31,3.0,desktop,South,Regular
54.0,18865.24,6.0,desktop,East,Budget
68.0,58553.18,6.0,mobile,South,Regular
20.0,70044.95,4.0,tablet,West,Regular
65.0,55328.43,2.0,mobile,South,Budget
50.0,83818.5,0.0,desktop,North,Regular
28.0,45495.9,9.0,desktop,North,Regular
49.0,68569.92,3.0,desktop,South,Regular
61.0,30032.14,4.0,desktop,West,Budget
41.0,54619.64,5.0,mobile,North,Regular
35.0,43637.05,5.0,tablet,West,Regular
67.0,34610.95,6.0,mobile,West,Budget
33.0,28499.74,8.0,mobile,North,Regular
59.0,59105.29,6.0,desktop,East,Regular
53.0,63197.96,5.0,mobile,North,Regular
20.0,41944.55,4.0,mobile,North,Regular
22.0,29894.89,7.0,desktop,East,Regular
21.0,37107.26,4.0,mobile,East,Regular
18.0,69848.45,5.0,mobile,South,Regular
40.0,30597.29,10.0,desktop,North,Regular
66.0,77410.26,2.0,mobile,East,Regular
54.0,21269.05,4.0,mobile,East,Budget
36.0,60242.9,8.0,desktop,West,Premium
52.0,67993.38,6.0,mobile,West,Regular
59.0,79091.72,5.0,tablet,North,Regular
21.0,46092.43,8.0,tablet,East,Regular
40.0,39381.99,7.0,mobile,North,Regular
59.0,26227.32,4.0,mobile,South,Budget
22.0,72874.63,4.0,tablet,North,Regular
45.0,52113.52,4.0,mobile,East,Regular
42.0,45510.94,4.0,mobile,West,Regular
43.0,46315.11,5.0,mobile,West,Regular
26.0,59774.16,10.0,mobile,East,Premium
49.0,55358.27,4.0,desktop,West,Regular
22.0,78304.77,8.0,mobile,East,Premium
56.0,12000.0,1.0,mobile,East,Budget
18.0,71614.24,4.0,mobile,East,Regular
41.0,44079.86,4.0,mobile,West,Regular
38.0,53169.28,3.0,mobile,East,Regular
61.0,48452.98,4.0,mobile,South,Budget
31.0,53043.96,8.0,mobile,North,Regular
18.0,69858.66,7.0,desktop,West,Premium
35.0,59189.1,6.0,mobile,West,Regular
62.0,25919.86,10.0,tablet,South,Regular
68.0,53429.07,8.0,mobile,South,Regular
24.0,52824.15,3.0,desktop,South,Regular
61.0,62210.82,7.0,desktop,East,Regular
61.0,55609.65,4.0,tablet,North,Regular
54.0,53191.93,11.0,mobile,West,Regular
64.0,75315.85,11.0,mobile,East,Premium
30.0,33040.61,7.0,mobile,West,Regular
23.0,98411.04,12.0,tablet,West,Premium
56.0,43549.74,6.0,mobile,West,Regular
56.0,34120.41,2.0,desktop,East,Budget
54.0,70508.98,10.0,desktop,South,Premium
24.0,76337.06,7.0,desktop,East,Premium
45.0,79870.57,5.0,desktop,East,Premium
48.0,84037.94,8.0,mobile,East,Premium
30.0,64419.32,4.0,desktop,South,Budget
41.0,56165.11,5.0,mobile,South,Regular
28.0,62425.85,8.0,desktop,East,Premium
52.0,54827.98,5.0,mobile,West,Regular
39.0,44050.17,10.0,desktop,North,Regular
68.0,87000.13,8.0,mobile,South,Premium
32.0,91260.26,3.0,mobile,East,Budget
47.0,55088.1,7.0,tablet,East,Regular
64.0,50337.39,11.0,tablet,West,Regular
19.0,45119.96,5.0,mobile,West,Regular
42.0,21280.68,11.0,mobile,West,Regular
35.0,41397.17,5.0,mobile,North,Regular
53.0,44630.83,8.0,tablet,North,Regular
21.0,54568.67,5.0,tablet,West,Regular
64.0,34946.38,7.0,desktop,North,Regular
24.0,16933.12,5.0,mobile,West,Budget
50.0,68042.01,5.0,desktop,East,Regular
48.0,89429.03,2.0,mobile,West,Regular
26.0,12415.35,6.0,desktop,North,Regular
38.0,52256.72,7.0,desktop,South,Regular
34.0,72128.88,6.0,mobile,South,Regular
55.0,31683.52,9.0,mobile,West,Regular
65.0,26293.54,4.0,desktop,North,Budget
48.0,55699.7,7.0,mobile,East,Regular
20.0,50366.53,7.0,tablet,South,Regular
32.0,42299.17,7.0,mobile,West,Regular
29.0,87917.47,5.0,desktop,South,Budget
36.0,85034.07,12.0,mobile,North,Premium
50.0,68189.5,8.0,mobile,East,Regular
57.0,53768.01,10.0,desktop,North,Premium
62.0,48606.2,5.0,tablet,West,Regular
69.0,72840.46,7.0,tablet,North,Regular
60.0,50491.85,5.0,tablet,West,Regular
50.0,84977.78,3.0,mobile,West,Regular
56.0,80183.83,4.0,mobile,North,Regular
57.0,43173.67,4.0,mobile,South,Budget
54.0,70513.29,5.0,mobile,North,Regular
34.0,86677.15,7.0,mobile,North,Premium
37.0,68464.79,7.0,tablet,North,Regular
57.0,36480.05,5.0,mobile,West,Budget
21.0,50065.47,4.0,mobile,South,Regular
41.0,48654.71,3.0,mobile,North,Budget
51.0,57911.13,5.0,mobile,East,Regular
55.0,56150.73,11.0,desktop,North,Premium
21.0,48504.97,8.0,mobile,West,Regular
48.0,72758.86,7.0,mobile,East,Regular
59.0,82699.28,8.0,desktop,North,Premium
38.0,44389.07,9.0,desktop,North,Regular
24.0,26189.02,9.0,desktop,West,Regular
48.0,63168.07,12.0,mobile,West,Premium
19.0,,10.0,desktop,East,Premium
42.0,64242.69,6.0,mobile,North,Regular
69.0,42167.54,2.0,desktop,North,Budget
41.0,61709.12,8.0,desktop,West,Premium
26.0,37699.59,5.0,mobile,East,Regular
59.0,77750.68,6.0,mobile,West,Regular
48.0,89608.24,7.0,mobile,West,Premium
46.0,37405.35,4.0,desktop,East,Regular
21.0,12000.0,8.0,tablet,South,Budget
48.0,46289.43,6.0,mobile,West,Regular
69.0,45576.0,8.0,tablet,North,Regular
58.0,60056.6,4.0,mobile,West,Regular
18.0,56579.8,3.0,desktop,East,Regular
20.0,66087.44,5.0,mobile,North,Regular
53.0,110511.24,5.0,desktop,South,Premium
65.0,45091.35,8.0,mobile,West,Regular
61.0,48793.4,2.0,desktop,North,Regular
21.0,64953.7,8.0,mobile,South,Regular
33.0,19306.47,11.0,desktop,East,Regular
49.0,72064.68,5.0,tablet,East,Regular
18.0,43899.42,8.0,desktop,South,Regular
40.0,27621.76,6.0,desktop,South,Regular
19.0,39461.2,3.0,mobile,North,Budget
34.0,66463.1,6.0,tablet,South,Regular
21.0,73252.42,10.0,mobile,South,Premium
49.0,81400.08,7.0,desktop,East,Premium
57.0,65231.29,3.0,desktop,North,Regular
28.0,42042.4,9.0,desktop,North,Regular
45.0,67643.42,6.0,desktop,North,Premium
49.0,54953.06,7.0,mobile,East,Regular
64.0,103339.48,6.0,desktop,South,Premium
25.0,15404.81,4.0,mobile,West,Budget
50.0,88841.73,9.0,mobile,North,Premium
58.0,72030.54,6.0,tablet,West,Regular
48.0,64816.03,4.0,mobile,West,Premium
44.0,54830.84,0.0,mobile,South,Regular
28.0,45456.2,4.0,tablet,East,Regular
61.0,37417.88,7.0,mobile,East,Regular
29.0,25559.8,5.0,desktop,North,Regular
62.0,97535.55,9.0,mobile,North,Premium
68.0,75533.88,4.0,desktop,South,Budget
51.0,70273.17,7.0,tablet,North,Regular
67.0,64088.18,3.0,desktop,North,Regular
35.0,18493.89,7.0,mobile,South,Budget
40.0,51299.32,3.0,desktop,South,Regular
52.0,59330.69,5.0,mobile,West,Regular
59.0,80086.39,6.0,mobile,South,Regular
54.0,36867.72,7.0,mobile,East,Regular
55.0,62379.4,4.0,desktop,East,Budget
27.0,52190.56,7.0,tablet,West,Regular
32.0,57568.99,6.0,mobile,North,Regular
19.0,41383.67,4.0,mobile,West,Regular
28.0,64230.69,9.0,desktop,East,Premium
48.0,58638.88,9.0,mobile,South,Regular
56.0,19632.45,9.0,desktop,North,Regular
27.0,81329.24,5.0,mobile,East,Regular
68.0,101022.95,7.0,tablet,North,Premium
62.0,39523.21,6.0,mobile,North,Budget
69.0,80104.39,9.0,mobile,North,Premium
46.0,37528.08,6.0,mobile,West,Regular
36.0,46554.45,3.0,mobile,South,Budget
48.0,92369.44,4.0,mobile,North,Regular
21.0,61178.61,5.0,mobile,East,Regular
46.0,87521.15,9.0,desktop,South,Premium
34.0,63077.72,5.0,mobile,East,Regular
20.0,77476.31,6.0,mobile,North,Premium
21.0,53957.07,4.0,mobile,South,Regular
21.0,85969.77,4.0,mobile,North,Regular
69.0,93076.84,6.0,tablet,West,Premium
32.0,70918.84,7.0,mobile,West,Regular
33.0,46044.32,5.0,desktop,South,Regular
39.0,50017.54,7.0,tablet,East,Regular
62.0,38520.14,4.0,desktop,North,Regular
20.0,69531.69,16.0,mobile,West,Premium
30.0,67869.24,4.0,tablet,South,Regular
50.0,43499.36,4.0,desktop,West,Regular
67.0,75835.46,13.0,mobile,East,Premium
51.0,45942.3,13.0,mobile,East,Regular
43.0,93898.06,6.0,tablet,West,Premium
64.0,74031.68,7.0,mobile,South,Premium
61.0,89350.15,6.0,mobile,North,Regular
67.0,43312.48,5.0,mobile,West,Budget
49.0,37660.62,7.0,desktop,North,Regular
32.0,,9.0,mobile,South,Budget
57.0,70542.37,5.0,desktop,North,Regular
48.0,35148.55,3.0,mobile,North,Budget
21.0,84518.71,4.0,desktop,North,Premium
63.0,60555.35,6.0,mobile,West,Regular
22.0,72959.56,7.0,mobile,North,Premium
54.0,32048.35,4.0,mobile,East,Budget
36.0,45863.4,4.0,mobile,North,Regular
27.0,61403.3,9.0,mobile,South,Regular
63.0,72477.49,9.0,mobile,South,Regular
50.0,32015.83,8.0,desktop,East,Regular
65.0,64610.48,7.0,mobile,South,Regular
34.0,41233.32,14.0,mobile,South,Regular
54.0,73982.85,8.0,tablet,North,Regular
59.0,53228.2,3.0,desktop,West,Regular
49.0,51834.3,8.0,mobile,West,Regular
32.0,66504.3,7.0,mobile,East,Regular
20.0,80889.03,3.0,mobile,South,Regular
43.0,52974.75,6.0,desktop,North,Regular
66.0,82252.54,4.0,mobile,North,Regular
34.0,37877.32,10.0,mobile,South,Regular
52.0,,4.0,desktop,South,Regular
53.0,35460.06,8.0,mobile,West,Regular
50.0,62051.66,2.0,mobile,South,Regular
38.0,39591.65,5.0,tablet,West,Regular
61.0,58481.51,7.0,mobile,South,Regular
37.0,70199.29,3.0,tablet,North,Regular
30.0,38524.45,4.0,mobile,South,Budget
64.0,22797.8,3.0,mobile,East,Budget
50.0,54281.0,6.0,mobile,East,Regular
23.0,68169.61,5.0,mobile,South,Regular
53.0,62376.8,5.0,mobile,North,Regular
32.0,39636.62,3.0,desktop,North,Regular
57.0,74398.3,5.0,desktop,West,Regular
65.0,51961.43,7.0,mobile,West,Regular
22.0,72995.22,5.0,desktop,West,Premium
19.0,40113.32,7.0,mobile,East,Regular
55.0,66497.47,9.0,mobile,West,Regular
38.0,81152.13,1.0,mobile,South,Regular
64.0,44484.37,4.0,mobile,North,Budget
54.0,51876.17,5.0,mobile,East,Regular
50.0,70046.8,6.0,desktop,West,Premium
61.0,68094.45,3.0,mobile,South,Regular
26.0,64747.89,8.0,desktop,North,Premium
37.0,,5.0,desktop,East,Regular
65.0,26494.36,1.0,mobile,East,Budget
48.0,,6.0,desktop,East,Regular
23.0,31884.46,10.0,mobile,North,Regular
21.0,59252.36,4.0,desktop,North,Regular
29.0,12000.0,9.0,mobile,East,Budget
33.0,86148.64,5.0,desktop,South,Premium
62.0,95380.89,5.0,tablet,East,Regular
33.0,66385.36,7.0,mobile,South,Regular
48.0,40671.46,8.0,tablet,South,Regular
63.0,51490.48,14.0,desktop,West,Premium
35.0,75162.76,6.0,desktop,East,Premium
34.0,70595.01,6.0,mobile,East,Regular
59.0,43630.56,2.0,mobile,East,Budget
37.0,81346.34,6.0,mobile,South,Regular
51.0,71880.55,3.0,tablet,West,Regular
52.0,68113.84,8.0,desktop,East,Premium
24.0,50475.53,1.0,desktop,South,Regular
34.0,57428.37,3.0,desktop,West,Regular
30.0,43348.73,4.0,mobile,North,Regular
39.0,61186.5,4.0,tablet,West,Regular
60.0,44330.08,6.0,desktop,West,Regular
19.0,80711.85,4.0,tablet,West,Regular
60.0,58220.95,5.0,mobile,North,Regular
56.0,61615.75,5.0,mobile,East,Regular
21.0,63979.95,3.0,desktop,West,Regular
27.0,63802.3,9.0,mobile,North,Regular
45.0,29166.38,3.0,mobile,North,Budget
63.0,82817.03,3.0,mobile,West,Regular
55.0,59334.87,3.0,mobile,North,Regular
27.0,46505.74,5.0,mobile,South,Regular
34.0,,5.0,mobile,East,Regular
46.0,,2.0,mobile,West,Budget
21.0,45248.4,5.0,desktop,South,Regular
48.0,57631.77,5.0,mobile,East,Regular
39.0,40307.53,3.0,mobile,East,Budget
39.0,59541.52,2.0,mobile,East,Regular
66.0,60246.46,11.0,mobile,West,Regular
32.0,43642.11,5.0,mobile,West,Regular
55.0,101149.11,8.0,desktop,South,Premium
25.0,54972.11,2.0,desktop,North,Premium
29.0,63965.27,6.0,mobile,South,Regular
54.0,59485.8,5.0,desktop,North,Regular
61.0,54107.27,4.0,desktop,South,Regular
58.0,,9.0,desktop,East,Premium
52.0,84570.83,13.0,mobile,North,Premium
63.0,55780.4,4.0,desktop,West,Regular
33.0,40195.91,7.0,tablet,North,Regular
19.0,68020.39,6.0,desktop,South,Premium
31.0,14499.52,11.0,tablet,North,Regular
43.0,60264.78,6.0,desktop,East,Regular
27.0,53396.98,5.0,mobile,South,Regular
41.0,63553.31,1.0,mobile,South,Regular
39.0,,3.0,mobile,South,Budget
26.0,48408.34,10.0,mobile,East,Regular
36.0,36693.03,5.0,mobile,North,Budget
21.0,46312.22,10.0,tablet,South,Regular
32.0,68606.26,3.0,mobile,South,Regular
33.0,53007.59,6.0,mobile,South,Regular
63.0,45054.67,6.0,mobile,South,Regular
27.0,80272.97,5.0,mobile,South,Regular
57.0,57064.48,4.0,desktop,West,Regular
53.0,,11.0,tablet,West,Regular
43.0,36084.7,3.0,mobile,West,Budget
26.0,,5.0,mobile,North,Regular
68.0,65289.07,7.0,desktop,North,Regular
45.0,60977.7,4.0,desktop,North,Regular
53.0,61721.08,12.0,desktop,South,Premium
63.0,38733.72,12.0,tablet,North,Regular
67.0,54589.26,2.0,desktop,North,Regular
37.0,32938.63,5.0,mobile,North,Budget
60.0,39842.32,6.0,mobile,South,Budget
50.0,38319.46,7.0,desktop,North,Regular
50.0,39687.83,7.0,desktop,West,Regular
43.0,49477.05,4.0,mobile,South,Regular
54.0,51696.12,3.0,mobile,South,Budget
32.0,40308.7,6.0,mobile,East,Regular
58.0,77395.3,10.0,desktop,East,Premium
40.0,47044.9,6.0,tablet,South,Regular
57.0,86327.38,8.0,mobile,East,Premium
41.0,75716.1,7.0,mobile,North,Regular
63.0,31985.34,9.0,desktop,West,Regular
67.0,73376.29,8.0,mobile,North,Regular
35.0,28235.36,6.0,desktop,East,Regular
40.0,84328.02,7.0,mobile,North,Premium
36.0,62200.33,3.0,mobile,South,Regular
57.0,36095.64,9.0,tablet,West,Regular
30.0,12419.04,6.0,mobile,North,Budget
20.0,47688.0,8.0,mobile,South,Regular
65.0,28845.89,9.0,tablet,East,Regular
51.0,77077.87,5.0,desktop,North,Premium
64.0,30875.72,8.0,tablet,South,Budget
66.0,50843.63,10.0,tablet,West,Regular
40.0,65004.15,7.0,desktop,East,Premium
38.0,55507.03,6.0,mobile,East,Regular
38.0,60402.77,5.0,desktop,West,Regular
47.0,50330.95,7.0,mobile,West,Regular
24.0,69430.54,5.0,desktop,North,Premium
28.0,36785.83,5.0,mobile,South,Regular
68.0,66364.75,6.0,desktop,West,Regular
64.0,31394.91,5.0,mobile,North,Budget
52.0,58601.37,5.0,mobile,North,Regular
59.0,32634.1,10.0,mobile,East,Regular
68.0,51069.75,5.0,tablet,East,Regular
18.0,66617.86,11.0,desktop,East,Premium
50.0,79396.95,9.0,mobile,South,Premium
59.0,19517.67,3.0,mobile,South,Budget
44.0,39861.82,5.0,desktop,South,Regular
49.0,35758.29,5.0,tablet,West,Budget
56.0,78855.82,3.0,mobile,East,Regular
58.0,37865.38,13.0,mobile,West,Regular
64.0,68817.45,3.0,mobile,West,Regular
22.0,44758.6,4.0,mobile,East,Regular
61.0,26474.57,4.0,mobile,West,Budget
32.0,57083.47,4.0,tablet,West,Regular
35.0,32432.8,4.0,mobile,South,Budget
49.0,69278.16,3.0,desktop,North,Regular
44.0,71188.2,9.0,desktop,East,Premium
50.0,81122.44,6.0,mobile,West,Regular
67.0,34845.58,4.0,desktop,South,Budget
60.0,85877.54,3.0,tablet,South,Regular
44.0,73895.26,9.0,mobile,South,Premium
57.0,19463.81,6.0,desktop,East,Budget
59.0,98512.19,6.0,mobile,North,Premium
59.0,88041.59,6.0,mobile,South,Regular
45.0,34327.3,3.0,desktop,South,Regular
39.0,61284.53,8.0,tablet,North,Regular
61.0,28317.63,9.0,tablet,North,Regular
29.0,52137.21,3.0,mobile,North,Regular
21.0,58447.01,6.0,mobile,East,Regular
20.0,66993.38,8.0,mobile,West,Premium
18.0,38514.64,5.0,tablet,West,Regular
47.0,54243.1,7.0,desktop,East,Regular
22.0,36389.39,5.0,desktop,West,Regular
66.0,62328.56,4.0,mobile,South,Premium
40.0,67882.43,6.0,mobile,East,Regular
19.0,56198.51,6.0,desktop,East,Regular
37.0,77454.63,6.0,mobile,East,Regular
60.0,69685.15,6.0,tablet,South,Regular
67.0,62105.28,6.0,mobile,North,Regular
52.0,77702.83,4.0,mobile,South,Regular
69.0,30223.29,9.0,desktop,South,Regular
33.0,54041.42,4.0,desktop,West,Regular
24.0,19747.53,5.0,desktop,West,Regular
62.0,54398.79,4.0,mobile,West,Regular
61.0,45467.97,4.0,desktop,North,Regular
46.0,71089.58,4.0,desktop,North,Regular
44.0,46021.37,6.0,mobile,South,Regular
49.0,42107.81,4.0,mobile,East,Budget
61.0,52884.93,3.0,desktop,North,Regular
46.0,52145.52,6.0,mobile,East,Regular
37.0,64933.23,5.0,desktop,East,Regular
30.0,37490.33,6.0,mobile,North,Regular
58.0,25118.37,3.0,mobile,North,Budget
68.0,23302.09,5.0,desktop,South,Budget
18.0,77512.75,2.0,desktop,North,Regular
31.0,29818.91,10.0,desktop,West,Regular
42.0,45593.13,5.0,desktop,North,Regular
28.0,32915.11,10.0,mobile,East,Regular
35.0,72184.65,3.0,desktop,West,Regular
54.0,43608.5,5.0,desktop,East,Regular
31.0,79045.66,5.0,desktop,North,Premium
54.0,40839.78,7.0,mobile,West,Premium
33.0,60643.62,5.0,desktop,West,Regular
47.0,,5.0,desktop,South,Regular
39.0,73908.96,5.0,desktop,South,Premium
69.0,31188.35,13.0,desktop,East,Regular
43.0,47525.87,4.0,mobile,South,Regular
63.0,53208.39,5.0,mobile,South,Regular
45.0,18619.63,6.0,mobile,East,Premium
37.0,68888.68,3.0,mobile,West,Regular
56.0,62533.0,6.0,tablet,South,Regular
40.0,64900.52,5.0,mobile,South,Regular
60.0,27258.88,6.0,mobile,South,Budget
63.0,58471.03,6.0,desktop,West,Regular
67.0,63469.9,7.0,mobile,East,Regular
55.0,75212.13,5.0,mobile,North,Regular
52.0,44521.14,5.0,mobile,North,Regular
43.0,68250.76,5.0,tablet,West,Regular
31.0,93703.52,5.0,desktop,West,Premium
53.0,46255.92,6.0,mobile,East,Regular
48.0,46723.79,5.0,mobile,South,Regular
53.0,48460.56,12.0,desktop,South,Premium
40.0,,9.0,desktop,North,Regular
29.0,47693.7,11.0,mobile,South,Regular
30.0,87031.92,4.0,desktop,West,Premium
56.0,36513.21,8.0,mobile,West,Regular
35.0,51064.95,10.0,mobile,North,Regular
60.0,78566.72,5.0,tablet,South,Regular
29.0,66091.61,5.0,mobile,East,Regular
40.0,59429.09,2.0,tablet,West,Regular
46.0,48298.91,4.0,desktop,West,Budget
56.0,52645.07,8.0,desktop,South,Regular
21.0,55150.28,3.0,mobile,North,Regular
44.0,68531.9,8.0,mobile,East,Regular
46.0,56482.0,4.0,desktop,North,Budget
30.0,73535.45,10.0,mobile,West,Premium
39.0,18055.08,9.0,mobile,South,Regular
61.0,71163.39,5.0,desktop,North,Regular
18.0,44494.94,7.0,desktop,East,Regular
69.0,55195.47,5.0,mobile,East,Regular
32.0,46587.5,3.0,tablet,North,Regular
41.0,67663.84,5.0,desktop,West,Regular
68.0,52634.84,2.0,desktop,West,Regular
36.0,67336.15,6.0,desktop,East,Premium
48.0,39074.3,7.0,desktop,West,Regular
30.0,58733.5,8.0,mobile,West,Regular
21.0,79252.33,5.0,desktop,South,Premium
23.0,77021.8,3.0,tablet,West,Regular
48.0,47953.59,6.0,mobile,North,Regular
21.0,57822.52,8.0,desktop,South,Premium
54.0,47705.03,5.0,tablet,East,Regular
37.0,52646.96,6.0,desktop,East,Regular
25.0,55353.01,8.0,desktop,East,Premium
68.0,78944.43,2.0,mobile,East,Regular
38.0,66534.36,6.0,mobile,North,Regular
59.0,83839.26,3.0,mobile,West,Regular
29.0,85371.31,8.0,desktop,South,Premium
67.0,30031.24,9.0,mobile,South,Regular
46.0,61132.06,6.0,desktop,West,Regular
63.0,46241.5,9.0,mobile,West,Regular
60.0,23146.52,3.0,mobile,East,Budget
63.0,33737.68,6.0,mobile,East,Budget
30.0,45124.61,11.0,mobile,East,Regular
34.0,88047.33,11.0,desktop,North,Premium
25.0,56769.71,5.0,mobile,South,Regular
67.0,51390.28,6.0,mobile,South,Regular
25.0,54491.64,2.0,desktop,South,Regular
32.0,40284.5,4.0,mobile,West,Budget
49.0,58472.74,5.0,mobile,North,Regular
47.0,53270.52,6.0,tablet,North,Regular
21.0,22942.11,7.0,mobile,South,Regular
45.0,44610.85,11.0,mobile,South,Regular
45.0,121247.58,9.0,mobile,West,Premium
37.0,67522.66,6.0,mobile,East,Regular
60.0,53176.74,4.0,mobile,South,Budget
24.0,68214.21,3.0,mobile,South,Regular
57.0,35954.19,6.0,tablet,North,Budget
45.0,56877.31,3.0,mobile,East,Regular
52.0,72368.75,6.0,desktop,East,Premium
54.0,23518.11,4.0,desktop,North,Budget
18.0,40663.94,6.0,desktop,West,Regular
46.0,47245.03,8.0,desktop,North,Regular
40.0,49560.17,5.0,desktop,South,Regular
52.0,45056.52,7.0,mobile,North,Regular
30.0,60465.97,10.0,mobile,South,Premium
39.0,75145.34,5.0,desktop,North,Premium
44.0,61891.54,3.0,desktop,East,Regular
27.0,75246.38,4.0,desktop,North,Premium
25.0,75649.91,3.0,mobile,South,Regular
62.0,43421.01,6.0,desktop,South,Regular
25.0,60474.63,9.0,mobile,East,Regular
24.0,47784.11,5.0,desktop,East,Regular
67.0,68045.16,8.0,desktop,North,Premium
62.0,48282.23,7.0,desktop,South,Regular
63.0,51500.72,5.0,mobile,West,Regular
20.0,88445.18,7.0,mobile,East,Premium
23.0,51670.38,8.0,desktop,North,Premium
24.0,24585.47,4.0,mobile,West,Budget
61.0,57507.53,5.0,mobile,South,Regular
39.0,60974.2,11.0,desktop,North,Premium
21.0,45257.73,3.0,desktop,East,Regular
62.0,56543.11,6.0,desktop,North,Regular
35.0,75166.62,7.0,desktop,South,Premium
23.0,45031.84,4.0,desktop,South,Regular
69.0,51512.31,10.0,mobile,East,Regular
66.0,41321.43,7.0,desktop,East,Regular
66.0,61670.1,2.0,mobile,East,Budget
58.0,52743.58,4.0,mobile,West,Regular
42.0,37127.38,3.0,mobile,West,Budget
53.0,52171.91,9.0,desktop,South,Regular
54.0,91005.38,5.0,desktop,North,Premium
38.0,21846.42,6.0,mobile,East,Budget
37.0,28149.25,9.0,desktop,North,Budget
31.0,61815.01,3.0,mobile,East,Regular
62.0,28120.03,4.0,tablet,North,Regular
54.0,93403.05,5.0,mobile,West,Premium
34.0,26094.65,5.0,desktop,North,Regular
20.0,29728.02,9.0,mobile,North,Regular
28.0,45192.0,6.0,desktop,West,Regular
52.0,76342.8,8.0,desktop,West,Premium
25.0,70927.27,6.0,desktop,East,Premium
49.0,66390.01,3.0,desktop,North,Regular
50.0,61064.68,4.0,desktop,North,Regular
63.0,80671.05,4.0,mobile,North,Regular
47.0,19726.47,3.0,mobile,West,Budget
38.0,60670.15,6.0,mobile,West,Regular
64.0,83201.02,7.0,mobile,South,Regular
50.0,34403.41,5.0,desktop,North,Regular
25.0,61519.0,5.0,desktop,North,Regular
50.0,79162.86,6.0,mobile,South,Regular
59.0,79701.29,6.0,desktop,South,Premium
44.0,52616.28,5.0,desktop,West,Regular
67.0,91629.23,5.0,tablet,East,Regular
59.0,65143.89,3.0,desktop,East,Regular
56.0,76190.23,2.0,mobile,South,Regular
61.0,34362.53,4.0,desktop,West,Regular
23.0,40535.27,4.0,desktop,West,Regular
46.0,40441.85,9.0,mobile,East,Regular
25.0,89750.64,9.0,mobile,East,Premium
67.0,12000.0,4.0,desktop,West,Budget
22.0,19460.51,6.0,mobile,South,Budget
46.0,70855.97,6.0,desktop,North,Premium
35.0,58147.9,4.0,desktop,East,Regular
25.0,12000.0,6.0,desktop,North,Regular
57.0,47557.2,5.0,desktop,East,Regular
59.0,49315.06,1.0,mobile,North,Budget
25.0,78878.14,5.0,desktop,West,Premium
18.0,17988.88,4.0,mobile,South,Budget
41.0,44951.06,3.0,tablet,North,Budget
21.0,76056.61,9.0,mobile,West,Premium
20.0,70162.9,8.0,desktop,East,Premium
40.0,37385.73,8.0,mobile,West,Regular
53.0,49722.96,3.0,desktop,East,Regular
30.0,26549.19,7.0,mobile,West,Regular
23.0,81892.37,9.0,mobile,North,Premium
64.0,46963.48,7.0,tablet,South,Regular
59.0,80105.21,5.0,desktop,East,Premium
40.0,70915.25,6.0,mobile,South,Regular
49.0,38102.9,4.0,mobile,North,Budget
35.0,52518.32,7.0,mobile,East,Regular
27.0,67968.68,4.0,mobile,West,Regular
28.0,63963.83,8.0,desktop,West,Premium
54.0,85046.64,7.0,mobile,North,Premium
68.0,77114.35,8.0,tablet,East,Budget
36.0,61717.83,5.0,mobile,East,Regular
30.0,,4.0,mobile,North,Regular
45.0,41607.14,4.0,mobile,South,Budget
23.0,,8.0,tablet,South,Regular
46.0,67143.55,7.0,mobile,South,Regular
52.0,61968.17,8.0,mobile,East,Regular
32.0,33929.97,5.0,desktop,South,Regular
33.0,53905.44,3.0,desktop,South,Regular
39.0,39940.4,2.0,mobile,North,Budget
55.0,44683.85,3.0,mobile,East,Budget
58.0,80571.33,5.0,mobile,East,Regular
53.0,37133.93,7.0,desktop,North,Regular
62.0,42780.77,5.0,mobile,South,Budget
41.0,66491.21,7.0,desktop,East,Premium
62.0,56964.1,3.0,tablet,East,Regular
31.0,58772.63,5.0,desktop,North,Regular
47.0,27513.85,7.0,desktop,West,Regular
37.0,55014.69,2.0,mobile,South,Regular
63.0,48340.76,10.0,desktop,North,Regular
42.0,39857.76,7.0,mobile,South,Regular
25.0,44660.29,8.0,mobile,North,Regular
57.0,49867.99,3.0,mobile,North,Budget
69.0,71863.81,7.0,mobile,West,Regular
56.0,92040.45,2.0,mobile,West,Regular
20.0,57749.46,7.0,mobile,North,Regular
38.0,84347.28,8.0,mobile,North,Premium
64.0,57815.22,9.0,desktop,North,Premium
19.0,26873.0,11.0,mobile,South,Regular
59.0,56768.58,8.0,desktop,South,Regular
33.0,80481.21,7.0,desktop,East,Premium
38.0,82781.86,8.0,tablet,East,Premium
53.0,38567.27,2.0,tablet,East,Budget
59.0,98961.87,9.0,mobile,East,Premium
50.0,41395.78,2.0,mobile,West,Budget
67.0,41531.64,8.0,desktop,North,Regular
28.0,45567.03,6.0,mobile,East,Regular
26.0,,9.0,desktop,North,Premium
37.0,63468.61,10.0,mobile,West,Premium
51.0,73344.67,14.0,mobile,West,Premium
43.0,12715.49,6.0,mobile,West,Budget
18.0,54710.78,0.0,tablet,West,Budget
42.0,53562.98,9.0,mobile,West,Regular
52.0,69257.63,6.0,mobile,East,Regular
48.0,46687.68,4.0,mobile,West,Regular
21.0,78870.33,8.0,mobile,South,Premium
63.0,42448.11,4.0,mobile,East,Budget
52.0,28782.63,6.0,mobile,East,Budget
39.0,24029.32,6.0,desktop,East,Regular
19.0,80270.87,5.0,desktop,North,Premium
54.0,70465.5,5.0,mobile,South,Regular
38.0,40681.36,8.0,desktop,East,Regular
59.0,77179.92,8.0,desktop,North,Premium
63.0,52520.93,8.0,desktop,North,Regular
54.0,53492.46,4.0,tablet,West,Regular
33.0,27547.88,12.0,desktop,East,Regular
23.0,45226.39,7.0,mobile,South,Regular
68.0,57966.33,5.0,desktop,East,Premium
21.0,59810.27,4.0,mobile,West,Regular
42.0,44997.98,8.0,mobile,South,Regular
33.0,75106.02,8.0,desktop,South,Premium
27.0,83728.44,6.0,desktop,North,Premium
42.0,40233.4,7.0,mobile,East,Regular
66.0,63658.03,4.0,desktop,East,Regular
35.0,26412.35,6.0,mobile,South,Regular
26.0,63897.72,8.0,desktop,East,Premium
36.0,37245.49,3.0,desktop,North,Regular
48.0,52922.74,4.0,desktop,East,Regular
30.0,59261.07,5.0,mobile,West,Regular
67.0,51239.39,5.0,desktop,East,Regular
29.0,76141.45,2.0,desktop,West,Regular
66.0,40927.69,5.0,mobile,North,Budget
38.0,46918.23,9.0,mobile,North,Regular
46.0,62246.4,6.0,mobile,West,Regular
33.0,55307.77,5.0,mobile,East,Regular
29.0,60875.84,9.0,desktop,West,Premium
33.0,51906.44,3.0,tablet,West,Regular
44.0,40399.34,9.0,mobile,South,Regular
51.0,68802.59,8.0,mobile,East,Regular
33.0,57499.27,7.0,desktop,South,Regular
23.0,73385.36,5.0,mobile,West,Regular
34.0,81739.99,8.0,mobile,South,Premium
64.0,49189.73,7.0,mobile,North,Regular
34.0,41717.76,5.0,mobile,West,Regular
61.0,47256.7,6.0,desktop,South,Regular
28.0,43483.43,8.0,mobile,North,Regular
27.0,17643.74,3.0,desktop,West,Budget
20.0,87731.88,3.0,desktop,West,Budget
45.0,63963.02,8.0,mobile,West,Regular
57.0,101054.87,4.0,mobile,South,Premium
43.0,45260.37,6.0,tablet,South,Regular
18.0,67482.35,8.0,desktop,South,Premium
66.0,61358.37,3.0,mobile,North,Regular
47.0,54728.88,9.0,desktop,East,Premium
59.0,74993.49,5.0,mobile,West,Budget
37.0,56163.21,5.0,mobile,West,Regular
27.0,54605.21,8.0,mobile,South,Regular
51.0,59211.97,8.0,desktop,West,Regular
68.0,13026.86,6.0,desktop,East,Budget
48.0,42256.04,2.0,desktop,West,Regular
40.0,41919.32,5.0,mobile,North,Regular
42.0,87895.66,8.0,tablet,East,Premium
27.0,67416.94,4.0,mobile,North,Regular
58.0,71232.83,7.0,desktop,East,Premium
49.0,68227.01,6.0,mobile,East,Regular
47.0,52418.86,8.0,tablet,South,Budget
19.0,87958.85,5.0,desktop,South,Premium
64.0,52132.77,5.0,desktop,South,Regular
43.0,28896.01,7.0,mobile,South,Budget
48.0,68269.27,3.0,mobile,South,Regular
53.0,78869.86,4.0,tablet,North,Regular
63.0,58158.09,2.0,mobile,West,Budget
67.0,63184.29,10.0,mobile,West,Regular
62.0,74636.01,8.0,mobile,West,Regular
45.0,85640.32,4.0,mobile,West,Regular
54.0,67408.28,7.0,mobile,East,Regular
54.0,88566.54,7.0,desktop,West,Premium
35.0,61768.79,6.0,desktop,West,Regular
69.0,96561.95,5.0,mobile,South,Regular
43.0,29686.32,5.0,desktop,North,Regular
64.0,74404.75,4.0,mobile,South,Regular
22.0,61742.91,6.0,mobile,West,Regular
31.0,58516.05,5.0,desktop,South,Regular
55.0,31566.9,12.0,mobile,South,Regular
55.0,76906.28,5.0,desktop,North,Premium
51.0,52463.13,10.0,desktop,West,Premium
31.0,37096.48,5.0,desktop,West,Regular
60.0,44065.24,5.0,mobile,South,Budget
23.0,51761.82,9.0,tablet,North,Regular
22.0,58194.22,5.0,mobile,North,Regular
62.0,38758.41,4.0,desktop,West,Regular
24.0,38475.85,13.0,desktop,East,Premium
65.0,64224.66,7.0,desktop,North,Regular
51.0,54855.15,5.0,desktop,South,Regular
26.0,94087.56,6.0,mobile,South,Premium
56.0,48107.02,1.0,desktop,South,Regular
44.0,70550.56,9.0,desktop,South,Premium
21.0,89760.47,6.0,desktop,North,Premium
36.0,52390.49,10.0,mobile,South,Regular
19.0,75207.29,11.0,mobile,West,Premium
22.0,62056.53,7.0,mobile,East,Regular
34.0,57253.82,5.0,mobile,West,Regular
28.0,87111.84,6.0,mobile,East,Premium
35.0,37148.06,8.0,desktop,East,Regular
36.0,44610.16,10.0,tablet,North,Regular
20.0,22175.69,6.0,tablet,North,Budget
61.0,53909.81,5.0,desktop,East,Regular
23.0,75170.46,9.0,desktop,West,Premium
46.0,51336.68,5.0,desktop,East,Regular
28.0,72019.86,4.0,mobile,North,Regular
45.0,41638.62,2.0,mobile,East,Budget
18.0,78199.35,4.0,desktop,West,Budget
53.0,,7.0,desktop,North,Regular
25.0,47045.56,6.0,mobile,South,Regular
66.0,87741.51,9.0,desktop,East,Premium
19.0,56017.75,7.0,mobile,West,Regular
58.0,67229.18,8.0,desktop,West,Premium
37.0,58535.62,6.0,tablet,North,Regular
25.0,69735.42,1.0,mobile,West,Regular
56.0,58546.55,7.0,desktop,North,Regular
64.0,33110.95,4.0,desktop,South,Budget
52.0,61639.35,4.0,tablet,East,Regular
65.0,65386.65,9.0,mobile,North,Regular
49.0,63657.74,8.0,desktop,South,Premium
65.0,51820.34,8.0,tablet,North,Regular
42.0,91037.4,6.0,mobile,West,Premium
51.0,42219.15,11.0,desktop,North,Regular
27.0,58563.21,7.0,mobile,West,Regular
50.0,60262.89,10.0,desktop,East,Premium
20.0,35391.82,11.0,desktop,East,Premium
32.0,33330.69,5.0,desktop,South,Regular
27.0,68952.66,7.0,mobile,East,Regular
22.0,69164.97,2.0,desktop,East,Regular
67.0,58885.97,4.0,desktop,East,Regular
28.0,25385.11,5.0,desktop,West,Regular
60.0,50622.98,5.0,desktop,North,Regular
56.0,60800.16,12.0,desktop,South,Premium
47.0,68119.09,5.0,mobile,East,Regular
69.0,79006.95,13.0,mobile,West,Premium
49.0,64929.78,5.0,mobile,West,Regular
67.0,74685.2,6.0,desktop,West,Regular
56.0,88071.89,6.0,mobile,South,Regular
18.0,12000.0,4.0,tablet,West,Budget
60.0,75227.6,6.0,mobile,West,Regular
48.0,47791.19,6.0,mobile,North,Regular
30.0,65424.81,6.0,desktop,West,Premium
20.0,60191.86,4.0,mobile,North,Regular
59.0,36565.7,4.0,mobile,North,Budget
53.0,38832.67,7.0,mobile,West,Regular
51.0,64524.81,13.0,mobile,West,Premium
42.0,52703.22,8.0,mobile,South,Regular
32.0,70187.3,6.0,desktop,East,Premium
44.0,48753.89,9.0,mobile,North,Regular
32.0,97321.44,8.0,mobile,South,Premium
51.0,51249.32,3.0,mobile,South,Budget
26.0,95919.97,5.0,mobile,East,Premium
58.0,41563.91,11.0,mobile,North,Regular
46.0,66867.13,6.0,desktop,North,Regular
28.0,77708.72,7.0,mobile,South,Premium
68.0,30988.34,4.0,mobile,South,Budget
45.0,37571.45,5.0,desktop,West,Regular
59.0,63904.35,3.0,desktop,West,Regular
62.0,78116.27,10.0,desktop,East,Budget
26.0,82296.33,5.0,mobile,West,Regular
47.0,66729.23,10.0,mobile,South,Premium
24.0,76195.98,5.0,mobile,South,Regular
48.0,33789.25,6.0,mobile,East,Budget
32.0,47968.69,9.0,tablet,South,Regular
62.0,83771.73,14.0,desktop,West,Premium
26.0,45484.5,4.0,tablet,South,Regular
44.0,51463.11,9.0,mobile,South,Regular
25.0,22769.44,10.0,desktop,East,Regular
65.0,52433.67,9.0,mobile,West,Regular
56.0,25572.74,4.0,desktop,North,Budget
44.0,62956.41,7.0,desktop,East,Regular
34.0,84249.35,5.0,mobile,North,Regular
30.0,62055.99,10.0,mobile,South,Premium
47.0,59255.09,10.0,mobile,West,Regular
23.0,48373.6,6.0,mobile,North,Regular
34.0,66568.39,6.0,desktop,South,Premium
21.0,34770.69,3.0,mobile,West,Regular
69.0,47185.42,2.0,tablet,West,Budget
54.0,97395.23,6.0,desktop,South,Premium
48.0,,6.0,desktop,East,Regular
54.0,45164.77,5.0,mobile,North,Regular
25.0,29246.32,6.0,desktop,South,Regular
57.0,79561.12,6.0,tablet,North,Regular
58.0,51437.16,5.0,tablet,South,Regular
56.0,31583.2,6.0,desktop,East,Regular
33.0,31924.92,9.0,mobile,East,Regular
36.0,77166.2,6.0,desktop,East,Premium
41.0,68823.2,6.0,mobile,East,Regular
66.0,71186.7,8.0,mobile,East,Regular
32.0,54667.8,10.0,desktop,North,Premium
60.0,73100.8,5.0,desktop,North,Regular
43.0,81041.94,4.0,mobile,North,Regular
59.0,68620.79,6.0,desktop,West,Regular
33.0,25146.36,6.0,mobile,East,Budget
37.0,18097.04,7.0,tablet,North,Regular
34.0,27761.56,9.0,tablet,East,Regular
33.0,60904.34,5.0,mobile,South,Regular
26.0,27062.7,3.0,mobile,East,Budget
32.0,34984.73,6.0,mobile,East,Regular
67.0,56360.35,8.0,mobile,South,Regular
21.0,38834.48,9.0,desktop,West,Regular
28.0,31116.99,5.0,mobile,North,Budget
31.0,74032.52,2.0,desktop,North,Regular
32.0,65038.54,8.0,mobile,East,Regular
62.0,70683.32,8.0,mobile,South,Regular
39.0,73214.89,7.0,mobile,West,Regular
62.0,83190.03,2.0,desktop,North,Regular
24.0,54733.17,6.0,desktop,West,Regular
53.0,51881.27,8.0,desktop,North,Regular
29.0,21730.11,8.0,mobile,South,Regular
63.0,50747.36,5.0,mobile,East,Regular
39.0,43879.86,4.0,mobile,North,Regular
52.0,75422.08,5.0,mobile,East,Regular
48.0,68232.99,4.0,tablet,East,Regular
35.0,83590.64,3.0,desktop,West,Premium
45.0,76228.88,5.0,desktop,West,Premium
56.0,78043.59,3.0,desktop,East,Regular
37.0,65419.53,8.0,desktop,East,Premium
52.0,57929.67,8.0,mobile,South,Regular
53.0,47908.58,3.0,mobile,East,Budget
60.0,54860.59,4.0,mobile,East,Regular
56.0,36905.01,8.0,mobile,East,Regular
41.0,62679.95,5.0,desktop,West,Regular
31.0,53564.8,6.0,mobile,North,Regular
40.0,16157.2,8.0,mobile,East,Premium
30.0,12000.0,4.0,mobile,West,Budget
26.0,41121.51,7.0,mobile,West,Regular
50.0,46111.75,6.0,desktop,South,Regular
60.0,49280.01,5.0,desktop,South,Regular
39.0,79896.23,10.0,mobile,East,Premium
63.0,42976.12,5.0,mobile,West,Budget
61.0,30633.35,5.0,mobile,West,Budget
20.0,62339.96,7.0,mobile,North,Regular
18.0,74219.6,4.0,tablet,East,Regular
66.0,86574.59,6.0,desktop,North,Premium
46.0,35536.26,3.0,mobile,East,Budget
41.0,50131.91,10.0,tablet,North,Regular
36.0,46799.36,8.0,desktop,East,Regular
28.0,83920.14,5.0,mobile,South,Regular
29.0,68347.64,1.0,mobile,South,Regular
50.0,55398.66,6.0,mobile,South,Regular
63.0,68828.61,6.0,mobile,East,Regular
34.0,48078.18,6.0,desktop,North,Regular
29.0,51028.03,5.0,mobile,South,Regular
36.0,54250.48,7.0,mobile,North,Regular
59.0,45302.66,7.0,tablet,South,Regular
57.0,50060.03,5.0,mobile,West,Regular
62.0,61660.35,6.0,desktop,West,Regular
44.0,59501.33,6.0,mobile,West,Premium
68.0,83268.67,2.0,mobile,South,Regular
48.0,71380.66,3.0,desktop,East,Regular
24.0,53434.49,3.0,mobile,East,Regular
48.0,12832.13,10.0,desktop,West,Regular
26.0,26453.64,4.0,tablet,East,Budget
65.0,45168.24,8.0,mobile,North,Regular
22.0,47433.63,9.0,mobile,West,Regular
53.0,,8.0,mobile,West,Regular
34.0,47549.8,8.0,mobile,West,Regular
28.0,56896.13,7.0,mobile,North,Regular
65.0,42586.76,6.0,mobile,East,Regular
45.0,51966.25,4.0,tablet,North,Regular
51.0,52871.06,14.0,mobile,North,Premium
59.0,41197.36,5.0,desktop,East,Regular
26.0,38120.43,3.0,mobile,North,Budget
68.0,52157.99,4.0,desktop,West,Regular
23.0,59715.18,3.0,desktop,South,Regular
22.0,34687.05,8.0,mobile,East,Regular
56.0,15555.0,9.0,desktop,West,Regular
22.0,36290.76,4.0,desktop,North,Regular
50.0,64201.05,2.0,desktop,North,Regular
57.0,23688.38,4.0,mobile,West,Budget
18.0,72189.58,6.0,mobile,North,Regular
27.0,43303.5,4.0,mobile,North,Regular
48.0,56892.21,8.0,mobile,West,Regular
42.0,39700.33,4.0,mobile,South,Budget
27.0,65562.7,7.0,mobile,South,Regular
51.0,55399.32,9.0,desktop,East,Premium
33.0,61498.99,11.0,mobile,North,Premium
46.0,17302.9,13.0,mobile,East,Regular
23.0,68190.76,2.0,desktop,East,Regular
47.0,22342.12,3.0,mobile,East,Budget
69.0,48038.77,7.0,desktop,North,Regular
25.0,64264.76,4.0,desktop,South,Regular
41.0,50710.2,5.0,mobile,North,Regular
26.0,63890.52,10.0,mobile,South,Premium
50.0,57573.33,6.0,desktop,East,Budget
38.0,56095.82,7.0,mobile,North,Regular
28.0,,9.0,desktop,South,Regular
31.0,73490.61,6.0,mobile,South,Regular
37.0,75733.31,11.0,mobile,East,Premium
22.0,44143.37,9.0,desktop,North,Regular
51.0,37314.31,7.0,mobile,North,Regular
32.0,58225.56,10.0,desktop,North,Premium
56.0,39966.37,7.0,tablet,West,Regular
69.0,56955.85,6.0,desktop,East,Regular
65.0,69862.4,3.0,tablet,East,Regular
42.0,66943.59,3.0,mobile,South,Regular
30.0,82409.51,8.0,mobile,East,Premium
38.0,63093.44,6.0,desktop,West,Regular
30.0,34538.46,6.0,tablet,West,Regular
59.0,38104.56,5.0,mobile,South,Budget
38.0,64460.82,7.0,tablet,North,Regular
62.0,90508.46,9.0,mobile,West,Premium
34.0,47578.2,4.0,mobile,West,Regular
27.0,36945.28,4.0,mobile,North,Budget
60.0,80752.13,9.0,desktop,South,Premium
24.0,51935.57,4.0,desktop,North,Regular
37.0,67461.71,5.0,mobile,North,Regular
57.0,74732.93,3.0,mobile,South,Regular
37.0,35665.06,9.0,desktop,East,Regular
60.0,47521.97,12.0,tablet,North,Regular
44.0,43768.68,8.0,tablet,North,Regular
29.0,64303.71,10.0,mobile,East,Budget
47.0,66646.49,4.0,desktop,South,Regular
29.0,44899.38,4.0,desktop,East,Regular
36.0,64832.55,6.0,desktop,East,Regular
22.0,20507.09,9.0,mobile,West,Regular
18.0,60886.83,7.0,desktop,North,Premium
20.0,60769.37,8.0,mobile,West,Regular
56.0,54310.5,7.0,mobile,West,Regular
26.0,26859.46,5.0,mobile,East,Budget
23.0,52363.05,6.0,mobile,West,Regular
25.0,34004.74,4.0,desktop,East,Regular
62.0,81657.55,6.0,mobile,South,Regular
69.0,48793.45,4.0,desktop,South,Regular
30.0,50338.95,8.0,mobile,East,Regular
47.0,52143.23,3.0,desktop,West,Regular
31.0,64428.77,8.0,mobile,West,Regular
29.0,55701.88,9.0,mobile,North,Regular
45.0,64353.53,5.0,desktop,South,Regular
62.0,36742.29,5.0,mobile,North,Budget
65.0,75019.11,12.0,desktop,West,Premium
19.0,44981.91,4.0,mobile,North,Regular
37.0,68515.24,7.0,mobile,East,Regular
57.0,58702.56,13.0,mobile,North,Premium
42.0,74435.26,2.0,desktop,West,Regular
30.0,52860.79,4.0,desktop,West,Regular
39.0,26507.28,2.0,mobile,West,Budget
35.0,32595.59,8.0,mobile,North,Regular
23.0,49967.29,6.0,desktop,West,Regular
51.0,80296.25,5.0,mobile,South,Regular
32.0,46341.45,6.0,mobile,East,Regular
31.0,55275.71,6.0,mobile,West,Regular
65.0,77822.1,11.0,mobile,West,Premium
48.0,43646.23,9.0,mobile,West,Regular
66.0,60007.15,5.0,mobile,East,Regular
43.0,59544.84,5.0,tablet,North,Budget
31.0,42963.36,8.0,mobile,North,Regular
58.0,58570.82,3.0,mobile,East,Regular
65.0,73926.52,6.0,mobile,East,Regular
32.0,73947.11,4.0,mobile,North,Regular
18.0,47935.91,5.0,mobile,West,Regular
69.0,108978.74,4.0,desktop,North,Premium
55.0,60811.83,7.0,desktop,North,Regular
38.0,49051.36,10.0,mobile,South,Budget
19.0,40678.59,4.0,mobile,South,Regular
47.0,35746.61,3.0,mobile,East,Budget
40.0,69607.83,4.0,mobile,West,Regular
41.0,12000.0,4.0,desktop,North,Budget
39.0,51367.9,6.0,desktop,South,Regular
52.0,28426.2,7.0,desktop,East,Regular
40.0,51034.83,6.0,mobile,West,Premium
68.0,53597.99,5.0,mobile,North,Regular
66.0,29675.64,10.0,mobile,South,Regular
22.0,35703.87,4.0,mobile,West,Budget
36.0,78065.93,6.0,mobile,North,Regular
66.0,43861.92,6.0,mobile,North,Regular
18.0,54116.34,3.0,tablet,East,Regular
34.0,48314.98,8.0,desktop,East,Regular
23.0,69821.61,6.0,mobile,South,Regular
38.0,77145.61,3.0,desktop,East,Regular
56.0,71470.21,4.0,mobile,North,Regular
27.0,64614.98,6.0,mobile,East,Regular
24.0,64792.98,5.0,tablet,North,Regular
18.0,31944.09,4.0,desktop,South,Regular
21.0,78808.33,6.0,mobile,West,Premium
59.0,43732.65,2.0,mobile,North,Budget
28.0,37550.56,5.0,tablet,East,Regular
23.0,47170.13,8.0,desktop,East,Regular
68.0,39313.05,4.0,desktop,West,Regular
37.0,61971.73,3.0,desktop,West,Regular
41.0,67803.62,5.0,mobile,East,Regular
33.0,78280.79,7.0,desktop,South,Premium
25.0,52452.62,8.0,desktop,East,Premium
54.0,43052.76,2.0,desktop,South,Regular
52.0,48994.67,6.0,mobile,West,Premium
37.0,32227.14,4.0,mobile,North,Budget
37.0,40411.86,3.0,mobile,North,Budget
23.0,91739.9,4.0,mobile,South,Premium
46.0,39764.79,7.0,mobile,East,Regular
42.0,45612.12,5.0,desktop,North,Regular
69.0,66048.84,5.0,desktop,South,Regular
34.0,59032.47,6.0,mobile,North,Regular
54.0,68623.29,5.0,mobile,North,Regular
35.0,37942.43,4.0,desktop,North,Regular
45.0,34193.07,6.0,mobile,West,Budget
33.0,78992.47,9.0,mobile,South,Premium
69.0,41505.49,9.0,mobile,East,Regular
40.0,52394.73,3.0,desktop,West,Regular
44.0,58228.97,5.0,mobile,North,Regular
24.0,19535.89,3.0,mobile,South,Budget
41.0,50624.75,6.0,tablet,West,Regular
65.0,42018.23,8.0,desktop,South,Regular
62.0,64064.02,6.0,tablet,North,Regular
48.0,48385.49,5.0,mobile,East,Regular
67.0,12000.0,8.0,mobile,West,Budget
24.0,69018.15,6.0,mobile,East,Regular
55.0,12000.0,4.0,desktop,North,Budget
38.0,46511.18,5.0,mobile,West,Regular
36.0,41201.08,1.0,desktop,North,Regular
69.0,42734.49,5.0,desktop,North,Regular
38.0,53981.0,8.0,desktop,North,Regular
48.0,72086.0,7.0,tablet,South,Regular
18.0,37844.32,2.0,desktop,West,Regular
29.0,42724.35,8.0,desktop,North,Regular
30.0,68162.44,4.0,desktop,South,Regular
52.0,63737.15,4.0,mobile,West,Regular
58.0,67674.24,6.0,mobile,West,Regular
40.0,60474.12,3.0,desktop,North,Regular
43.0,49638.89,6.0,mobile,East,Regular
52.0,45033.01,10.0,mobile,East,Premium
62.0,45312.04,12.0,desktop,East,Premium
58.0,71244.32,11.0,desktop,West,Premium
52.0,82309.76,3.0,mobile,South,Regular
21.0,91450.02,5.0,desktop,South,Premium
47.0,34687.14,7.0,mobile,East,Regular
26.0,49764.25,9.0,mobile,South,Regular
59.0,54315.28,5.0,desktop,South,Regular
47.0,51135.64,5.0,desktop,East,Regular
43.0,33038.18,1.0,mobile,North,Budget
20.0,95237.34,8.0,tablet,North,Premium
52.0,82637.39,3.0,mobile,South,Regular
44.0,51156.32,5.0,desktop,South,Regular
43.0,45702.6,2.0,desktop,South,Regular
29.0,54091.0,7.0,desktop,West,Regular
36.0,31501.09,5.0,mobile,North,Budget
61.0,47871.56,8.0,mobile,West,Regular
57.0,68801.91,4.0,mobile,East,Regular
61.0,,6.0,mobile,North,Regular
21.0,71010.08,6.0,desktop,East,Premium
29.0,78683.66,5.0,mobile,West,Regular
68.0,34388.08,10.0,desktop,North,Regular
21.0,12000.0,11.0,mobile,North,Regular
67.0,80225.52,4.0,mobile,South,Regular
53.0,57738.14,5.0,mobile,East,Budget
61.0,52716.89,3.0,desktop,East,Regular
39.0,85781.6,8.0,desktop,West,Premium
42.0,36114.83,13.0,tablet,West,Regular
33.0,36242.06,4.0,tablet,South,Budget
41.0,40248.68,9.0,mobile,East,Regular
64.0,84794.43,8.0,mobile,East,Premium
38.0,72141.31,10.0,mobile,North,Premium
20.0,20606.15,4.0,mobile,East,Budget
41.0,85576.35,4.0,desktop,South,Premium
22.0,54541.02,5.0,mobile,East,Regular
29.0,62345.09,7.0,mobile,West,Regular
27.0,,5.0,mobile,North,Regular
59.0,89812.88,8.0,desktop,East,Premium
35.0,62553.89,10.0,desktop,North,Premium
63.0,79188.06,5.0,desktop,East,Regular
54.0,35395.33,6.0,desktop,North,Regular
44.0,67505.25,8.0,mobile,North,Regular
30.0,55991.43,10.0,mobile,North,Regular
62.0,50006.35,8.0,mobile,East,Regular
51.0,38873.57,6.0,mobile,West,Regular
33.0,41004.73,4.0,mobile,South,Regular
33.0,32115.06,3.0,mobile,East,Budget
62.0,41690.82,5.0,mobile,North,Budget
52.0,53787.72,12.0,desktop,North,Premium
68.0,65315.15,10.0,desktop,East,Premium
44.0,24676.13,5.0,desktop,South,Regular
52.0,34614.12,1.0,mobile,South,Budget
59.0,42633.5,7.0,mobile,East,Premium
68.0,23181.06,11.0,mobile,North,Regular
29.0,48776.62,7.0,desktop,North,Regular
55.0,49229.1,8.0,desktop,South,Regular
42.0,50623.23,3.0,mobile,South,Regular
54.0,62069.32,3.0,mobile,East,Regular
19.0,72146.01,6.0,mobile,South,Regular
42.0,69459.31,9.0,desktop,West,Premium
69.0,59550.0,4.0,mobile,West,Regular
21.0,65478.62,2.0,mobile,North,Regular
28.0,39140.19,6.0,mobile,North,Regular
24.0,36355.38,5.0,mobile,East,Regular
61.0,66534.43,2.0,mobile,North,Regular
61.0,64981.89,8.0,desktop,West,Premium
47.0,95957.89,5.0,mobile,East,Premium
27.0,,3.0,mobile,North,Regular
68.0,35478.94,7.0,desktop,East,Regular
53.0,59791.32,7.0,mobile,East,Budget
41.0,45711.48,4.0,mobile,East,Regular
26.0,37312.1,8.0,tablet,West,Regular
47.0,80198.06,8.0,mobile,East,Premium
57.0,90892.42,8.0,desktop,North,Regular
31.0,,6.0,tablet,West,Regular
67.0,41827.44,5.0,mobile,North,Budget
58.0,59120.81,4.0,mobile,West,Premium
50.0,53236.05,4.0,desktop,North,Regular
44.0,27830.31,9.0,mobile,North,Regular
20.0,70149.11,13.0,desktop,East,Premium
24.0,60839.39,12.0,desktop,North,Premium
56.0,78167.59,5.0,mobile,South,Regular
22.0,43720.01,2.0,desktop,East,Regular
42.0,53976.59,2.0,mobile,East,Budget
27.0,52089.97,4.0,desktop,West,Regular
63.0,21489.33,10.0,desktop,East,Regular
62.0,102108.18,7.0,desktop,West,Premium
25.0,14492.75,6.0,desktop,East,Regular
39.0,32509.59,7.0,mobile,West,Regular
32.0,47554.71,4.0,mobile,South,Regular
18.0,24543.35,8.0,desktop,East,Regular
65.0,62361.92,6.0,mobile,East,Regular
55.0,45501.99,5.0,mobile,East,Regular
61.0,55783.71,12.0,mobile,West,Budget
35.0,58836.32,6.0,mobile,North,Regular
65.0,55825.64,7.0,desktop,West,Regular
21.0,56284.36,6.0,desktop,West,Regular
45.0,51554.32,6.0,desktop,East,Regular
23.0,62586.63,5.0,desktop,North,Regular
53.0,69891.92,2.0,desktop,West,Regular
49.0,49580.32,8.0,mobile,East,Regular
66.0,45950.16,7.0,desktop,East,Regular
58.0,46842.74,2.0,mobile,South,Budget
52.0,60379.36,11.0,tablet,South,Regular
37.0,47481.8,5.0,desktop,West,Regular
22.0,47227.11,7.0,desktop,East,Regular
65.0,25745.04,5.0,desktop,East,Budget
26.0,91412.63,2.0,mobile,West,Regular
24.0,31001.38,4.0,mobile,North,Budget
18.0,86706.75,7.0,mobile,South,Premium
62.0,69854.54,7.0,mobile,West,Regular
23.0,74230.44,6.0,mobile,North,Regular
31.0,59628.16,10.0,desktop,West,Premium
19.0,64082.86,12.0,mobile,East,Premium
61.0,60243.85,4.0,desktop,West,Regular
38.0,66029.46,5.0,mobile,East,Regular
53.0,70786.49,6.0,mobile,East,Regular
50.0,83907.9,4.0,desktop,West,Premium
49.0,35747.37,8.0,mobile,East,Budget
62.0,64145.47,4.0,mobile,North,Regular
63.0,85766.28,5.0,mobile,West,Regular
39.0,81565.16,9.0,mobile,North,Premium
30.0,35169.22,6.0,mobile,East,Regular
26.0,60847.08,6.0,mobile,East,Regular
23.0,60230.29,4.0,desktop,West,Regular
65.0,59646.03,3.0,mobile,West,Regular
33.0,12000.0,7.0,desktop,South,Regular
65.0,71544.39,5.0,tablet,South,Regular
50.0,24014.76,5.0,desktop,East,Budget
68.0,97039.29,7.0,mobile,North,Premium
49.0,67618.34,2.0,desktop,South,Regular
19.0,53126.56,6.0,tablet,East,Regular
58.0,67223.87,7.0,desktop,South,Regular
48.0,57804.68,7.0,mobile,South,Regular
30.0,44805.22,4.0,desktop,East,Regular
50.0,53298.02,7.0,tablet,East,Regular
25.0,61792.67,5.0,mobile,East,Regular
45.0,39614.16,6.0,mobile,North,Regular
61.0,68885.99,5.0,desktop,West,Regular
27.0,76658.74,8.0,mobile,North,Premium
49.0,75854.72,5.0,mobile,South,Regular
65.0,77910.25,3.0,mobile,North,Regular
59.0,80255.05,6.0,desktop,East,Premium
45.0,68815.29,6.0,desktop,West,Premium
22.0,,5.0,mobile,South,Regular
19.0,56439.05,6.0,mobile,West,Regular
27.0,63155.17,7.0,tablet,South,Regular
36.0,82675.2,8.0,mobile,North,Premium
48.0,92738.03,11.0,desktop,North,Premium
55.0,48503.49,2.0,desktop,North,Regular
56.0,27246.32,8.0,mobile,South,Budget
28.0,96772.8,7.0,desktop,South,Premium
36.0,77691.85,6.0,mobile,West,Regular
58.0,90646.93,4.0,tablet,East,Regular
58.0,72833.02,3.0,mobile,North,Regular
28.0,,5.0,desktop,South,Regular
29.0,43052.56,9.0,mobile,East,Regular
40.0,36763.23,6.0,desktop,West,Regular
33.0,83494.15,6.0,tablet,South,Premium
33.0,74448.31,8.0,desktop,West,Premium
43.0,61551.45,6.0,mobile,West,Regular
24.0,33803.98,5.0,mobile,North,Regular
19.0,45244.83,5.0,desktop,South,Regular
63.0,43361.71,8.0,mobile,West,Regular
46.0,49535.44,4.0,desktop,East,Regular
35.0,12000.0,6.0,mobile,South,Budget
43.0,59784.31,5.0,mobile,North,Regular
57.0,85723.02,3.0,mobile,West,Budget
41.0,44820.83,4.0,mobile,East,Regular
64.0,55919.01,5.0,mobile,South,Regular
59.0,60756.21,6.0,mobile,East,Regular
32.0,36005.99,1.0,desktop,West,Budget
50.0,63765.79,6.0,tablet,North,Regular
18.0,39606.79,5.0,desktop,North,Regular
42.0,46866.12,5.0,mobile,West,Regular
45.0,60321.58,8.0,mobile,East,Regular
67.0,54330.74,8.0,mobile,West,Regular
30.0,57278.37,5.0,tablet,South,Regular
55.0,37513.69,9.0,desktop,East,Regular
63.0,69572.17,4.0,mobile,West,Regular
41.0,,3.0,tablet,West,Budget
26.0,71866.32,7.0,mobile,South,Regular
48.0,46042.57,5.0,mobile,East,Regular
55.0,32320.42,1.0,mobile,West,Budget
41.0,53700.13,8.0,desktop,West,Regular
19.0,34837.65,6.0,mobile,West,Regular
52.0,45088.63,7.0,mobile,West,Regular
32.0,52482.83,4.0,desktop,South,Regular
49.0,70665.2,4.0,mobile,South,Regular
28.0,70933.48,7.0,desktop,East,Premium
50.0,64755.48,6.0,desktop,West,Regular
62.0,49902.81,5.0,desktop,West,Regular
20.0,25723.88,5.0,mobile,East,Budget
49.0,51056.67,7.0,tablet,East,Regular
55.0,49165.61,10.0,mobile,West,Regular
52.0,52892.09,7.0,tablet,South,Regular
45.0,45140.12,3.0,mobile,East,Budget
22.0,45208.52,4.0,desktop,North,Regular
35.0,71113.71,4.0,mobile,East,Regular
34.0,29405.34,6.0,mobile,East,Budget
37.0,55600.37,7.0,desktop,West,Budget
64.0,,5.0,desktop,East,Premium
20.0,40391.89,7.0,mobile,South,Regular
49.0,36174.48,4.0,mobile,East,Budget
46.0,51047.51,5.0,mobile,West,Regular
57.0,48726.98,6.0,mobile,North,Regular
36.0,60541.4,5.0,desktop,South,Regular
44.0,81851.03,7.0,mobile,East,Premium
45.0,52947.99,5.0,mobile,North,Regular
28.0,66310.81,10.0,desktop,North,Premium
19.0,44087.75,8.0,desktop,North,Regular
65.0,45881.06,8.0,mobile,North,Regular
60.0,61139.99,6.0,mobile,North,Regular
31.0,42323.3,6.0,mobile,East,Regular
40.0,78841.63,5.0,mobile,North,Regular
26.0,47496.43,10.0,desktop,South,Premium
18.0,52240.07,5.0,tablet,South,Regular
51.0,35053.07,4.0,mobile,West,Budget
47.0,46895.3,7.0,mobile,East,Regular
22.0,35827.39,4.0,mobile,East,Budget
67.0,45854.24,12.0,desktop,East,Premium
57.0,20683.02,7.0,tablet,North,Budget
25.0,55177.68,2.0,tablet,West,Regular
55.0,89517.67,9.0,desktop,South,Premium
55.0,18694.55,6.0,desktop,West,Budget
37.0,89371.32,6.0,tablet,North,Premium
55.0,53004.56,1.0,mobile,West,Budget
44.0,72703.11,8.0,mobile,West,Regular
40.0,35630.09,8.0,mobile,North,Regular
43.0,95084.17,7.0,desktop,West,Regular
43.0,34264.11,6.0,desktop,West,Regular
21.0,53847.13,9.0,desktop,North,Premium
37.0,85837.39,6.0,mobile,East,Premium
22.0,30321.47,3.0,mobile,East,Budget
35.0,12000.0,6.0,desktop,North,Budget
36.0,53912.55,3.0,mobile,West,Regular
63.0,40254.85,1.0,desktop,South,Budget
18.0,36231.61,5.0,desktop,East,Regular
40.0,37361.56,4.0,desktop,North,Regular
27.0,26535.73,4.0,mobile,North,Budget
62.0,82842.19,7.0,desktop,North,Premium
37.0,79276.28,3.0,mobile,East,Regular
40.0,28483.26,6.0,mobile,South,Budget
50.0,53212.14,6.0,desktop,South,Regular
58.0,46250.81,3.0,mobile,North,Regular
44.0,76980.27,9.0,desktop,North,Premium
59.0,38797.55,6.0,mobile,East,Budget
27.0,87234.27,3.0,desktop,North,Premium
48.0,55354.99,7.0,desktop,East,Regular
57.0,39751.64,6.0,mobile,West,Regular
40.0,53513.78,7.0,mobile,East,Regular
59.0,43752.11,6.0,tablet,West,Regular
62.0,99795.0,3.0,desktop,South,Premium
52.0,58182.46,7.0,mobile,North,Regular
65.0,,4.0,desktop,West,Regular
53.0,57130.43,6.0,mobile,North,Regular
35.0,84375.16,2.0,mobile,East,Regular
31.0,36236.44,6.0,mobile,West,Regular
35.0,21952.93,6.0,desktop,South,Regular
61.0,81158.38,6.0,mobile,South,Regular
65.0,67355.49,7.0,mobile,North,Regular
48.0,46314.53,5.0,mobile,West,Regular
69.0,53633.13,6.0,desktop,West,Regular
27.0,77114.18,4.0,desktop,East,Regular
43.0,12000.0,12.0,mobile,West,Regular
53.0,80408.97,6.0,mobile,North,Regular
27.0,51712.48,7.0,desktop,East,Regular
50.0,68605.32,9.0,mobile,North,Regular
31.0,54161.59,7.0,mobile,South,Regular
47.0,116488.12,6.0,mobile,West,Premium
34.0,42891.2,6.0,mobile,South,Regular
42.0,77003.07,9.0,desktop,North,Premium
38.0,12000.0,6.0,mobile,West,Budget
57.0,55940.12,6.0,mobile,East,Regular
69.0,70809.22,8.0,tablet,North,Regular
55.0,24454.47,7.0,mobile,North,Budget
34.0,14804.24,4.0,mobile,West,Regular
48.0,57061.67,5.0,mobile,East,Regular
22.0,75281.71,6.0,desktop,East,Premium
21.0,78712.04,7.0,mobile,North,Premium
46.0,41506.23,7.0,tablet,North,Regular
30.0,62023.55,6.0,desktop,South,Regular
67.0,27012.9,2.0,mobile,North,Budget
68.0,89876.29,4.0,desktop,North,Premium
28.0,43718.29,5.0,mobile,East,Regular
38.0,80519.92,1.0,mobile,East,Regular
44.0,49742.17,2.0,mobile,North,Budget
50.0,48536.47,5.0,mobile,West,Regular
57.0,87413.8,12.0,desktop,East,Premium
24.0,37743.43,7.0,mobile,South,Regular
45.0,80878.04,5.0,mobile,East,Regular
47.0,47984.01,6.0,mobile,East,Regular
20.0,37567.37,8.0,mobile,West,Regular
49.0,38377.75,3.0,mobile,South,Budget
32.0,77566.31,7.0,tablet,South,Premium
57.0,53475.56,4.0,desktop,North,Regular
46.0,48000.12,6.0,tablet,West,Regular
68.0,24971.22,3.0,desktop,West,Budget
26.0,78498.1,7.0,desktop,East,Premium
41.0,75988.95,9.0,desktop,North,Premium
49.0,61497.99,4.0,mobile,North,Premium
34.0,70572.57,5.0,mobile,East,Regular
40.0,12000.0,5.0,mobile,North,Budget
26.0,44417.56,8.0,mobile,West,Regular
47.0,58252.87,9.0,tablet,East,Regular
35.0,57127.57,6.0,mobile,West,Regular
50.0,43666.35,6.0,mobile,West,Regular
41.0,59756.81,8.0,desktop,North,Premium
46.0,40431.35,7.0,desktop,East,Regular
68.0,41924.66,8.0,mobile,East,Regular
66.0,30117.5,5.0,desktop,South,Budget
44.0,57755.88,7.0,desktop,North,Regular
48.0,,5.0,tablet,East,Budget
53.0,44950.23,4.0,tablet,West,Budget
40.0,82695.43,7.0,desktop,South,Premium
56.0,54139.61,9.0,desktop,West,Regular
19.0,54286.4,6.0,desktop,East,Regular
18.0,24300.75,1.0,tablet,South,Premium
19.0,44530.79,3.0,tablet,West,Regular
30.0,74632.74,10.0,desktop,South,Premium
24.0,66025.39,7.0,tablet,South,Regular
46.0,56062.91,2.0,mobile,South,Regular
61.0,51478.33,6.0,mobile,South,Regular
20.0,56323.22,7.0,desktop,North,Premium
48.0,62952.1,4.0,mobile,East,Regular
25.0,48495.24,8.0,desktop,West,Regular
57.0,12000.0,5.0,mobile,East,Budget
57.0,94305.14,9.0,desktop,West,Premium
65.0,77717.24,5.0,mobile,South,Regular
53.0,51908.62,6.0,mobile,South,Regular
53.0,83211.63,6.0,mobile,South,Regular
25.0,28879.42,8.0,mobile,West,Regular
22.0,80785.76,2.0,desktop,West,Premium
24.0,58817.37,1.0,mobile,South,Regular
63.0,72761.56,8.0,mobile,South,Regular
61.0,48084.01,3.0,mobile,North,Budget
40.0,58012.17,8.0,mobile,North,Regular
42.0,66680.36,10.0,desktop,South,Premium
20.0,75958.88,6.0,mobile,North,Regular
34.0,65276.8,3.0,mobile,West,Regular
24.0,63860.51,5.0,mobile,West,Regular
55.0,43149.63,5.0,tablet,West,Budget
28.0,89326.02,3.0,mobile,South,Regular
52.0,59157.58,10.0,mobile,East,Regular
63.0,50477.04,6.0,mobile,South,Regular
69.0,48506.18,8.0,mobile,South,Premium
46.0,30937.32,5.0,mobile,North,Budget
23.0,40215.65,6.0,mobile,North,Regular
52.0,24526.73,4.0,mobile,South,Budget
57.0,59064.93,5.0,mobile,South,Regular
59.0,53359.43,8.0,desktop,South,Regular
41.0,,6.0,desktop,East,Regular
49.0,29986.16,7.0,desktop,West,Regular
30.0,46543.89,3.0,desktop,North,Regular
25.0,42153.62,8.0,mobile,North,Regular
43.0,74807.7,7.0,mobile,West,Regular
43.0,25156.1,12.0,mobile,North,Regular
19.0,24598.11,5.0,desktop,North,Regular
68.0,80661.44,5.0,desktop,South,Regular
24.0,62199.35,7.0,mobile,North,Premium
28.0,23615.29,9.0,desktop,South,Regular
23.0,81959.69,3.0,mobile,North,Regular
48.0,84825.44,5.0,mobile,East,Regular
53.0,77812.6,9.0,mobile,North,Premium
59.0,13720.15,7.0,mobile,North,Budget
54.0,57380.16,3.0,mobile,North,Regular
19.0,37675.04,4.0,desktop,West,Regular
30.0,49650.88,8.0,mobile,East,Regular
56.0,23365.97,5.0,desktop,South,Budget
33.0,89651.53,5.0,mobile,North,Premium
56.0,41117.63,7.0,mobile,North,Regular
58.0,60513.1,9.0,tablet,West,Regular
25.0,71058.91,5.0,desktop,South,Premium
38.0,67234.02,3.0,desktop,West,Regular
40.0,63200.2,5.0,mobile,East,Regular
36.0,47147.95,4.0,desktop,West,Regular
59.0,59379.11,6.0,desktop,East,Regular
67.0,,7.0,mobile,West,Regular
23.0,12000.0,8.0,mobile,South,Budget
46.0,74962.19,6.0,desktop,South,Premium
25.0,,5.0,mobile,South,Regular
45.0,44520.53,6.0,desktop,North,Budget
54.0,46702.92,6.0,mobile,East,Regular
49.0,27159.73,7.0,desktop,South,Regular
22.0,30701.92,9.0,desktop,South,Regular
20.0,18870.27,5.0,desktop,South,Regular
63.0,64314.7,5.0,tablet,West,Regular
38.0,78569.76,7.0,desktop,South,Premium
50.0,56433.47,7.0,tablet,East,Regular
59.0,32023.65,7.0,mobile,South,Budget
19.0,81071.36,6.0,tablet,East,Premium
51.0,48543.46,7.0,desktop,East,Regular
63.0,23042.21,10.0,mobile,South,Regular
64.0,17276.95,9.0,desktop,North,Regular
58.0,58557.04,5.0,desktop,South,Regular
34.0,83804.65,8.0,mobile,South,Premium
44.0,47232.04,8.0,desktop,West,Regular
42.0,42214.52,3.0,mobile,South,Budget
24.0,49433.89,7.0,mobile,East,Regular
30.0,37920.19,9.0,mobile,West,Regular
51.0,43972.84,5.0,desktop,North,Regular
27.0,59951.92,3.0,mobile,East,Regular
34.0,40430.15,1.0,mobile,East,Budget
22.0,73545.75,3.0,mobile,South,Regular
60.0,35341.95,4.0,tablet,East,Budget
28.0,69065.84,8.0,mobile,North,Regular
52.0,61805.84,4.0,mobile,South,Regular
26.0,47161.42,7.0,mobile,South,Regular
33.0,48936.8,9.0,mobile,South,Regular
40.0,48381.18,4.0,mobile,South,Regular
51.0,88460.19,3.0,mobile,East,Regular
39.0,38685.6,8.0,tablet,East,Regular
45.0,78643.96,4.0,desktop,West,Premium
57.0,75065.42,6.0,desktop,South,Premium
42.0,,6.0,desktop,West,Regular
58.0,87231.12,8.0,tablet,West,Premium
67.0,12000.0,5.0,mobile,North,Budget
46.0,59782.19,11.0,desktop,South,Premium
52.0,57453.3,7.0,desktop,North,Regular
52.0,55273.34,6.0,mobile,West,Regular
64.0,71618.91,6.0,mobile,North,Regular
42.0,46868.84,6.0,desktop,North,Regular
61.0,51145.17,5.0,desktop,East,Regular
34.0,77873.01,4.0,mobile,East,Regular
63.0,52551.25,3.0,desktop,South,Regular
44.0,,10.0,mobile,South,Regular
22.0,66267.68,8.0,desktop,West,Premium
50.0,53211.99,4.0,mobile,East,Regular
35.0,43582.6,4.0,mobile,East,Regular
67.0,65913.02,6.0,tablet,East,Regular
45.0,39440.51,6.0,desktop,West,Premium
60.0,35243.98,5.0,tablet,East,Budget
40.0,49638.21,7.0,tablet,West,Regular
21.0,51055.17,4.0,mobile,East,Regular
47.0,55917.99,5.0,desktop,South,Regular
51.0,30774.52,5.0,mobile,East,Budget
50.0,89259.3,9.0,desktop,North,Premium
22.0,68375.19,2.0,tablet,North,Regular
19.0,57715.12,4.0,desktop,West,Regular
50.0,59458.94,5.0,mobile,South,Regular
42.0,12000.0,4.0,mobile,South,Budget
62.0,73353.32,5.0,tablet,North,Regular
29.0,34402.47,6.0,mobile,West,Regular
54.0,64930.25,8.0,desktop,North,Premium
30.0,30964.42,6.0,mobile,West,Regular
24.0,74566.27,7.0,desktop,North,Premium
47.0,44156.49,10.0,desktop,West,Regular
40.0,50611.5,12.0,mobile,East,Regular
40.0,85435.77,10.0,mobile,East,Premium
28.0,74657.87,6.0,desktop,North,Premium
27.0,27348.16,3.0,mobile,North,Budget
52.0,40893.73,6.0,mobile,East,Regular
38.0,58742.84,6.0,mobile,West,Regular
54.0,50186.92,8.0,desktop,East,Regular
39.0,71020.39,9.0,mobile,North,Premium
56.0,41170.48,7.0,mobile,South,Regular
37.0,17331.13,5.0,desktop,East,Regular
36.0,36616.47,3.0,desktop,East,Regular
31.0,51159.65,4.0,mobile,South,Regular
49.0,65819.59,6.0,tablet,North,Regular
38.0,69737.67,7.0,tablet,West,Regular
28.0,79784.76,1.0,mobile,North,Regular
20.0,59568.16,4.0,mobile,East,Regular
66.0,50802.74,3.0,mobile,North,Budget
37.0,69479.13,6.0,mobile,South,Regular
66.0,52864.05,2.0,mobile,West,Budget
39.0,45481.82,5.0,tablet,South,Regular
19.0,45502.08,5.0,mobile,East,Regular
69.0,73432.06,3.0,mobile,West,Regular
47.0,84573.28,4.0,tablet,South,Regular
67.0,81183.44,8.0,desktop,West,Premium
55.0,22881.77,7.0,mobile,West,Budget
28.0,76721.69,5.0,mobile,East,Regular
30.0,32447.02,10.0,desktop,South,Regular
42.0,48030.4,10.0,tablet,West,Regular
19.0,66587.62,3.0,desktop,South,Regular
34.0,28185.04,5.0,mobile,East,Premium
18.0,30321.86,4.0,tablet,East,Budget
48.0,39855.28,7.0,desktop,East,Regular
54.0,88630.98,6.0,desktop,South,Premium
30.0,76398.89,4.0,mobile,East,Regular
18.0,36895.4,5.0,mobile,North,Regular
28.0,57631.35,11.0,tablet,West,Premium
38.0,57579.14,8.0,desktop,South,Premium
35.0,61123.7,9.0,desktop,West,Premium
59.0,40660.51,6.0,mobile,East,Regular
54.0,83693.02,6.0,mobile,South,Regular
20.0,47284.96,4.0,mobile,North,Regular
40.0,71262.35,9.0,tablet,North,Premium
54.0,21191.87,6.0,mobile,South,Budget
69.0,62711.48,3.0,mobile,North,Regular
40.0,57772.66,5.0,mobile,South,Regular
41.0,82032.76,1.0,desktop,South,Regular
38.0,12000.0,5.0,mobile,South,Budget
66.0,65981.28,10.0,desktop,North,Premium
43.0,71147.1,8.0,desktop,South,Premium
36.0,49573.5,3.0,tablet,West,Regular
36.0,81194.32,11.0,mobile,South,Premium
46.0,96944.34,2.0,desktop,West,Premium
62.0,72500.94,7.0,desktop,West,Premium
42.0,71080.04,6.0,mobile,North,Regular
52.0,81876.3,6.0,desktop,South,Premium
35.0,63681.84,7.0,desktop,West,Premium
38.0,79460.87,4.0,desktop,South,Premium
35.0,66890.45,6.0,desktop,South,Premium
24.0,41204.24,6.0,mobile,North,Regular
25.0,33878.34,5.0,desktop,West,Regular
44.0,78415.42,7.0,mobile,West,Regular
49.0,66884.17,12.0,desktop,South,Premium
69.0,41504.63,5.0,mobile,South,Budget
31.0,55443.85,5.0,mobile,West,Regular
64.0,84218.47,6.0,mobile,West,Regular
42.0,20617.69,7.0,mobile,North,Budget
21.0,36864.03,4.0,mobile,East,Premium
63.0,68887.17,4.0,mobile,East,Regular
36.0,71402.81,12.0,mobile,East,Premium
67.0,31477.07,7.0,mobile,North,Budget
42.0,34995.07,7.0,mobile,North,Regular
63.0,58231.84,5.0,desktop,North,Regular
39.0,83042.07,4.0,desktop,South,Premium
56.0,55159.08,9.0,mobile,North,Regular
23.0,12000.0,7.0,desktop,South,Regular
28.0,75520.77,10.0,desktop,North,Regular
27.0,54489.29,2.0,desktop,South,Regular
44.0,45740.29,4.0,desktop,South,Regular
45.0,31686.75,8.0,desktop,West,Regular
28.0,78831.71,10.0,mobile,South,Premium
55.0,60274.34,7.0,desktop,North,Regular
59.0,63013.97,8.0,mobile,East,Regular
55.0,61934.45,8.0,mobile,North,Regular
46.0,63650.53,7.0,desktop,North,Regular
52.0,71673.14,6.0,desktop,East,Premium
63.0,89229.06,8.0,desktop,North,Premium
53.0,33645.11,4.0,desktop,West,Regular
50.0,53414.73,5.0,tablet,East,Regular
18.0,45846.57,3.0,tablet,East,Regular
36.0,88600.98,6.0,mobile,East,Premium
29.0,49152.36,5.0,mobile,East,Regular
34.0,22666.78,7.0,mobile,West,Budget
35.0,54372.45,3.0,mobile,North,Regular
60.0,40247.83,6.0,desktop,South,Regular
31.0,40100.93,4.0,mobile,North,Budget
33.0,45970.43,6.0,mobile,East,Regular
38.0,28738.37,2.0,mobile,South,Budget
30.0,16206.09,5.0,desktop,West,Budget
38.0,93955.25,6.0,mobile,South,Premium
69.0,52375.07,5.0,tablet,North,Regular
35.0,36176.88,5.0,mobile,North,Budget
30.0,67382.35,7.0,mobile,North,Regular
18.0,81611.29,7.0,mobile,East,Premium
68.0,19912.5,4.0,tablet,North,Budget
62.0,45956.26,7.0,mobile,South,Regular
31.0,60532.78,4.0,desktop,North,Regular
67.0,38001.97,2.0,mobile,West,Budget
38.0,63927.1,6.0,desktop,North,Regular
50.0,30127.27,8.0,tablet,West,Regular
62.0,41560.96,4.0,desktop,East,Regular
32.0,52467.95,5.0,desktop,East,Regular
62.0,63477.32,5.0,tablet,West,Regular
41.0,55677.24,7.0,mobile,South,Regular
20.0,41252.41,6.0,mobile,South,Regular
65.0,47509.13,10.0,desktop,East,Regular
23.0,12540.36,3.0,mobile,West,Budget
49.0,97631.16,5.0,desktop,South,Premium
45.0,46692.65,7.0,mobile,East,Regular
54.0,48979.1,12.0,tablet,South,Regular
55.0,60195.68,10.0,desktop,West,Premium
54.0,66321.63,8.0,tablet,South,Regular
53.0,61752.66,7.0,mobile,North,Regular
69.0,41305.14,11.0,desktop,North,Regular
66.0,21676.8,6.0,desktop,East,Budget
52.0,51379.28,8.0,desktop,North,Regular
23.0,38886.33,5.0,desktop,West,Regular
23.0,43796.51,3.0,desktop,North,Premium
58.0,54824.4,11.0,mobile,West,Regular
44.0,59684.9,6.0,desktop,West,Regular
57.0,80734.5,7.0,mobile,North,Regular
65.0,51905.96,4.0,mobile,South,Regular
60.0,20273.43,7.0,desktop,North,Regular
24.0,66564.51,4.0,mobile,South,Regular
40.0,73415.25,5.0,mobile,North,Premium
20.0,21903.39,4.0,tablet,South,Regular
32.0,66981.77,4.0,desktop,East,Regular
20.0,58584.49,6.0,desktop,East,Regular
63.0,43956.11,11.0,mobile,West,Regular
21.0,58261.87,8.0,desktop,North,Premium
24.0,62624.91,4.0,tablet,West,Regular
26.0,66684.87,7.0,mobile,West,Regular
22.0,77817.8,8.0,mobile,East,Premium
58.0,54568.43,6.0,desktop,South,Regular
41.0,54699.75,6.0,mobile,North,Regular
49.0,103203.11,8.0,mobile,North,Premium
65.0,33399.89,5.0,mobile,North,Budget
56.0,49330.44,7.0,desktop,North,Regular
40.0,47718.58,6.0,tablet,East,Regular
46.0,70208.13,7.0,desktop,North,Premium
51.0,77000.98,6.0,desktop,South,Premium
36.0,28352.2,7.0,desktop,South,Regular
44.0,79489.28,3.0,tablet,West,Regular
58.0,31010.98,7.0,mobile,North,Budget
62.0,107097.4,7.0,tablet,South,Premium
26.0,,11.0,mobile,West,Regular
53.0,76966.38,6.0,mobile,North,Regular
36.0,49471.08,5.0,desktop,South,Regular
56.0,69048.71,7.0,mobile,South,Regular
39.0,39843.82,1.0,tablet,South,Budget
24.0,57494.67,5.0,mobile,West,Regular
53.0,55301.06,6.0,mobile,North,Regular
59.0,56699.96,2.0,mobile,West,Budget
57.0,70762.96,2.0,mobile,South,Budget
22.0,46014.72,11.0,tablet,East,Regular
47.0,48355.62,2.0,mobile,East,Budget
20.0,28489.89,7.0,mobile,South,Regular
49.0,52065.33,6.0,desktop,South,Regular
25.0,45003.53,5.0,mobile,South,Regular
32.0,72557.49,6.0,mobile,West,Regular
44.0,68286.72,6.0,mobile,North,Regular
48.0,40357.23,5.0,mobile,West,Budget
62.0,63717.32,7.0,desktop,East,Regular
61.0,81178.73,7.0,desktop,East,Premium
23.0,50656.25,4.0,desktop,West,Premium
40.0,31363.93,4.0,mobile,West,Budget
68.0,104164.72,4.0,mobile,South,Premium
57.0,65953.64,7.0,desktop,North,Regular
54.0,68958.06,4.0,mobile,East,Regular
44.0,105031.81,5.0,mobile,North,Premium
46.0,38874.53,5.0,mobile,East,Budget
44.0,60990.91,12.0,mobile,South,Premium
66.0,16909.53,4.0,mobile,West,Budget
49.0,64738.39,5.0,mobile,South,Regular
35.0,62794.59,9.0,mobile,North,Regular
25.0,39189.68,3.0,mobile,East,Budget
66.0,37803.79,2.0,mobile,North,Budget
29.0,51351.89,6.0,desktop,West,Regular
18.0,50254.79,1.0,mobile,West,Budget
27.0,86581.37,4.0,mobile,South,Regular
42.0,49980.26,10.0,desktop,South,Premium
45.0,51697.07,5.0,desktop,North,Regular
31.0,51340.58,7.0,desktop,North,Regular
52.0,22840.7,6.0,mobile,South,Budget
19.0,,4.0,desktop,West,Regular
54.0,27788.5,4.0,mobile,North,Budget
45.0,57405.22,3.0,desktop,West,Regular
28.0,12000.0,4.0,mobile,West,Budget
