annual_visits,avg_basket_size
93.6,1.0
20.5,43.95
61.6,1.0
32.1,14.79
28.0,5.88
70.8,3.38
77.8,22.85
13.4,7.37
26.8,2.58
104.4,53.05
15.0,1.0
37.5,31.15
98.5,65.6
100.5,49.16
91.0,51.37
16.7,2.91
43.6,46.29
79.6,13.07
73.6,41.21
109.4,34.87
74.2,6.75
76.5,21.53
12.6,1.0
71.0,1.0
26.8,36.29
85.8,18.79
86.2,19.18
17.6,45.59
77.6,11.75
27.2,49.3
97.1,43.47
8.4,1.0
90.4,11.08
32.8,42.77
83.3,7.97
31.8,1.0
35.1,51.99
30.3,26.53
83.9,49.79
70.0,4.61
85.9,43.7
96.7,45.06
91.8,21.58
22.9,5.07
93.7,15.82
27.4,38.63
90.4,42.76
20.7,48.84
28.3,1.0
67.2,15.51
106.7,63.26
8.5,6.46
26.0,2.29
30.9,42.81
82.3,9.12
21.9,1.0
12.5,1.82
12.6,39.07
28.6,35.93
82.1,4.35
71.5,49.02
24.4,11.45
29.9,1.0
92.0,38.3
68.0,44.4
88.5,44.95
18.5,2.85
84.2,44.71
88.0,8.7
92.6,35.65
84.3,40.89
77.6,15.96
90.9,34.37
91.6,17.83
11.2,1.0
89.7,5.63
34.2,44.33
66.7,11.37
20.0,1.0
16.9,8.19
52.6,1.0
32.2,47.08
70.2,34.68
89.4,34.49
81.7,10.22
77.0,14.85
82.9,46.86
26.5,10.21
86.2,51.74
81.5,16.93
85.7,53.08
91.2,50.25
89.8,24.39
37.4,31.13
30.9,48.92
106.8,34.56
80.6,59.31
91.9,7.3
32.9,29.8
24.5,2.26
17.0,35.67
77.7,34.71
17.2,39.74
6.6,1.0
88.9,46.75
106.7,30.1
24.4,34.75
19.9,1.0
86.2,3.29
18.9,44.53
27.3,9.19
89.0,48.1
69.2,11.49
82.8,17.43
31.3,32.73
70.3,34.18
84.0,6.57
19.3,1.0
76.4,11.45
73.3,38.42
69.7,5.23
16.1,1.0
89.9,40.38
17.8,9.61
114.3,55.9
76.0,42.94
70.8,22.5
70.0,30.81
95.4,28.43
24.2,35.67
34.7,37.68
31.6,38.87
41.9,32.14
71.5,12.89
27.8,30.18
84.0,58.89
18.6,27.06
12.5,8.0
39.3,36.01
22.4,54.49
92.9,37.39
28.7,4.82
85.7,4.52
92.1,1.0
75.9,51.19
89.8,52.65
27.6,25.1
70.0,20.21
83.3,57.2
28.1,33.11
20.0,45.4
89.6,55.15
100.3,59.7
64.7,9.23
21.9,1.0
76.2,1.19
88.1,10.89
83.6,71.37
24.0,57.66
31.5,45.48
17.3,1.0
24.4,26.32
19.3,10.29
85.3,43.85
82.9,34.72
74.5,37.5
74.2,16.39
89.3,43.66
26.8,43.84
34.9,47.3
20.7,1.0
24.4,18.92
78.3,17.8
81.2,1.0
115.2,28.88
27.8,38.51
71.1,18.06
20.8,3.37
40.9,49.24
106.6,58.27
30.6,36.33
87.0,30.46
16.1,1.0
23.2,33.59
76.9,6.06
18.6,3.34
22.1,1.0
13.2,31.0
12.6,1.0
23.5,5.35
72.1,16.03
32.2,35.25
20.2,1.0
100.2,37.76
32.4,40.16
77.4,18.61
16.6,10.12
19.3,1.0
32.7,51.75
23.8,1.0
23.9,5.23
88.9,40.47
100.9,49.63
88.5,43.7
16.4,48.85
18.5,41.19
83.6,31.19
91.1,48.69
28.2,41.24
44.5,41.97
87.6,11.37
88.3,47.08
35.5,32.84
92.1,48.35
83.7,12.88
31.3,37.87
92.5,53.48
16.1,10.26
93.7,53.58
17.6,6.15
18.1,1.0
40.6,45.41
15.8,3.01
83.3,50.12
91.3,23.83
79.1,58.84
13.4,1.0
86.5,4.31
87.1,16.76
20.8,2.37
23.0,39.38
24.4,39.91
16.9,2.67
22.8,34.18
87.6,20.86
31.1,34.96
71.1,4.85
85.2,17.57
83.3,16.32
19.2,1.67
33.3,23.78
99.4,43.17
87.9,11.96
37.8,39.53
21.3,1.0
33.0,41.69
25.6,5.81
82.8,35.55
82.9,8.76
77.1,3.6
93.1,24.37
16.5,6.75
104.0,46.65
19.7,41.12
21.1,3.15
74.3,45.91
74.7,1.6
89.4,35.47
14.5,9.69
12.0,1.72
73.1,59.78
42.0,28.46
77.0,9.03
85.5,19.62
30.1,38.08
14.1,3.94
87.6,2.96
82.7,17.57
90.4,43.11
21.3,1.0
84.4,33.13
75.8,46.05
21.2,1.0
93.4,59.81
98.5,34.67
18.4,1.0
31.6,37.73
88.4,1.0
68.2,10.78
33.0,31.81
90.5,19.5
23.2,40.69
25.3,1.0
91.6,37.4
84.6,21.13
19.0,1.32
92.5,53.52
38.4,40.33
67.4,39.46
89.1,38.65
80.0,22.33
92.4,29.74
77.9,5.76
26.2,3.14
96.3,47.27
68.1,17.69
33.7,40.93
17.0,10.05
103.2,23.13
85.4,43.7
85.4,71.74
67.4,23.73
96.2,61.62
21.2,44.33
91.6,10.72
98.8,13.15
34.8,44.85
35.4,51.35
93.7,37.48
98.1,55.67
14.5,6.38
49.2,29.93
66.4,24.57
89.1,19.9
37.8,28.47
69.1,45.25
35.1,41.97
93.7,59.83
44.6,50.43
76.9,26.15
43.7,23.9
79.9,18.68
83.1,34.65
78.2,6.66
84.7,1.0
29.1,38.98
88.4,7.36
30.4,38.01
27.0,36.63
15.5,1.0
82.4,30.73
28.9,9.38
88.7,45.37
94.9,22.48
26.1,44.4
105.4,50.11
84.5,7.4
79.9,14.66
85.8,39.45
1.8,1.0
37.7,33.97
34.3,34.3
82.7,1.0
112.8,61.05
23.1,1.0
74.8,1.01
21.4,42.98
30.6,35.13
32.0,52.58
23.1,1.0
72.7,17.5
126.5,52.68
25.1,5.05
96.7,46.06
19.2,1.0
89.4,11.66
89.8,69.93
88.1,38.62
30.1,35.27
83.9,15.11
29.0,42.85
101.7,16.86
14.9,1.0
26.0,3.59
85.7,32.63
36.1,45.74
20.8,53.96
65.3,18.98
21.5,37.28
39.1,22.77
89.1,35.92
85.1,34.66
85.5,1.0
61.3,12.17
27.2,1.0
79.3,5.82
32.0,43.21
12.7,1.0
93.5,36.95
89.3,34.67
83.1,9.48
94.1,54.13
27.7,1.0
33.7,38.88
23.9,5.13
95.7,7.93
34.8,43.69
13.7,1.0
11.1,2.35
84.3,1.0
95.3,63.69
66.6,4.07
83.1,8.86
16.4,10.48
80.8,10.5
33.5,46.44
75.9,32.06
95.8,46.38
28.5,36.8
82.6,65.32
10.4,12.01
23.4,3.94
78.7,8.72
75.2,11.51
37.5,29.73
23.5,1.0
81.9,47.68
86.4,15.76
24.7,39.79
20.2,9.34
43.8,36.16
73.4,11.07
89.2,32.59
31.1,52.41
27.5,2.63
68.1,5.9
27.7,32.84
79.6,57.48
11.1,9.77
34.4,47.16
40.1,36.7
76.9,29.11
15.3,2.76
98.3,46.31
20.2,1.0
88.5,13.02
90.1,51.5
82.4,11.26
87.3,15.26
35.3,35.2
31.9,41.36
28.7,30.63
70.2,19.34
76.4,5.58
6.4,1.0
15.4,1.0
86.1,44.13
12.7,11.02
19.2,1.0
70.2,13.5
81.3,11.22
76.0,66.04
13.2,34.56
83.2,19.72
25.3,1.0
20.5,1.0
23.8,2.44
79.5,27.72
35.6,37.98
30.9,38.49
92.4,33.46
31.0,3.58
20.8,52.12
42.1,42.05
19.9,48.11
29.2,40.56
18.3,6.49
98.6,21.97
90.0,14.6
99.4,55.87
20.4,5.75
79.2,19.69
76.7,16.97
8.6,1.0
98.8,40.71
89.1,46.26
74.5,39.69
75.6,60.98
79.4,50.68
105.2,41.57
26.5,36.65
39.9,39.49
28.7,38.54
34.6,46.67
65.4,14.43
37.4,37.04
24.1,8.61
73.7,23.96
23.2,34.6
93.0,36.59
28.9,1.0
91.9,57.6
71.1,23.23
21.6,4.23
95.3,5.27
18.2,14.33
14.8,1.0
26.9,1.0
8.8,28.52
27.9,41.45
85.7,20.86
40.6,39.22
22.8,38.86
86.9,13.0
74.4,17.24
81.2,1.93
16.9,1.56
78.2,11.12
23.1,1.0
35.9,35.74
25.5,42.4
24.4,12.32
25.7,33.89
78.4,22.04
95.7,16.45
77.6,48.2
78.2,25.46
58.3,1.21
36.1,34.19
38.5,39.58
86.8,7.16
39.5,47.38
17.2,5.6
72.1,12.85
14.1,1.0
31.3,43.69
95.9,18.1
70.2,34.51
15.0,1.0
82.5,47.77
67.0,5.54
84.1,14.84
19.7,1.0
87.6,49.34
86.1,8.43
93.1,51.65
77.8,36.05
93.3,20.55
71.7,7.58
40.8,43.96
64.7,9.15
23.4,33.71
89.8,27.6
17.3,1.0
90.4,35.98
85.5,5.62
27.2,37.03
72.8,14.83
29.1,3.96
23.3,1.0
73.8,21.35
90.2,16.52
84.1,17.93
99.5,35.86
17.2,1.0
37.2,46.28
18.7,2.46
95.0,60.15
31.4,32.21
93.8,61.31
30.5,38.09
92.1,33.66
89.9,22.25
82.4,4.79
92.3,42.76
67.5,1.0
28.4,37.68
77.1,32.36
114.1,49.06
96.4,34.71
34.4,46.47
10.4,1.0
85.2,22.69
105.7,19.43
34.4,36.73
24.0,2.01
90.0,13.88
16.5,1.0
16.2,1.0
105.9,27.74
95.2,45.03
100.1,31.02
101.4,37.69
30.1,46.11
20.0,1.0
38.3,40.11
34.1,44.53
73.7,13.17
17.5,1.2
14.0,1.0
87.2,16.2
91.1,23.51
26.8,40.58
81.2,32.64
17.7,39.85
77.1,11.38
42.9,38.52
78.2,16.07
26.5,46.1
22.5,4.91
21.8,42.67
23.3,2.92
26.1,34.54
80.2,19.38
22.0,1.0
27.0,1.0
84.2,15.46
78.0,10.76
19.4,5.26
75.6,17.11
21.1,9.04
17.4,5.77
96.5,48.09
29.2,33.69
74.0,26.6
14.5,3.0
68.9,52.8
84.3,40.44
88.2,50.85
20.2,1.0
80.8,22.26
14.9,8.47
84.7,45.81
21.7,2.04
35.1,38.09
37.4,33.45
37.5,42.13
79.0,36.68
83.2,8.5
12.6,4.27
95.6,1.0
28.1,36.09
90.6,47.05
37.4,39.08
22.2,2.95
90.5,39.09
28.2,1.0
28.9,37.93
93.3,30.78
31.9,1.0
91.4,29.85
24.1,1.0
19.2,5.93
37.9,37.96
19.6,1.0
94.3,48.14
91.3,48.79
33.5,32.37
78.4,20.36
30.5,1.6
84.2,39.39
75.8,9.8
23.7,4.23
14.6,3.34
15.2,1.57
33.0,33.44
23.8,31.94
98.4,61.86
77.6,7.98
25.8,34.44
82.3,10.79
35.4,44.75
23.9,1.31
83.5,53.36
26.7,1.33
84.7,52.65
63.0,8.25
93.7,34.04
19.1,5.67
30.0,42.45
21.7,7.55
92.3,30.52
76.0,1.0
18.5,1.0
75.4,2.62
83.3,54.25
82.1,65.64
29.8,35.73
82.3,24.07
81.1,42.06
67.1,22.92
33.9,33.18
34.7,15.34
29.4,49.06
33.0,36.86
35.7,30.74
81.6,36.3
78.9,8.96
83.0,53.97
83.5,19.62
90.8,26.22
94.3,36.3
73.0,1.0
27.1,1.0
27.6,37.47
68.0,17.38
86.2,36.8
80.9,41.04
87.3,28.64
19.6,31.13
78.1,7.04
15.7,7.14
93.8,46.84
20.1,2.46
78.4,3.41
89.2,36.08
85.3,44.0
86.0,58.56
27.4,51.28
37.5,49.45
31.2,32.88
84.0,56.29
15.0,1.0
61.2,13.93
78.3,48.06
14.8,1.92
32.9,3.17
7.3,1.0
16.6,15.24
80.5,1.0
65.4,25.6
73.6,14.42
93.8,1.0
78.8,6.65
87.3,54.92
92.0,40.52
85.1,29.03
28.6,34.33
42.9,43.09
25.6,3.86
17.1,6.63
29.0,39.3
26.3,34.63
24.7,6.94
84.6,28.52
30.3,44.99
18.9,15.53
100.9,48.46
29.2,43.72
36.3,37.54
38.8,40.63
38.6,42.53
27.4,1.0
12.8,1.0
10.0,2.69
31.5,44.73
24.8,1.0
22.6,1.0
26.4,41.19
21.8,7.92
38.8,36.39
92.0,8.86
9.9,1.0
67.9,11.12
85.2,41.76
71.3,20.36
22.9,38.2
64.1,42.13
93.5,42.8
23.3,1.0
19.0,1.0
19.5,1.22
19.7,41.83
30.8,38.36
17.1,11.75
35.9,53.07
85.1,36.07
30.8,26.56
28.1,7.47
13.1,5.09
16.0,3.95
35.4,31.8
94.7,51.06
87.3,33.96
28.7,41.64
20.2,4.54
19.3,2.52
66.4,18.33
97.4,53.13
13.4,1.0
72.8,1.11
25.8,36.38
90.5,61.77
27.8,42.58
36.9,39.41
17.6,6.85
21.7,2.13
85.9,63.1
86.9,21.98
36.7,48.09
31.6,40.13
79.6,15.62
36.1,27.31
68.2,14.26
12.9,1.0
95.1,50.16
72.1,30.65
72.4,36.72
85.8,21.59
23.2,46.42
17.4,18.55
91.1,49.98
82.1,23.4
64.1,26.62
32.7,47.55
38.0,39.36
70.5,18.28
68.3,12.39
31.0,30.47
79.8,43.27
92.5,31.18
30.2,39.77
19.8,34.42
23.2,42.42
85.2,13.3
13.7,44.22
19.1,1.0
21.8,47.25
98.4,56.36
19.5,36.23
89.8,53.2
16.8,6.64
77.0,21.02
18.4,6.4
81.6,56.86
104.7,47.64
94.3,5.17
93.6,43.75
84.6,41.74
82.8,6.14
84.6,57.1
32.0,33.61
82.7,9.66
81.9,24.68
25.7,10.33
32.8,1.0
22.8,3.28
11.5,4.78
93.2,17.55
13.3,9.0
27.2,48.45
26.7,1.0
89.9,37.8
16.2,1.0
84.2,19.12
27.5,38.92
81.3,3.52
76.4,16.01
25.8,27.09
24.6,35.52
32.3,47.88
35.4,43.71
92.4,39.42
62.1,21.62
76.8,10.46
16.5,1.0
89.7,44.83
32.3,42.18
92.0,45.75
90.7,8.23
35.0,37.56
86.7,31.27
45.8,46.73
77.7,49.27
83.6,47.27
31.1,41.1
34.1,44.59
95.0,49.35
18.0,5.61
79.8,40.15
28.6,41.13
38.7,47.75
77.7,64.64
91.2,3.46
27.3,45.29
32.6,50.29
83.7,13.21
22.8,43.79
74.3,8.47
16.7,7.71
80.5,18.93
24.1,5.37
96.4,35.48
22.6,44.17
25.4,36.62
96.1,19.72
36.3,34.96
98.3,45.63
78.0,55.05
71.0,47.4
33.8,41.09
64.6,19.56
76.6,24.91
16.3,12.46
73.8,43.98
77.4,14.75
29.1,1.0
90.2,42.43
23.7,37.68
76.3,16.66
89.1,14.58
27.5,1.0
87.7,33.35
27.2,25.01
77.0,8.48
92.9,40.82
75.5,28.52
64.3,7.33
10.4,1.0
76.4,11.91
24.4,1.0
66.0,7.87
85.4,23.2
74.2,11.04
73.0,30.83
15.1,11.49
12.2,1.0
51.2,42.79
78.6,36.47
16.3,3.25
24.1,38.58
25.5,1.98
28.3,39.38
91.5,49.26
103.9,58.55
114.6,44.06
21.8,2.82
20.5,6.24
18.9,1.0
84.5,38.63
25.9,42.44
84.3,18.51
90.9,15.63
29.9,40.46
32.1,48.51
85.0,63.74
14.5,6.31
20.9,4.6
37.1,39.42
16.9,1.0
96.6,62.27
92.0,45.11
83.2,47.63
75.0,42.85
18.9,1.0
37.1,40.32
74.6,35.48
36.2,45.83
33.1,1.0
74.5,12.44
24.8,1.0
83.1,17.95
15.3,8.48
25.5,43.94
101.9,30.77
95.6,53.71
28.0,41.36
27.5,49.81
19.0,1.0
97.4,44.12
25.1,45.63
32.3,39.83
29.0,42.06
94.5,44.89
17.0,8.53
18.8,3.0
9.7,4.09
79.0,40.57
16.9,3.77
92.5,10.72
86.0,56.03
84.6,57.74
94.1,54.7
17.4,4.37
25.7,31.37
27.3,6.16
74.9,19.68
18.2,1.12
44.4,44.39
12.3,2.89
29.1,30.49
2.9,6.47
26.8,38.01
87.3,39.19
86.9,39.46
15.7,1.0
27.6,28.73
82.5,1.0
25.4,1.0
68.2,18.26
19.0,1.0
25.8,10.08
37.1,44.54
77.0,37.82
76.4,37.71
29.6,51.57
10.6,1.0
40.4,37.82
95.5,43.16
25.3,3.15
23.2,49.69
88.2,4.24
98.5,48.92
13.9,8.99
23.9,1.0
3.3,12.31
80.2,21.24
23.2,5.61
103.2,62.25
103.0,40.85
88.8,41.49
25.5,47.3
81.0,18.85
65.5,55.51
35.2,45.0
12.3,1.0
45.0,42.31
91.2,40.84
25.5,42.13
31.2,38.84
29.7,6.03
18.9,6.72
81.7,38.27
98.8,46.42
22.0,1.15
34.5,35.72
93.9,16.17
21.3,1.0
30.8,55.37
23.1,47.28
36.1,32.33
26.0,31.48
33.1,38.8
99.1,30.47
22.5,3.85
79.9,61.35
72.4,7.76
89.6,4.81
79.1,11.83
27.9,33.51
23.4,9.09
21.4,29.55
80.6,8.25
36.8,53.39
23.4,1.25
94.9,58.61
40.6,35.75
84.9,15.05
84.0,2.84
24.2,43.25
96.1,43.68
73.0,15.77
44.4,44.7
15.5,3.15
23.5,1.0
26.4,33.79
10.8,7.77
25.1,41.8
80.4,19.59
12.8,51.86
27.3,1.0
87.5,39.42
72.7,16.99
99.1,22.49
40.2,49.36
38.5,34.38
34.2,30.85
29.1,40.92
21.5,12.65
100.9,56.4
28.9,54.36
82.6,50.35
67.8,13.74
28.3,38.97
35.4,50.8
32.2,33.63
21.2,5.99
103.7,53.73
21.3,43.89
73.0,14.81
23.8,30.18
87.8,49.71
92.8,40.0
19.6,42.09
82.0,56.93
74.7,25.32
94.9,64.15
87.1,42.83
17.0,1.0
25.5,46.95
89.8,46.41
30.4,54.82
89.3,23.31
14.1,8.36
34.9,44.21
82.4,7.98
80.0,40.99
29.6,39.02
77.2,57.79
86.1,21.3
86.1,8.36
15.7,1.0
77.5,49.46
67.0,14.81
88.9,24.43
39.1,28.04
22.1,43.9
27.6,1.0
45.5,48.8
104.2,44.64
18.4,5.47
35.2,41.09
83.6,43.52
89.0,1.0
80.4,18.82
15.3,3.65
90.8,44.66
85.0,28.56
85.8,52.27
65.2,10.85
8.7,3.49
25.4,58.39
94.6,4.99
34.6,50.54
24.1,39.83
89.0,39.67
89.1,22.17
110.8,54.7
84.0,17.75
13.8,1.0
18.5,30.54
30.0,24.35
81.3,47.35
89.7,42.95
101.7,19.68
86.8,15.66
18.5,1.0
82.0,41.27
85.4,45.11
36.9,43.35
26.3,1.0
34.9,47.47
85.2,16.73
78.3,25.01
31.0,34.0
89.5,30.37
32.5,35.28
26.6,10.35
17.6,1.0
32.3,40.38
74.0,9.4
74.0,8.45
36.9,44.74
21.0,44.1
72.0,8.4
93.7,60.37
13.2,2.85
73.5,22.62
80.0,14.96
34.1,41.45
27.2,39.27
39.2,50.84
96.9,63.24
26.4,40.05
97.8,42.22
16.7,1.0
80.6,9.96
17.7,1.0
79.1,22.83
94.0,5.28
42.0,48.32
13.6,1.0
35.7,30.04
11.4,37.1
22.9,28.39
31.6,51.27
75.0,1.75
63.7,11.98
78.7,1.0
39.8,45.82
96.0,57.47
84.7,10.84
18.1,11.05
85.5,8.01
23.4,60.69
103.3,42.52
90.8,34.45
81.6,40.48
33.5,26.0
96.5,16.94
90.8,34.16
93.4,42.56
14.2,1.0
70.7,1.11
30.9,44.17
84.4,10.55
70.5,12.26
22.1,48.57
26.2,46.94
22.6,1.0
20.1,1.0
14.9,1.0
81.5,47.38
93.8,11.4
16.2,12.06
82.3,46.74
76.9,15.03
16.5,10.54
91.2,44.88
92.1,48.63
12.3,3.13
106.4,47.34
30.7,35.91
38.5,42.51
91.5,45.5
26.8,4.31
36.8,45.04
36.8,47.77
90.7,49.49
94.9,36.06
102.1,39.47
37.0,58.87
41.1,39.32
21.4,8.43
32.3,45.28
82.6,18.18
26.7,4.61
31.1,1.0
77.0,6.26
18.3,9.54
74.7,12.29
73.5,22.94
25.2,31.2
31.9,44.96
75.7,43.88
79.2,36.13
100.6,41.7
25.1,34.1
80.9,47.95
78.6,13.07
36.9,48.52
112.2,45.19
23.1,6.79
35.0,48.46
70.2,19.88
27.6,1.0
73.2,16.17
30.7,42.35
77.0,28.37
78.1,16.13
89.7,32.52
84.2,9.57
37.7,38.34
21.8,10.42
75.4,20.81
25.2,5.35
18.0,1.0
18.5,25.97
19.1,5.63
37.6,37.42
90.0,45.04
34.9,52.79
91.4,44.62
86.5,43.64
31.2,34.41
106.0,44.77
24.5,59.14
26.2,37.61
90.2,23.21
33.8,43.32
97.4,43.28
45.3,35.74
42.7,60.37
70.2,12.69
22.9,49.16
29.6,25.54
23.8,30.54
24.9,43.94
39.6,31.21
107.4,47.34
78.4,40.11
76.3,26.98
87.3,42.12
21.1,5.02
24.8,43.19
40.4,40.22
110.5,35.12
10.7,9.77
103.8,45.33
25.1,1.0
31.9,38.75
76.1,5.26
92.2,42.86
89.5,44.21
15.6,1.0
7.9,1.0
78.1,8.08
19.1,1.0
34.8,46.26
81.7,1.0
14.1,1.36
18.4,4.84
14.0,1.0
106.4,54.93
18.9,4.22
103.5,31.32
102.6,31.3
97.3,62.86
22.5,26.21
77.9,15.95
35.0,34.32
36.3,48.12
20.5,1.0
88.7,32.44
31.7,28.79
35.8,34.83
93.8,21.74
80.6,20.35
82.0,66.11
92.6,22.96
22.4,1.0
14.1,3.81
98.0,31.12
79.2,13.0
84.3,54.58
22.8,1.0
79.2,11.51
80.3,27.98
73.9,16.85
80.6,37.71
17.6,1.0
103.7,50.75
22.4,1.0
90.8,55.82
19.3,1.52
33.6,28.7
22.7,5.17
73.5,33.75
96.3,55.06
24.7,39.41
71.2,19.96
25.6,1.0
90.7,39.36
16.4,8.49
11.2,5.98
16.6,9.72
110.1,52.96
77.8,47.08
99.2,6.41
29.4,50.87
105.6,35.97
33.0,21.61
96.4,56.51
86.0,19.81
79.4,35.84
81.1,40.55
99.4,39.86
35.1,27.38
85.5,53.9
107.8,44.12
20.9,1.0
35.1,45.11
32.5,40.48
81.3,48.83
6.6,2.4
33.6,46.64
19.5,1.0
17.7,6.96
85.1,9.27
28.4,41.33
74.4,20.21
80.2,21.01
38.4,40.35
108.5,39.69
89.9,35.29
67.5,46.35
19.5,48.11
29.4,45.22
12.0,1.0
27.7,30.73
32.0,44.26
83.1,51.22
27.4,39.99
104.1,36.63
73.0,11.23
93.2,44.51
93.8,38.6
88.0,57.09
41.6,52.44
23.1,11.75
16.1,1.0
18.7,1.0
78.3,1.0
101.6,55.76
108.8,41.76
41.8,42.36
34.7,42.24
25.6,27.14
103.4,38.87
16.3,5.75
69.2,25.52
92.4,1.54
26.6,31.97
75.3,7.26
68.5,16.75
45.7,34.93
24.2,57.59
91.1,50.73
82.6,29.15
25.8,1.0
23.5,6.93
81.1,30.86
94.9,9.14
15.6,3.83
23.2,34.45
83.6,12.33
103.4,33.45
12.9,5.88
29.7,4.02
96.8,32.97
77.6,14.55
15.2,1.94
34.1,40.09
17.5,42.6
34.1,31.65
16.1,32.39
88.7,40.28
35.2,44.24
82.3,52.06
91.3,10.49
90.8,15.07
75.4,26.75
88.9,39.69
34.6,38.18
25.2,1.0
81.5,21.79
103.0,32.03
87.5,53.18
84.9,18.94
65.5,10.94
23.1,42.25
17.3,1.0
26.8,40.57
82.9,38.34
88.7,40.05
28.7,2.8
80.6,10.93
28.1,1.0
79.5,1.0
75.9,55.88
81.4,55.8
87.8,44.39
87.2,9.0
42.5,45.45
85.7,20.99
14.6,1.0
86.8,22.13
66.7,1.0
13.6,1.87
77.7,17.76
90.1,59.18
76.4,30.15
71.4,12.25
87.2,14.21
94.5,29.74
6.2,1.0
85.4,30.89
20.6,1.0
16.8,1.0
35.2,39.28
17.2,1.0
91.4,1.0
85.0,51.38
70.3,29.67
81.5,28.69
15.8,8.38
31.7,1.0
91.3,49.73
99.8,4.7
93.9,8.41
63.1,12.63
35.0,48.02
24.1,42.36
85.2,51.89
28.2,34.43
30.2,6.55
87.0,24.2
80.2,2.28
29.6,49.94
87.8,16.81
89.3,18.02
84.5,50.53
32.6,38.65
28.9,1.0
97.9,50.89
25.9,4.42
41.2,36.71
75.5,1.0
32.2,48.1
81.9,49.3
29.0,36.61
81.7,19.08
83.2,43.21
27.5,1.0
95.0,39.36
108.2,39.73
103.6,42.34
20.9,1.37
14.0,4.13
39.9,35.95
90.0,44.21
21.1,5.6
30.9,37.79
67.1,20.85
22.2,43.61
85.3,32.16
21.5,1.0
9.3,2.8
31.4,41.12
26.4,43.78
24.3,4.45
104.7,51.22
85.1,24.86
78.8,50.82
17.5,2.86
83.4,1.0
71.9,47.73
75.6,47.59
95.3,21.58
83.6,12.01
8.8,1.0
26.1,37.72
105.3,33.17
13.1,1.0
82.2,6.11
90.5,41.09
20.7,14.92
79.7,18.95
21.8,1.0
89.6,9.71
90.3,15.49
82.3,9.34
21.8,35.49
94.9,32.44
18.9,1.0
25.8,38.85
21.8,7.22
84.5,15.27
82.9,45.49
90.2,47.44
80.1,7.18
27.3,47.9
93.1,67.54
93.6,33.56
2.5,1.0
35.3,43.23
90.2,58.25
25.9,34.79
71.2,10.98
87.3,19.88
89.5,36.07
23.7,43.03
22.1,8.69
35.5,43.38
69.1,12.54
43.4,48.9
38.5,40.17
86.7,19.99
112.5,44.71
41.3,34.44
35.9,36.58
84.7,50.53
88.5,47.35
26.2,31.83
39.3,41.36
92.3,52.66
24.1,1.0
81.9,19.42
33.9,42.39
70.7,51.41
88.9,41.55
17.5,42.65
83.9,7.15
22.0,1.0
91.6,57.54
93.6,21.43
89.8,22.82
5.0,1.0
90.1,7.05
35.3,36.21
74.1,38.7
31.9,34.48
74.3,23.7
80.3,14.08
35.7,44.31
32.3,42.79
101.4,33.49
23.9,1.12
28.1,45.24
73.8,15.66
69.2,23.61
24.4,1.0
86.3,1.5
24.0,2.68
19.0,1.0
12.2,1.0
18.8,4.52
82.1,25.4
78.2,14.38
86.1,40.51
76.4,14.58
26.7,47.96
39.1,38.24
28.7,41.45
22.4,1.0
23.9,1.0
91.3,41.2
34.9,41.25
27.9,38.71
99.0,44.28
78.3,40.97
65.1,23.45
106.5,41.69
18.0,1.0
19.0,2.07
27.3,41.78
62.5,20.9
83.1,15.67
15.4,3.65
19.7,42.33
91.9,71.04
33.1,45.16
29.8,47.2
91.9,3.87
7.5,2.09
106.6,44.84
93.8,25.99
78.7,9.25
34.1,47.77
20.6,46.03
63.8,32.0
13.9,46.5
92.2,50.38
11.1,2.17
108.4,33.28
75.9,15.52
29.6,33.07
24.4,42.14
82.0,24.98
19.4,1.0
17.4,1.0
65.2,21.52
17.9,2.53
17.6,1.0
86.3,56.6
30.4,46.34
88.5,43.18
94.4,14.43
29.1,33.0
102.0,34.5
91.6,1.0
37.4,35.76
79.7,23.96
84.3,21.59
24.9,37.28
90.1,6.49
76.5,41.16
86.9,9.02
60.0,9.58
108.0,20.04
80.7,40.78
13.7,1.84
95.3,57.38
97.9,8.31
73.2,62.6
91.2,25.22
19.5,1.06
85.3,58.74
79.5,20.6
85.8,20.96
31.8,27.72
39.9,52.58
75.3,18.37
88.2,56.52
88.6,39.68
21.8,48.69
105.5,35.13
77.3,13.02
85.7,37.48
80.4,14.31
82.8,33.5
79.0,19.66
28.5,49.69
88.1,19.63
24.0,21.03
23.7,1.0
22.9,4.28
88.3,55.67
81.3,22.9
19.5,1.0
38.0,41.9
104.3,54.04
18.4,4.8
85.4,55.8
29.6,44.8
13.1,1.0
80.2,17.46
27.3,1.0
37.7,45.32
102.0,46.66
68.9,8.06
82.6,20.11
74.6,17.45
83.8,7.89
107.4,36.17
18.8,2.34
31.7,3.34
31.1,30.3
79.8,39.9
74.0,23.05
27.2,1.0
25.6,1.0
78.7,9.52
40.1,48.82
15.8,2.84
69.2,30.41
98.3,52.49
69.8,16.62
85.5,5.13
26.7,36.77
86.5,20.81
87.8,11.65
78.7,34.93
89.7,47.06
82.1,11.56
14.2,1.0
24.8,38.41
96.0,35.25
23.2,34.89
81.3,48.43
86.2,15.81
30.8,44.49
69.2,2.09
89.9,41.12
23.6,4.67
19.2,5.67
45.4,43.57
83.7,39.41
20.7,8.06
24.8,1.0
34.3,4.56
27.8,35.04
91.9,7.45
77.2,7.54
22.5,6.0
24.8,5.98
34.2,41.01
101.2,1.0
35.2,33.89
86.1,6.89
79.8,34.5
80.5,53.52
71.9,18.37
40.1,36.59
34.1,48.97
79.5,10.53
76.5,6.44
18.7,2.57
81.2,14.41
83.3,1.0
9.0,1.0
88.6,24.53
27.8,2.51
74.6,14.03
79.0,12.54
112.5,53.42
84.4,64.85
34.0,7.51
28.2,7.78
88.1,38.95
65.9,1.0
98.6,33.43
89.9,33.9
101.5,40.04
21.6,7.73
20.2,8.11
73.3,26.06
14.8,3.47
92.2,11.96
89.4,36.26
96.1,59.09
20.4,6.72
25.7,45.18
85.1,61.78
25.5,1.0
24.2,3.8
26.2,46.05
81.3,1.08
97.9,48.15
98.9,39.15
23.7,1.0
102.5,60.16
27.3,41.96
24.9,2.22
18.0,3.5
72.9,5.65
17.7,42.09
98.0,52.69
91.7,31.39
29.4,36.5
55.1,21.68
33.7,43.21
25.4,30.2
78.4,16.51
78.3,21.39
40.0,41.98
85.8,52.51
29.6,1.0
85.5,38.77
28.4,48.01
79.1,22.25
35.0,37.59
19.4,7.37
18.4,9.91
29.3,1.0
24.8,44.87
20.7,13.84
27.1,41.88
36.1,34.66
17.9,1.0
21.7,38.57
75.4,24.71
24.9,36.49
27.5,37.67
65.3,26.09
87.1,53.93
19.7,1.0
21.0,4.8
83.2,17.27
6.8,10.53
21.1,1.0
99.0,32.11
31.5,42.29
74.9,13.51
33.2,38.36
29.0,37.13
32.4,48.11
28.4,51.92
13.5,1.0
75.9,11.56
68.3,15.45
81.2,17.68
29.5,42.42
78.5,45.58
25.1,8.75
92.1,38.66
117.2,51.98
36.3,35.58
31.2,35.9
20.9,1.0
23.6,1.0
24.5,48.12
45.0,51.67
25.1,6.9
99.3,46.98
28.8,4.15
83.8,9.18
21.9,2.84
97.9,62.61
26.0,1.0
27.4,45.0
16.2,1.0
97.3,39.83
67.0,20.93
90.2,42.76
29.8,27.69
84.6,32.23
33.5,42.14
21.1,1.0
33.2,45.5
27.4,35.98
82.6,23.53
23.1,9.72
15.0,14.74
32.6,19.94
30.6,37.05
69.9,1.0
32.2,31.67
16.4,7.0
80.4,52.57
11.4,1.27
26.1,44.87
93.0,12.86
28.1,46.79
36.2,33.58
84.5,34.07
21.8,5.93
21.7,25.55
84.9,35.85
25.8,7.32
21.1,13.0
18.8,4.79
39.4,39.48
29.8,32.35
14.2,1.0
76.9,13.67
66.4,14.29
17.6,5.22
97.7,42.87
88.8,41.87
60.7,11.56
34.6,52.35
82.1,45.34
95.8,43.84
98.7,72.62
73.2,19.36
28.0,1.0
28.4,53.74
27.7,38.88
14.1,6.45
31.3,27.67
84.6,19.68
72.3,13.12
36.0,39.5
24.0,1.0
39.4,36.87
96.4,56.12
89.5,1.94
95.6,65.98
21.6,28.17
34.8,47.81
23.0,35.41
85.9,43.59
103.5,48.49
80.5,9.09
25.7,2.61
94.2,51.43
34.1,31.75
26.0,3.65
94.8,60.09
108.2,46.32
87.9,23.89
26.0,35.36
21.8,18.86
107.5,43.1
78.2,22.87
13.7,48.42
33.0,37.02
100.1,39.74
26.5,1.0
65.0,11.53
74.0,39.15
26.2,1.77
54.3,8.27
76.2,6.68
26.1,6.96
93.5,1.0
24.2,36.76
81.7,27.01
20.3,5.0
23.2,1.0
20.2,4.64
13.9,42.91
15.7,1.0
32.4,11.76
22.7,30.63
86.9,3.11
18.3,12.21
15.8,2.63
18.6,1.0
18.0,11.93
39.4,41.14
81.3,15.08
83.5,5.74
23.2,11.4
64.2,16.33
32.2,35.53
77.7,14.03
85.4,41.55
30.8,46.42
23.1,5.68
81.7,32.08
21.2,44.97
20.3,44.79
14.5,3.54
23.9,3.38
29.5,48.26
77.0,1.98
90.2,43.51
15.4,1.0
30.0,1.08
92.1,27.53
68.4,30.62
72.2,33.22
18.3,7.59
33.4,37.96
18.6,1.24
15.3,3.61
93.7,29.04
86.6,18.24
75.2,3.92
91.8,57.33
6.1,12.88
33.2,1.0
35.4,36.37
92.6,29.75
88.0,16.69
87.0,44.71
98.5,63.58
85.6,11.23
30.8,40.02
77.7,19.09
35.9,45.54
5.8,1.0
82.6,28.58
20.9,50.87
101.3,45.49
30.0,33.55
78.9,12.32
67.3,1.0
79.0,46.69
86.9,18.91
101.0,1.0
33.0,35.39
66.5,16.34
24.5,42.49
85.4,19.54
27.5,33.85
23.5,37.34
28.1,44.42
89.5,17.39
18.4,1.0
15.4,1.0
35.1,54.98
31.6,43.45
36.0,39.36
98.5,43.24
35.9,34.41
14.6,1.0
69.8,22.56
76.3,47.9
20.9,3.29
86.0,16.98
74.4,48.69
26.5,9.09
41.0,33.99
40.0,33.4
23.4,6.87
84.2,17.24
75.3,45.93
95.0,56.12
87.5,32.21
78.9,50.62
72.9,15.85
91.9,22.63
17.9,13.12
23.8,6.89
77.5,36.38
16.5,3.96
95.1,50.74
92.8,22.08
85.0,16.88
87.4,1.37
34.9,47.32
31.9,43.25
107.3,46.65
38.7,46.76
22.4,3.39
28.3,31.28
84.3,45.17
88.1,1.68
17.0,1.0
98.4,35.44
71.4,36.46
24.8,42.58
84.1,11.62
27.9,46.68
63.2,11.75
12.1,36.0
19.0,9.78
79.2,29.62
24.8,1.0
24.3,1.0
10.9,4.92
25.3,1.08
33.0,40.03
23.6,42.72
73.7,12.71
13.4,2.18
16.7,48.01
82.8,36.83
99.9,1.0
29.6,1.0
26.5,36.66
9.0,1.0
31.4,48.13
29.5,34.16
25.1,48.54
30.9,44.53
84.5,21.07
81.9,29.58
33.4,51.05
85.8,10.0
29.8,1.0
94.7,42.78
22.1,4.61
82.6,31.55
32.4,41.23
33.8,42.12
27.5,1.0
96.7,53.38
84.7,51.75
34.7,1.0
75.8,21.66
12.0,1.0
29.0,42.09
65.0,41.15
88.5,22.31
18.5,1.98
21.2,1.0
80.1,59.4
98.3,28.08
21.2,29.57
66.2,25.42
96.3,3.8
103.2,35.16
19.0,1.0
80.3,1.0
89.4,10.44
85.6,5.01
43.3,34.0
87.1,8.08
94.6,22.58
18.4,1.0
34.0,4.26
67.2,18.03
28.2,4.64
30.0,27.2
37.3,30.78
64.1,10.06
28.1,43.38
16.0,4.46
91.3,52.57
69.3,21.03
73.9,47.46
80.4,9.69
19.7,13.6
95.5,44.15
21.5,4.22
9.5,1.0
37.5,49.98
33.2,51.19
71.2,22.13
30.7,37.21
13.1,7.89
81.9,25.0
110.6,44.8
25.6,11.85
29.2,47.61
101.1,37.04
77.8,34.15
92.8,53.02
24.9,1.0
16.7,4.89
16.8,1.0
91.7,53.72
21.9,37.85
85.1,47.43
67.2,19.3
24.5,36.75
92.3,28.75
22.3,1.0
29.4,25.78
66.8,15.39
87.0,40.29
78.4,11.14
84.1,40.64
75.9,29.06
16.0,36.73
41.4,35.01
27.4,46.69
26.2,45.25
33.5,32.86
20.8,2.86
14.0,11.67
79.6,7.78
18.6,8.96
22.1,3.79
92.8,43.7
20.3,3.28
66.1,8.19
23.6,15.13
85.9,66.98
10.5,1.0
25.1,46.43
92.0,30.29
77.2,17.7
84.0,58.39
25.6,1.0
13.9,1.0
99.6,11.2
24.0,1.0
96.0,42.59
86.7,1.0
86.5,67.73
28.8,36.63
88.2,9.27
16.2,40.81
81.0,23.17
17.3,15.7
75.7,29.44
85.2,12.26
100.5,45.4
24.3,39.38
21.9,43.25
104.5,37.49
26.6,27.36
17.7,35.91
98.9,46.13
81.3,41.43
30.0,9.84
33.2,41.05
19.5,49.15
36.8,35.84
25.4,14.99
78.7,44.2
34.1,41.08
33.2,43.07
79.4,53.17
105.9,60.4
92.3,49.13
28.6,7.72
33.0,1.0
24.6,1.0
85.2,9.39
32.8,35.59
79.9,54.63
8.1,4.84
88.1,41.45
22.2,1.0
14.7,1.0
18.2,27.93
71.5,10.53
85.5,26.96
66.5,2.34
36.0,43.15
19.8,4.69
87.6,11.84
41.6,44.53
31.2,34.73
73.2,41.69
105.1,43.0
24.3,1.0
10.1,43.88
19.0,2.92
26.6,25.53
21.9,4.02
101.8,62.34
90.9,25.42
76.0,25.0
82.9,5.21
71.5,28.29
78.3,25.58
32.9,12.53
82.5,15.89
13.4,1.0
81.9,24.11
27.7,4.24
67.7,14.51
71.9,1.0
15.2,1.0
16.9,1.0
81.7,11.32
34.3,43.82
88.7,36.25
84.3,55.53
24.1,1.0
20.4,1.0
107.2,43.38
86.3,19.57
17.3,1.0
74.5,20.32
91.5,40.8
90.7,53.84
83.3,44.06
13.5,45.4
75.9,12.07
79.1,15.84
26.4,31.72
26.4,37.45
24.9,4.09
77.7,14.34
88.0,52.44
75.8,55.15
98.5,55.23
92.6,49.2
31.7,32.53
23.8,12.86
34.8,32.63
89.5,46.86
23.5,43.91
68.9,3.91
21.4,1.0
31.9,42.26
73.8,12.89
26.1,47.26
75.9,69.36
14.4,8.89
21.9,6.48
28.5,1.0
19.7,10.83
39.0,45.65
46.6,39.07
80.6,50.26
89.9,33.27
23.5,40.3
89.9,15.18
78.6,55.99
26.5,36.63
24.4,44.73
68.5,44.99
30.2,38.37
23.8,1.0
27.7,27.88
95.5,51.83
88.8,45.26
79.8,12.92
91.9,40.94
13.6,4.67
19.8,47.01
37.8,35.17
23.6,4.22
20.4,1.0
74.2,37.68
31.7,1.0
24.2,1.0
14.7,1.0
12.6,1.0
91.5,31.45
110.0,44.93
29.7,39.91
89.3,11.12
86.5,33.52
102.1,21.78
19.3,1.4
30.0,8.04
34.6,1.08
78.8,1.0
12.7,4.29
84.7,11.97
108.0,54.52
18.3,35.29
78.5,13.85
90.0,49.38
90.2,43.51
74.2,18.48
30.8,36.75
92.8,52.14
16.3,1.0
72.2,9.03
104.3,33.28
27.1,6.31
91.8,26.25
25.9,5.0
95.2,16.09
20.3,1.0
84.3,21.91
83.9,50.51
77.1,12.47
85.6,22.09
95.0,46.58
93.6,31.06
68.1,47.9
83.6,6.73
21.3,1.23
88.8,70.18
35.3,4.57
95.6,41.46
16.6,1.0
31.5,6.46
38.8,28.24
29.6,42.96
87.1,46.7
81.0,16.99
32.1,34.88
80.1,38.34
11.6,1.0
92.3,50.45
59.3,16.92
34.3,40.63
13.6,1.0
100.4,52.79
36.1,40.29
92.6,52.19
86.3,10.74
11.4,1.0
96.0,11.83
72.9,1.0
23.6,35.98
34.3,33.28
86.9,55.52
29.5,3.97
93.8,52.8
23.8,5.63
78.2,26.64
84.6,13.43
77.0,35.2
28.1,1.27
90.0,47.46
86.8,63.45
18.8,13.73
37.0,43.85
60.6,48.62
75.8,42.22
94.4,7.08
93.4,20.25
90.2,5.19
87.7,44.66
86.9,8.43
79.0,20.93
71.4,2.68
77.5,22.2
75.7,1.0
19.7,1.0
33.1,47.48
28.0,1.0
93.6,5.14
24.3,44.15
76.5,10.4
67.5,20.61
24.2,38.82
19.6,10.66
16.5,2.03
34.4,42.54
25.0,36.99
90.0,26.0
12.4,1.0
75.1,17.63
19.2,38.68
28.2,9.04
36.6,45.58
81.1,42.55
99.7,10.05
103.6,23.55
86.0,67.67
88.3,32.59
18.9,1.0
28.0,47.39
39.7,37.93
36.1,39.74
32.2,44.57
15.7,1.0
34.0,45.6
92.3,56.11
98.7,45.7
74.1,59.39
102.1,1.0
79.6,18.99
31.1,45.2
90.0,9.82
86.1,21.9
81.9,11.41
84.1,23.88
91.8,44.19
18.1,1.0
40.7,43.28
39.8,40.3
7.8,2.16
86.3,20.96
19.8,1.53
27.0,45.19
22.1,2.19
77.0,20.77
28.1,41.92
89.5,20.52
24.8,42.58
24.1,1.0
39.6,47.56
27.1,39.34
22.1,1.0
19.8,11.53
32.2,3.98
23.1,1.0
88.1,51.73
87.7,52.53
36.5,51.44
18.4,43.02
79.4,26.64
89.2,2.2
72.9,4.76
97.3,14.15
14.6,3.77
78.8,22.92
106.6,41.78
79.8,21.13
14.8,1.0
27.0,45.9
81.1,24.6
82.2,20.01
14.9,13.89
91.4,19.17
27.3,44.61
34.6,26.69
28.6,44.53
74.7,12.61
18.0,4.69
83.1,35.45
25.4,41.31
67.0,50.86
95.7,61.03
18.4,2.92
76.2,15.51
85.9,2.36
27.5,36.01
75.6,30.04
73.7,37.37
97.0,15.93
78.8,21.02
18.6,1.0
83.9,49.65
83.1,37.81
29.6,33.63
94.8,52.36
16.5,1.0
89.5,11.94
22.6,9.97
99.2,49.99
28.8,43.1
90.9,10.91
94.6,25.16
96.6,35.43
85.2,40.76
29.1,13.99
21.1,33.95
33.0,40.01
72.6,1.0
28.9,33.71
43.3,43.62
85.7,9.13
101.9,59.64
38.9,44.35
8.3,11.38
95.5,24.98
17.9,3.7
85.3,12.26
22.7,47.24
110.8,51.76
69.8,1.77
33.6,46.56
72.8,46.94
103.9,39.23
29.7,1.0
28.6,25.55
79.9,58.1
25.3,13.08
88.2,59.62
89.7,29.09
87.7,64.51
92.1,63.58
23.2,47.84
71.0,28.29
20.3,7.34
77.9,20.12
23.1,4.03
72.9,10.27
81.3,57.14
13.3,1.0
12.5,3.88
100.2,37.3
9.3,1.0
81.5,50.91
22.9,1.0
71.4,14.16
24.9,41.3
9.4,4.01
86.7,21.15
30.0,1.0
20.6,1.0
13.2,4.62
33.1,38.51
83.6,9.01
20.0,1.0
19.6,1.0
85.4,57.37
32.3,1.0
23.6,31.84
88.5,35.04
78.9,17.03
36.2,39.95
79.6,6.32
85.7,28.46
95.7,45.97
93.4,49.63
91.0,49.34
34.4,30.36
83.7,22.5
90.2,55.96
35.6,46.68
33.7,4.43
94.8,39.49
30.6,44.49
89.2,38.07
25.5,1.44
18.2,39.97
17.4,4.93
89.7,33.55
16.9,6.43
19.3,1.0
66.7,6.2
27.4,36.19
24.9,4.58
44.7,42.61
18.4,1.0
85.3,14.75
83.7,30.58
29.5,45.18
16.4,1.0
71.2,7.74
88.5,53.18
21.2,1.0
32.4,36.33
31.6,24.6
20.1,1.0
24.6,15.06
87.4,59.07
78.4,52.44
30.6,48.95
41.8,30.91
27.0,4.68
113.3,38.01
75.2,16.79
25.7,2.52
101.4,51.54
37.5,39.57
29.2,33.45
21.5,36.05
21.7,4.74
36.8,41.04
62.7,10.02
86.2,15.35
78.0,19.49
30.4,39.99
32.3,53.69
35.6,55.12
20.0,46.01
29.9,43.43
75.6,24.92
102.7,50.18
14.9,4.96
26.0,40.97
94.4,38.44
109.7,53.66
17.6,1.0
33.2,40.41
84.4,20.9
96.4,40.41
35.7,41.04
66.9,29.36
83.5,22.99
82.4,53.33
75.1,11.47
31.6,39.07
94.2,51.95
14.7,10.52
75.1,1.0
99.9,26.18
85.4,15.06
91.3,16.06
14.6,52.97
24.6,33.41
18.8,6.28
29.0,36.77
87.8,43.98
20.2,1.0
86.1,47.75
22.6,22.73
31.6,36.14
74.8,5.85
78.7,27.16
27.7,38.54
75.8,57.03
72.3,13.6
32.9,33.07
29.9,39.45
37.0,42.52
37.4,7.13
22.0,6.37
41.1,48.03
83.0,17.9
75.3,3.08
15.6,5.65
68.1,7.01
66.8,23.45
35.8,37.56
78.8,48.04
29.1,45.69
82.9,44.95
19.3,9.02
94.0,45.64
18.3,1.26
81.4,56.68
100.7,43.95
37.8,40.25
25.9,5.77
98.7,51.11
27.9,9.33
80.9,31.0
74.1,19.21
32.5,37.89
92.0,55.39
111.5,37.31
89.0,12.52
85.0,59.07
17.7,1.0
36.3,40.22
32.8,29.4
93.6,37.19
92.6,32.54
24.1,34.98
25.0,35.07
73.2,16.48
33.7,29.54
69.3,9.87
26.9,35.56
11.3,5.35
28.1,23.71
22.3,6.32
35.4,44.12
33.3,32.01
24.1,4.51
78.5,1.0
27.3,1.0
24.1,34.69
91.2,38.28
102.8,26.26
87.3,18.76
74.8,14.17
25.1,1.73
84.3,19.37
88.6,8.17
94.0,41.43
24.3,35.63
33.6,36.92
25.5,36.92
23.3,48.01
92.5,39.73
77.3,47.04
12.7,44.96
13.7,9.92
33.3,37.33
26.1,42.22
18.1,52.65
20.3,4.76
87.4,5.33
27.9,1.0
85.1,17.85
64.5,16.44
98.3,49.27
20.5,3.76
28.0,29.7
12.1,1.0
81.1,5.17
29.1,41.81
27.1,36.72
91.3,15.18
23.9,1.0
90.4,47.92
38.3,41.16
21.8,1.0
33.7,34.56
26.3,1.0
62.9,27.37
24.0,8.26
15.8,40.95
12.8,49.42
24.3,10.18
86.4,9.44
66.9,24.22
77.6,36.22
77.2,7.52
24.9,1.0
97.5,46.5
13.1,9.43
98.3,48.0
85.5,12.63
79.7,14.02
84.0,42.83
28.8,4.95
7.5,2.79
32.3,46.32
72.5,25.13
25.4,39.95
32.2,40.31
91.4,41.61
28.3,3.46
85.5,21.82
26.2,27.71
70.8,3.22
28.2,35.83
27.6,33.75
20.4,8.1
87.9,45.11
85.6,56.38
78.3,16.03
27.2,45.72
19.2,1.0
83.8,16.52
17.1,54.11
85.7,23.81
26.6,1.0
22.9,1.0
27.3,37.26
75.7,4.35
41.0,48.46
105.8,46.39
105.0,41.53
92.6,9.4
10.7,7.66
98.1,49.57
79.0,10.82
29.8,42.88
91.3,56.14
35.9,46.14
19.1,37.01
99.1,48.14
16.2,5.07
89.6,12.26
81.4,29.77
87.2,5.88
85.9,46.74
16.2,54.13
84.5,14.27
27.4,35.56
22.7,50.22
84.4,5.42
46.4,28.93
27.6,5.98
88.7,48.66
17.7,1.0
83.9,8.18
20.4,1.0
31.2,36.31
78.9,58.79
25.7,1.0
87.8,1.0
87.1,36.83
22.0,44.29
15.5,1.0
34.5,38.41
84.2,36.81
35.2,49.5
98.6,40.04
80.9,14.77
16.9,1.0
30.7,39.18
67.6,33.59
79.7,1.0
98.2,42.16
85.0,40.19
8.5,4.26
17.1,1.25
75.0,22.06
25.8,1.0
37.4,40.56
20.9,1.0
106.3,52.71
72.2,12.02
29.5,34.04
8.7,3.08
92.3,35.24
82.0,32.15
71.9,1.0
85.0,52.04
92.1,63.21
29.5,1.0
40.4,41.7
72.9,14.15
88.1,36.7
83.5,23.61
79.3,7.39
78.9,29.54
88.8,39.41
31.4,47.34
95.1,23.42
96.6,40.68
36.5,42.9
20.9,2.21
19.8,41.6
86.0,44.16
72.4,5.89
14.5,3.43
86.6,14.38
31.5,21.29
18.9,1.0
20.5,53.85
26.6,1.0
88.1,50.38
37.6,48.72
44.0,46.23
83.3,53.95
24.5,1.0
11.2,3.7
91.4,31.82
20.9,1.0
85.4,41.84
110.2,53.23
18.5,33.66
24.9,1.0
70.9,5.15
19.7,5.53
27.5,1.0
24.2,43.75
38.4,44.8
87.1,43.43
23.6,45.28
66.5,39.48
23.0,37.33
28.8,54.78
27.3,38.62
15.7,12.68
95.9,39.59
75.4,17.73
21.0,1.0
95.9,35.95
97.3,50.05
101.2,43.21
12.7,8.5
17.2,1.0
87.4,37.31
96.1,39.79
96.2,34.22
30.0,20.61
94.6,55.01
89.1,14.78
90.3,63.73
83.0,20.83
97.4,47.69
30.9,40.57
97.7,52.72
87.0,44.29
97.8,49.78
32.9,43.56
32.7,45.08
23.0,10.41
11.4,1.0
30.8,39.68
18.6,47.31
67.2,24.94
27.0,34.45
80.6,51.71
104.0,41.07
19.0,44.83
83.4,25.05
75.1,7.26
31.4,46.74
75.5,47.94
16.2,1.0
98.8,51.73
107.2,33.35
90.6,42.7
37.1,31.46
85.5,35.38
100.1,38.78
81.9,49.01
79.6,15.4
91.3,39.56
28.9,1.0
96.3,17.04
103.4,47.24
31.3,34.89
29.9,44.24
26.8,11.44
35.9,41.17
27.3,35.58
94.8,1.0
36.4,46.71
26.9,37.7
92.6,51.74
29.0,1.0
41.5,30.49
15.2,1.0
9.5,35.85
85.2,47.65
23.3,1.0
84.8,30.22
87.4,40.73
84.6,46.61
36.5,64.64
18.1,60.44
89.7,55.46
24.9,7.89
37.9,46.91
108.3,52.29
110.3,38.6
90.9,40.05
27.9,30.25
30.0,50.44
86.9,38.44
24.6,36.13
26.1,40.14
87.0,36.43
20.0,5.23
74.5,12.84
29.3,37.34
87.6,49.45
17.0,47.57
20.1,1.0
20.1,4.92
24.8,39.15
28.9,40.16
12.4,1.0
19.0,2.75
10.2,1.0
78.2,14.9
27.7,1.0
87.9,1.0
18.4,4.31
23.3,3.66
16.3,7.65
76.5,19.6
25.1,5.71
30.3,47.22
85.3,57.2
86.1,57.34
87.3,35.19
11.2,14.52
30.2,41.01
81.7,1.63
75.6,51.32
101.6,69.52
21.5,13.08
79.6,22.32
72.3,47.05
28.8,35.64
13.0,7.2
21.7,1.0
71.2,36.2
68.3,1.0
23.0,1.0
10.9,6.0
12.5,1.0
24.7,4.39
34.6,35.69
20.3,7.34
9.0,1.0
64.4,21.5
40.8,34.78
20.0,1.0
101.2,36.51
29.8,42.78
30.6,39.21
86.6,1.06
85.2,48.69
34.1,44.01
27.9,46.3
25.4,45.1
84.6,62.49
68.4,20.07
89.0,28.07
29.2,49.43
28.0,47.91
77.0,22.44
86.7,57.68
27.5,1.46
78.7,18.34
85.3,6.52
20.2,5.09
83.8,50.21
87.1,23.88
87.8,34.96
84.9,33.64
72.5,17.64
20.2,2.98
95.8,7.96
68.5,6.04
77.5,13.82
31.7,27.65
83.5,47.16
22.5,2.19
81.8,37.76
95.6,1.0
36.7,37.38
86.5,6.43
9.7,1.0
18.4,34.67
18.9,1.0
77.1,55.14
27.0,42.81
86.0,15.31
72.3,61.6
100.9,60.48
21.6,4.79
34.5,7.0
71.5,27.47
93.3,51.43
28.9,35.61
11.0,5.23
93.8,50.49
67.2,20.54
81.3,18.43
97.9,55.51
82.9,17.71
24.8,3.18
53.8,1.0
99.0,46.4
89.6,10.14
65.7,24.69
104.8,40.26
90.2,44.08
65.5,14.01
84.5,57.67
75.0,47.24
24.2,1.0
75.2,51.44
21.8,1.0
25.2,31.25
91.0,17.08
97.0,37.77
110.1,53.55
74.4,39.47
97.0,22.34
12.7,5.83
78.6,45.4
27.5,42.08
67.1,16.84
62.3,11.71
72.2,26.85
82.6,37.12
77.6,26.83
74.6,6.34
71.6,14.33
18.2,12.08
81.3,16.22
31.1,49.08
98.8,47.47
36.2,33.49
35.8,38.25
34.5,36.92
37.7,47.24
15.5,2.78
95.8,25.8
70.6,10.36
22.4,6.57
24.6,33.97
94.3,56.69
17.8,1.0
15.2,6.6
32.5,39.57
75.3,21.22
93.6,55.24
86.4,11.78
79.2,24.57
38.3,31.82
24.2,39.71
87.7,56.78
67.4,45.8
12.0,5.84
36.2,37.51
80.9,34.61
32.7,1.0
89.8,53.36
26.0,1.06
78.9,15.23
93.2,49.74
27.1,4.43
13.2,1.0
87.1,41.86
16.4,1.02
39.6,43.75
81.9,13.61
98.0,33.55
14.9,4.45
44.4,30.96
43.5,41.16
17.8,43.26
90.3,53.24
78.5,8.16
118.0,39.5
25.2,1.0
106.4,65.68
19.5,1.0
40.1,40.01
21.2,3.45
25.4,1.0
94.1,29.57
38.2,42.98
20.2,2.35
73.3,12.55
63.3,17.36
91.5,43.36
19.1,4.12
84.3,55.08
22.4,36.99
16.1,1.67
64.4,31.97
83.1,45.85
36.4,33.58
11.5,1.85
72.6,14.02
31.7,37.57
79.4,64.0
85.7,21.45
28.6,47.92
14.8,1.0
21.9,1.0
81.8,15.91
105.1,34.57
30.6,32.54
89.0,19.49
29.0,42.03
80.3,28.0
24.9,40.85
38.9,45.77
94.5,39.16
102.1,47.09
30.2,43.3
34.6,38.79
71.7,10.81
23.9,12.8
12.6,43.58
90.4,20.5
32.4,34.46
90.5,45.6
28.5,42.95
32.5,27.6
15.5,1.65
78.3,16.84
28.5,28.64
70.2,14.91
15.5,4.77
32.2,44.46
86.8,40.94
88.8,32.78
87.5,38.82
92.8,62.6
95.0,40.42
83.8,59.64
16.3,2.47
82.1,50.78
96.0,62.7
82.1,2.66
91.9,33.6
82.1,16.14
14.3,1.97
21.2,8.24
82.3,43.67
24.7,47.0
93.7,49.87
72.5,9.4
13.1,1.0
96.6,43.01
86.0,69.93
103.1,38.53
33.3,8.63
39.1,37.75
17.4,9.06
76.1,36.11
92.5,43.59
13.7,1.0
31.3,40.32
75.4,25.32
93.3,33.66
17.9,12.02
23.0,33.49
69.6,17.58
26.7,45.71
69.2,46.21
24.0,34.68
37.6,47.51
94.1,17.15
15.1,1.25
100.0,59.18
94.7,63.2
81.4,25.17
88.8,10.85
80.1,19.13
25.8,46.02
90.5,26.34
86.7,51.26
82.4,15.66
73.4,52.65
23.4,38.56
16.1,1.0
93.5,25.56
20.7,10.28
39.1,49.24
25.7,1.0
91.9,46.25
15.6,4.09
22.6,1.0
105.8,61.63
79.3,22.51
95.9,48.81
111.1,26.07
17.8,10.41
78.3,28.65
69.0,39.27
26.7,4.74
29.5,47.32
24.5,39.55
74.9,28.45
97.1,11.62
16.7,1.0
24.7,41.76
84.6,68.13
83.8,1.0
77.3,65.65
106.0,7.53
14.9,6.86
17.7,7.52
21.7,1.0
30.7,1.0
89.3,44.28
26.6,1.0
29.7,28.95
102.1,54.15
36.8,27.16
85.7,17.78
90.8,23.54
15.3,1.47
82.6,18.99
82.7,11.71
22.0,6.02
96.2,38.45
25.4,5.06
36.4,35.62
19.6,26.69
91.0,21.31
72.7,49.61
76.3,33.11
35.3,41.05
22.0,48.77
58.0,7.68
27.4,1.0
24.2,4.76
83.7,44.38
22.3,1.0
65.5,13.23
94.9,20.67
98.1,55.3
11.0,7.2
82.3,27.65
27.2,30.88
28.0,28.67
19.0,49.51
21.0,13.04
71.6,19.23
92.1,7.8
12.5,1.0
84.2,21.63
90.9,45.29
91.6,35.68
29.1,1.0
24.5,39.36
24.1,36.96
72.8,12.84
32.8,40.67
38.1,40.23
21.2,8.53
71.4,68.32
10.8,1.0
76.9,16.06
93.9,41.08
100.9,13.5
28.0,33.72
87.4,61.14
30.6,37.19
25.3,32.53
16.2,9.23
92.1,10.04
81.3,17.99
87.9,28.99
18.9,9.32
24.8,38.49
85.8,10.97
90.8,38.45
17.7,43.46
39.7,45.72
96.5,23.72
79.5,34.37
70.2,15.43
22.2,26.07
78.2,36.29
21.3,11.32
22.6,48.87
6.0,6.18
28.8,48.39
97.6,46.67
33.1,29.28
20.5,5.1
20.5,1.0
86.4,44.29
90.6,47.89
33.9,52.14
90.8,31.23
26.8,33.33
76.2,17.12
86.7,8.6
22.4,25.05
24.9,4.41
86.6,13.89
77.8,1.25
15.2,6.95
70.8,10.62
28.4,40.64
28.8,40.12
25.7,28.73
16.3,1.0
39.7,41.18
21.5,1.0
24.3,1.0
103.7,13.67
87.5,8.02
14.4,1.0
21.3,1.0
91.5,43.38
19.0,1.0
92.4,22.55
93.1,43.36
21.1,44.03
88.7,47.08
31.2,5.91
83.0,22.91
34.9,41.45
23.0,52.45
97.9,26.09
39.4,33.56
72.4,45.16
14.1,9.19
97.1,64.05
95.5,1.0
18.0,6.44
31.5,37.14
83.1,18.58
90.8,6.04
25.0,43.44
23.9,5.65
16.9,1.0
33.8,45.57
23.9,1.0
24.5,38.3
60.1,8.28
90.2,28.05
12.2,5.27
38.4,38.54
87.4,20.24
32.3,1.0
21.8,1.0
81.2,1.0
78.3,36.08
19.0,15.08
14.0,5.86
27.8,3.59
97.1,43.87
17.5,3.33
21.7,1.0
88.3,9.21
28.0,1.0
94.8,51.51
83.3,20.09
23.8,1.0
34.8,44.94
26.6,37.74
23.6,6.17
110.8,43.83
24.6,42.21
30.6,12.88
19.7,7.68
83.9,45.96
26.7,45.85
87.8,39.99
84.1,32.6
69.6,21.34
23.7,1.0
88.9,39.18
20.2,1.38
78.5,22.14
77.0,37.79
86.3,24.12
24.8,31.9
26.0,33.9
23.4,1.0
27.0,44.03
25.8,42.93
97.6,20.62
20.6,14.61
79.9,18.33
71.8,13.48
14.1,1.0
24.9,1.3
84.6,40.93
11.6,1.0
24.8,1.0
34.9,34.68
23.0,2.09
66.9,11.48
30.2,13.63
42.2,38.51
65.1,22.43
103.2,52.1
71.1,17.95
39.3,26.68
72.7,26.11
95.4,11.2
34.5,33.34
80.3,11.37
24.2,1.0
18.2,1.0
87.2,12.92
46.8,48.12
10.5,3.85
91.7,10.78
84.1,19.0
89.8,7.58
76.5,20.03
37.3,20.46
85.9,64.17
84.0,11.91
28.2,43.66
24.8,38.37
21.9,1.0
88.3,33.32
76.7,34.06
20.0,1.0
26.6,1.0
22.4,49.17
86.1,15.83
23.0,37.05
32.1,32.73
92.4,12.91
39.3,40.35
93.8,44.77
18.8,3.29
26.5,44.92
33.9,39.13
27.2,38.74
78.6,50.02
13.1,3.73
25.6,41.61
15.8,1.72
23.9,54.58
61.7,8.28
93.9,35.5
71.8,18.44
104.1,32.73
28.3,9.89
33.2,47.01
75.0,19.46
19.5,4.5
28.7,33.96
35.1,25.6
34.7,40.59
81.2,41.51
26.4,1.0
108.0,56.31
25.3,43.02
95.2,29.28
26.5,5.2
15.2,37.77
90.4,11.46
18.0,1.0
18.0,40.37
83.3,50.82
97.1,68.38
18.9,1.0
96.2,43.27
111.6,49.54
79.5,58.94
5.9,1.0
23.0,37.76
75.6,50.21
29.0,44.2
27.0,26.86
19.1,4.31
35.3,30.38
21.1,49.58
35.2,41.92
73.3,13.43
86.1,15.03
88.7,16.68
25.0,5.81
27.0,39.89
95.5,58.92
14.2,1.0
86.3,43.23
75.9,17.12
15.5,6.12
30.1,35.07
23.5,1.0
23.8,36.96
104.5,40.49
73.1,1.0
99.7,15.17
29.7,45.02
76.4,21.52
24.1,30.07
33.2,44.24
100.9,46.43
33.4,34.77
84.1,42.99
76.9,23.65
27.9,1.0
18.9,2.55
35.2,42.77
91.4,47.48
102.9,41.09
75.3,14.68
19.2,2.85
81.6,16.5
23.9,44.56
35.2,43.32
103.0,41.19
43.1,35.53
10.6,3.36
76.2,24.92
95.6,39.15
33.7,45.41
18.2,48.04
86.6,13.73
24.1,6.84
102.6,43.93
21.0,45.98
17.1,17.77
17.2,1.0
79.7,29.69
77.3,20.56
84.5,12.21
37.7,37.04
35.0,43.54
24.1,1.0
94.3,52.02
99.3,11.02
25.9,13.88
12.6,6.82
92.2,13.57
34.9,30.89
81.5,47.0
98.5,44.44
93.4,46.87
77.0,11.18
103.2,35.07
11.1,5.07
22.7,38.7
19.4,36.16
31.4,29.38
107.5,48.57
23.4,13.88
94.8,45.43
18.3,9.12
86.8,16.93
91.2,14.92
70.5,28.56
29.3,30.94
34.7,35.54
55.2,28.02
79.1,9.4
19.1,33.08
88.9,25.47
79.6,17.46
88.8,10.91
20.4,5.82
18.7,43.14
10.8,1.0
19.5,1.0
20.6,44.31
37.4,35.83
90.7,54.93
27.9,29.68
76.2,9.55
104.3,39.29
28.6,44.48
84.3,11.45
28.4,11.5
18.6,1.0
43.4,33.68
29.7,33.59
30.8,10.91
77.7,15.98
6.5,3.08
29.0,1.0
105.8,42.3
79.7,7.79
114.9,39.74
16.1,7.95
28.2,1.0
85.7,45.62
92.6,22.67
100.3,27.32
24.5,2.57
15.9,1.0
94.4,8.77
90.2,37.07
24.5,30.72
100.9,43.02
86.4,23.09
82.4,47.9
29.0,42.5
74.8,22.73
18.2,1.0
89.5,69.16
81.5,6.6
33.2,43.71
11.7,1.0
88.0,14.58
37.9,40.56
92.7,49.89
34.6,36.8
21.4,39.21
91.4,46.74
11.5,4.67
42.2,43.87
87.6,42.83
26.6,6.11
16.6,1.0
71.2,42.94
13.6,3.43
77.2,17.9
106.9,44.94
79.1,20.87
71.0,22.33
71.3,17.66
25.8,1.0
83.1,28.57
24.1,45.21
94.7,13.27
82.0,17.65
17.3,1.0
82.2,63.75
31.9,41.2
92.4,31.96
32.7,1.0
76.9,9.9
29.8,38.84
26.2,50.24
20.4,3.25
90.1,26.34
96.1,49.68
81.5,31.39
16.7,10.9
81.6,30.71
37.4,37.58
66.8,17.23
27.7,1.46
30.4,1.0
40.5,28.48
25.6,37.0
83.9,28.63
38.5,50.34
42.4,37.38
81.4,20.28
74.4,14.78
85.3,18.6
37.8,44.38
21.2,32.17
66.4,51.17
32.2,41.21
15.2,1.0
91.0,17.84
91.1,40.73
73.1,6.07
68.9,10.85
26.2,1.0
82.6,41.86
94.6,53.29
91.1,37.11
23.2,1.0
73.8,16.93
89.3,41.02
21.4,1.0
34.4,41.72
39.6,42.07
99.1,65.08
105.8,52.17
79.2,22.05
16.3,57.24
26.9,1.0
16.2,8.34
29.8,43.56
18.0,1.0
30.6,39.38
87.8,18.86
16.0,1.0
79.4,55.1
13.8,18.9
84.8,16.55
87.5,27.31
18.4,1.0
30.1,45.6
80.4,3.98
84.3,24.8
32.7,42.04
32.9,44.78
20.9,34.39
36.7,39.15
91.9,58.93
75.4,23.15
95.9,56.53
84.1,43.37
24.1,1.0
12.5,5.56
90.6,44.07
34.0,31.05
74.6,35.77
30.3,58.98
28.6,5.7
18.6,1.0
30.9,43.09
28.5,42.03
21.3,4.52
23.2,1.0
19.5,7.97
87.4,50.72
21.1,11.66
87.3,38.14
19.6,1.0
78.8,9.55
81.3,43.15
11.8,1.0
89.8,38.2
74.9,48.86
31.0,1.48
86.7,9.37
18.3,1.0
92.8,31.55
38.8,41.48
76.9,10.91
94.3,39.88
76.8,15.89
23.7,7.78
92.4,20.61
90.2,5.54
24.2,41.28
28.1,47.38
91.4,15.59
77.2,3.99
84.9,43.8
13.1,1.36
73.9,53.67
99.0,24.89
105.6,73.69
34.1,41.95
66.6,25.79
71.5,30.18
24.1,1.0
73.8,9.22
29.4,33.81
93.2,23.26
21.0,1.44
86.5,32.21
89.3,45.0
28.2,37.51
78.1,1.0
103.3,54.24
36.8,30.56
71.8,51.11
25.0,42.5
19.1,1.0
21.2,1.0
19.0,7.92
103.0,59.09
15.9,8.39
71.0,17.6
86.9,17.62
82.2,22.26
30.4,1.0
83.6,57.37
27.4,45.21
78.4,17.96
29.2,30.01
89.6,60.26
81.2,51.29
89.0,48.42
83.6,32.89
87.8,45.21
77.5,37.7
41.7,40.46
73.3,16.11
98.5,62.17
16.5,14.78
103.0,39.16
98.5,49.37
102.0,41.4
18.6,1.0
21.7,1.0
17.7,44.91
32.8,33.61
18.6,38.59
20.4,1.0
84.4,58.96
88.7,12.65
21.4,5.8
25.7,3.81
16.3,9.58
40.1,43.3
64.0,17.41
79.5,5.27
14.0,6.55
82.7,9.69
17.9,2.11
71.9,9.38
29.3,39.21
108.7,48.11
24.2,40.22
80.9,38.49
15.6,8.44
81.3,26.52
78.3,1.15
15.6,1.0
39.4,41.14
88.8,55.12
25.7,1.54
84.7,15.41
15.3,1.0
21.0,39.73
24.7,5.47
27.9,1.0
18.9,1.0
31.6,1.0
26.0,51.14
96.7,49.58
15.3,1.0
70.8,1.0
15.3,1.0
90.7,32.89
28.6,39.55
20.7,36.23
91.6,38.76
22.6,1.0
18.2,1.0
109.9,38.24
89.8,6.82
75.7,19.04
11.8,37.25
18.5,1.0
14.3,29.67
36.4,44.77
30.8,58.91
64.4,2.2
24.3,1.0
25.5,9.44
91.5,44.3
33.2,44.29
77.4,24.19
42.1,40.59
74.3,25.98
108.0,40.03
98.6,63.82
26.3,40.71
95.6,38.91
79.6,58.05
13.5,14.39
68.0,14.71
75.0,27.79
89.9,8.76
77.7,26.22
13.8,1.0
96.7,54.12
20.9,35.82
30.3,53.26
14.5,1.0
34.0,41.59
93.9,1.0
93.0,44.96
33.4,1.42
83.6,15.55
27.6,1.0
7.5,1.0
80.4,31.84
10.2,1.0
23.1,3.55
87.3,32.38
90.7,26.86
74.1,13.01
32.8,47.27
92.2,50.44
100.4,57.69
92.8,54.63
92.3,38.0
32.2,42.91
16.9,1.0
92.0,41.66
68.4,17.69
91.2,53.41
103.5,52.39
23.9,2.36
24.7,3.58
38.1,31.65
8.4,1.0
116.6,53.09
22.1,4.2
26.7,34.94
78.0,18.15
26.4,40.91
84.6,63.98
70.0,8.12
93.2,41.65
26.8,5.57
36.1,39.53
78.8,16.59
87.7,54.53
86.5,25.02
101.3,51.39
70.9,15.89
100.3,49.91
28.5,4.13
18.3,11.21
21.0,29.78
28.6,26.42
82.5,52.33
13.1,3.01
69.8,9.18
30.1,41.4
83.2,22.21
95.0,20.23
17.5,1.0
31.8,42.81
21.6,7.43
35.2,27.85
29.1,38.94
26.4,37.62
15.5,1.0
29.1,41.63
75.8,24.34
76.0,46.17
77.0,18.71
98.0,28.91
15.8,6.72
35.5,47.43
26.6,1.0
17.0,1.81
19.2,46.82
18.3,6.63
93.8,35.75
84.3,55.47
79.5,17.99
17.9,1.63
25.4,1.0
44.4,46.64
34.1,27.82
84.0,30.34
93.9,12.12
79.1,53.27
23.3,7.45
81.6,12.73
75.6,11.68
89.7,19.32
77.0,18.42
32.3,35.58
20.2,5.07
95.1,2.95
88.8,44.8
76.4,10.9
62.8,4.92
34.6,33.92
91.5,22.94
21.4,1.0
24.4,42.04
7.1,1.0
73.6,24.35
64.5,14.1
101.1,51.62
73.5,39.66
25.5,11.91
94.6,28.35
19.5,1.0
100.4,41.01
94.4,30.03
86.1,24.33
28.2,59.81
22.4,2.36
27.4,10.66
24.6,42.22
87.4,21.94
84.5,6.13
77.6,29.32
90.3,39.41
26.6,1.0
69.8,13.79
88.8,47.55
20.1,1.0
65.6,17.45
96.0,35.53
104.4,8.06
25.1,3.17
43.2,42.78
92.0,52.43
80.1,39.69
12.8,1.0
93.9,63.25
92.5,44.07
22.4,1.0
75.3,15.1
85.9,41.49
100.5,46.9
31.0,7.72
92.7,54.4
38.0,46.36
20.3,1.0
33.8,44.48
25.2,48.36
83.2,16.6
30.1,3.61
45.3,50.46
95.7,49.33
94.4,58.64
28.5,49.91
90.9,38.89
90.1,1.0
29.7,37.71
18.2,45.3
20.7,4.2
76.9,17.12
94.6,44.32
25.2,1.0
20.2,8.93
98.0,63.43
14.7,1.0
40.9,42.58
25.9,7.75
10.5,1.0
19.6,1.0
20.6,5.85
18.1,20.06
27.8,11.92
85.8,34.43
14.8,7.34
13.9,1.0
72.2,13.08
74.7,53.8
72.6,19.82
86.8,58.36
30.9,33.25
81.0,13.35
27.4,8.16
88.6,6.52
21.7,13.98
38.2,38.74
88.1,25.92
95.7,37.02
93.1,41.2
73.6,25.56
22.7,5.29
43.3,54.37
27.3,31.04
20.5,1.0
12.3,6.65
29.2,45.11
107.9,47.52
105.8,51.5
75.0,20.25
35.1,56.85
90.2,7.68
101.6,49.01
80.6,39.88
24.3,9.65
90.3,44.98
29.8,54.31
69.8,4.77
23.5,8.72
37.5,30.72
48.3,49.29
90.1,45.9
116.6,38.16
21.6,57.14
80.1,13.56
81.4,56.88
91.6,77.43
11.5,1.0
69.0,17.27
76.7,30.23
84.7,3.44
34.1,28.54
20.4,7.82
44.3,42.18
98.8,43.78
76.8,24.25
63.9,2.94
98.9,52.12
6.8,8.6
30.3,47.01
26.8,32.43
28.1,44.57
91.3,17.05
23.1,43.06
33.5,44.88
72.4,8.13
21.2,8.69
39.2,43.54
29.5,4.16
84.9,20.13
84.6,30.84
27.5,1.0
34.1,1.66
91.0,24.99
23.1,1.46
24.7,1.0
88.2,14.34
87.2,9.59
76.4,27.89
62.0,17.35
21.7,1.0
11.9,1.0
83.4,18.91
36.6,36.35
91.0,49.57
28.0,40.89
17.3,4.42
23.5,28.84
25.6,4.3
85.7,10.81
33.0,38.94
26.0,39.41
43.8,45.25
28.2,1.26
22.3,3.27
87.2,7.15
86.2,53.06
75.9,8.9
21.7,3.38
17.8,7.32
21.3,4.45
85.1,52.15
25.5,37.02
76.0,37.41
34.5,6.1
31.2,35.18
80.6,46.48
77.0,6.34
71.0,38.05
29.5,45.99
7.1,7.41
96.3,28.07
87.1,14.55
84.2,49.82
82.1,14.02
90.9,45.77
90.1,49.99
85.0,22.99
83.6,10.73
27.7,50.59
93.4,55.68
91.7,16.45
22.1,1.63
34.8,40.62
25.1,39.8
64.1,10.93
41.5,38.46
23.9,2.5
27.6,32.82
86.9,10.53
76.1,1.0
20.4,1.96
87.1,36.43
111.7,43.51
30.3,38.37
81.4,10.18
21.7,32.71
91.7,36.85
96.3,57.46
20.0,10.86
19.7,5.54
23.8,1.0
106.1,65.55
54.5,1.0
24.3,36.61
76.8,38.73
90.5,35.26
12.7,34.75
23.1,1.67
19.3,3.08
98.2,57.52
56.8,29.46
80.3,32.57
109.5,52.5
18.8,37.53
74.6,6.53
15.9,1.0
34.2,34.93
23.6,30.99
43.5,44.8
28.6,39.2
82.2,27.66
80.9,63.34
90.9,8.41
100.6,34.32
82.6,51.2
89.7,13.71
19.3,1.0
24.4,7.33
15.1,33.23
35.8,5.86
82.1,43.72
16.3,1.0
57.2,14.89
84.0,57.35
23.1,2.19
80.2,33.04
34.7,37.85
75.0,40.57
29.2,4.25
23.2,49.51
25.6,1.67
27.2,1.0
10.9,1.0
98.3,53.04
39.4,43.28
75.6,30.89
31.0,46.55
65.6,42.69
22.4,1.46
28.1,33.78
32.8,32.82
84.0,7.89
90.8,14.08
82.9,14.19
16.0,1.0
25.9,1.0
70.3,44.57
32.1,43.82
31.4,44.16
80.9,47.07
17.7,1.0
91.1,41.69
11.8,8.12
17.8,1.73
27.9,38.34
75.6,62.97
19.6,27.06
88.6,27.89
17.2,1.14
19.7,41.31
96.8,49.31
12.1,13.33
34.4,46.77
17.0,4.71
15.2,2.08
102.4,51.87
22.0,5.44
87.0,51.68
116.9,53.97
71.1,9.54
76.1,53.68
79.7,1.0
61.2,20.75
29.3,51.12
94.1,42.87
16.4,8.49
20.1,18.54
44.2,39.43
86.4,1.0
80.5,39.63
25.9,49.29
58.5,13.77
18.7,4.23
88.3,35.19
26.6,3.23
37.0,43.26
24.7,52.6
23.0,45.11
20.1,42.67
84.9,18.07
28.4,32.74
28.3,37.22
85.5,7.56
26.4,3.91
83.8,51.11
88.6,61.51
14.3,4.21
34.9,36.52
79.9,23.44
25.9,1.0
96.3,44.11
12.3,2.32
14.4,34.29
82.6,46.47
23.1,48.02
36.0,49.19
85.2,23.38
24.8,40.65
28.4,2.16
73.8,24.97
27.9,31.71
68.0,3.81
85.8,21.07
32.3,47.74
11.3,1.0
33.6,38.35
36.0,41.46
82.2,63.94
77.7,13.76
24.7,9.37
94.5,56.5
91.2,34.63
23.9,37.38
76.5,3.98
17.8,1.0
77.5,16.91
21.2,1.0
98.2,33.53
84.3,43.79
97.4,32.76
41.8,43.31
40.5,36.89
39.6,31.08
62.5,1.0
24.6,39.96
21.4,9.37
42.6,40.42
73.2,48.54
87.0,35.4
44.7,34.72
30.1,1.0
74.5,25.04
32.5,35.4
78.4,35.68
34.2,34.52
24.8,48.28
112.4,45.38
27.4,1.0
24.5,43.91
20.8,1.0
88.7,36.57
24.9,1.0
79.2,66.37
67.0,11.79
111.7,50.23
39.3,39.39
34.5,37.4
88.7,57.38
64.8,5.73
71.3,16.18
15.6,8.76
15.6,5.86
90.3,45.5
19.1,1.0
23.1,1.0
22.8,41.9
85.5,20.57
74.6,3.71
27.0,49.1
95.1,44.63
98.4,31.76
89.3,35.02
25.8,36.56
26.9,1.0
16.0,2.68
77.2,21.18
83.3,51.87
77.8,17.85
22.5,4.48
87.9,43.16
71.6,14.15
20.1,6.18
27.8,1.0
31.2,40.01
28.9,40.01
39.7,38.08
22.5,9.98
35.9,38.74
25.7,1.0
86.6,45.32
31.4,37.02
37.2,44.03
17.1,1.0
86.8,7.76
8.2,1.0
18.7,1.0
38.0,42.13
15.4,1.0
37.2,35.68
27.7,46.21
8.2,13.43
19.1,37.06
39.0,34.31
83.7,13.64
41.4,34.91
28.0,44.33
86.0,24.15
18.9,3.48
75.1,26.87
88.9,54.36
18.6,7.17
83.9,51.81
77.9,5.61
25.3,1.0
81.1,60.0
31.8,41.33
82.7,39.58
27.4,47.5
35.1,7.88
93.6,62.58
27.5,43.03
74.3,59.67
89.8,29.45
24.4,1.0
96.6,30.67
93.3,47.12
31.5,36.94
94.8,15.34
76.8,46.67
14.6,6.78
40.4,48.7
77.0,28.34
83.7,20.54
72.4,8.38
81.4,54.01
79.7,16.63
30.4,52.78
104.1,40.69
94.4,41.55
31.9,37.06
91.3,47.6
66.7,60.84
101.0,46.16
83.3,36.06
36.8,36.1
12.9,2.19
23.7,36.63
27.8,40.22
24.8,1.0
85.8,22.35
104.4,70.42
26.2,1.45
90.5,20.17
26.7,1.0
35.7,35.95
98.8,46.04
19.1,1.0
95.8,28.61
16.3,1.0
66.0,40.2
12.3,1.0
81.5,5.63
92.5,52.05
77.7,21.93
16.8,1.0
11.6,3.71
81.1,37.16
87.3,48.81
21.6,5.17
36.4,35.53
17.9,1.0
14.9,46.79
17.2,5.84
99.7,31.32
99.7,54.47
35.0,55.38
75.4,24.31
16.6,3.53
80.5,8.47
80.1,51.12
107.0,50.69
77.9,21.83
27.1,1.0
37.9,43.57
85.1,41.0
84.4,41.35
17.5,2.62
104.3,48.74
24.9,1.0
94.4,30.15
11.9,7.77
32.0,45.03
34.4,43.51
81.1,1.0
28.3,1.0
31.8,32.39
90.6,59.15
35.0,40.27
12.6,3.66
88.4,39.24
109.1,53.73
94.3,57.03
26.9,1.0
74.8,17.84
67.9,12.67
80.3,21.84
19.4,6.41
26.4,1.0
19.4,1.0
32.7,38.09
85.0,2.77
26.8,35.54
27.8,1.0
27.4,35.79
20.6,1.0
84.3,26.44
13.3,4.57
16.5,3.57
27.2,1.0
75.2,17.14
68.5,12.21
91.3,48.57
108.0,35.76
108.5,45.11
90.0,13.32
31.4,33.9
82.0,7.28
99.6,54.48
86.4,2.49
86.1,20.99
82.1,10.02
95.7,1.12
74.7,27.74
18.8,1.0
78.6,22.42
109.7,51.82
100.9,57.98
24.1,40.69
28.9,42.73
85.8,43.43
91.3,46.92
13.6,1.0
72.8,14.57
19.0,1.24
27.6,33.44
36.2,33.46
72.5,4.88
84.2,59.22
74.7,53.12
74.3,1.0
23.5,1.0
72.1,21.01
15.3,1.0
25.8,1.0
76.1,20.34
77.6,15.28
37.6,42.04
24.8,12.91
17.9,1.0
84.5,52.33
27.3,5.56
24.7,46.49
93.1,22.65
94.6,25.41
21.4,12.63
95.5,39.85
86.6,41.05
94.7,41.96
98.5,38.4
96.1,55.96
84.0,50.99
102.4,41.07
15.7,10.5
31.2,38.11
27.0,1.0
77.7,12.64
92.9,51.95
19.0,28.0
65.4,13.37
30.3,42.46
84.6,1.0
74.1,32.35
22.4,32.26
42.1,42.44
12.8,7.8
24.1,1.0
80.5,55.2
86.4,33.88
8.6,1.0
27.6,3.2
8.9,7.41
26.7,46.38
77.1,22.72
12.3,1.0
22.9,12.76
89.9,24.52
80.0,23.58
102.3,17.39
88.2,5.28
72.4,11.21
63.6,6.5
86.7,56.38
23.5,38.03
14.9,1.0
14.8,7.41
78.4,22.56
64.9,1.0
74.8,51.59
77.0,9.9
33.9,47.84
17.5,7.53
88.4,39.6
91.5,44.84
76.6,11.08
82.7,51.71
80.9,38.97
81.8,39.12
23.0,1.81
80.3,15.3
16.4,2.22
24.1,37.0
34.3,46.69
63.9,8.24
33.2,41.05
67.5,20.72
17.8,1.0
25.9,44.73
76.7,19.45
30.1,42.52
36.6,44.37
85.1,27.63
22.4,37.08
71.1,24.41
24.6,3.67
86.8,37.07
21.7,2.38
88.0,6.45
93.4,29.45
77.3,40.6
29.1,1.0
20.9,48.4
68.9,54.53
22.8,43.43
55.7,23.28
82.3,41.41
18.9,1.0
88.1,25.82
28.5,42.61
16.0,4.22
11.1,1.0
64.1,21.63
88.3,54.35
78.4,52.31
28.7,45.58
26.8,1.0
33.5,35.44
25.2,37.94
84.0,24.73
79.0,13.99
16.7,5.2
48.4,37.68
25.5,35.03
96.0,24.76
78.8,11.74
66.7,10.65
30.9,27.08
88.5,54.5
102.7,49.71
29.5,33.25
90.9,55.23
26.8,1.0
93.8,46.33
69.2,13.3
32.6,31.9
82.4,22.44
88.7,46.8
30.1,48.93
95.6,43.21
81.1,21.2
32.2,56.79
30.9,47.94
16.9,3.28
74.8,15.6
71.3,16.4
89.6,7.17
69.5,19.43
74.0,9.52
23.8,2.52
84.8,4.58
28.5,1.0
106.7,65.12
26.6,1.0
31.4,45.36
35.2,42.6
89.8,23.01
30.5,31.97
97.9,59.89
18.0,1.0
104.9,34.49
21.2,41.43
20.6,1.0
84.5,10.51
26.2,6.51
17.4,3.47
87.1,17.23
94.7,44.66
91.2,52.92
52.5,32.68
93.9,51.78
94.1,62.1
85.1,11.9
12.3,1.0
87.5,47.13
62.5,21.23
24.3,40.97
81.3,22.17
86.1,50.28
79.3,63.22
11.1,4.2
21.4,1.0
11.6,1.0
83.5,15.06
71.5,1.0
73.3,11.09
37.8,50.18
92.0,54.33
20.6,49.95
97.2,16.26
13.9,5.12
21.1,16.02
91.0,35.49
25.3,30.28
79.1,17.75
30.5,31.84
67.8,59.42
39.6,37.3
32.4,34.54
29.7,2.18
15.9,1.0
24.6,35.18
26.4,37.2
84.5,23.61
100.2,23.75
94.6,28.79
90.8,11.16
29.3,29.56
91.0,9.06
15.1,5.48
87.4,55.65
74.3,30.64
100.8,36.54
84.4,14.63
22.0,15.67
32.9,55.6
27.2,39.7
83.6,22.24
29.6,3.75
76.3,43.64
86.7,42.23
24.4,5.13
81.8,18.5
29.3,49.1
35.2,40.85
44.8,46.64
87.0,39.37
17.8,1.43
34.8,35.99
23.4,2.58
84.7,36.99
26.5,54.85
68.8,22.13
79.5,36.91
13.1,8.32
37.4,45.29
17.0,4.21
85.5,20.84
80.4,26.78
42.1,50.2
100.5,34.21
28.2,29.35
32.8,38.97
70.7,45.92
36.5,36.35
91.8,37.69
20.3,1.0
26.6,30.67
15.8,16.33
102.4,33.34
99.2,57.01
27.1,2.41
93.5,45.73
74.0,31.24
93.5,42.21
71.0,20.77
92.8,32.25
102.7,42.17
20.3,2.4
89.9,65.63
72.2,12.97
79.3,51.46
34.8,34.55
23.2,1.0
20.9,12.9
40.7,34.81
67.5,10.96
84.2,53.74
28.0,54.66
17.3,7.77
110.0,41.65
13.5,1.0
42.1,49.92
31.3,19.12
19.7,1.0
74.7,52.07
75.7,8.4
9.6,1.0
11.5,1.48
17.4,2.16
92.4,12.34
18.3,36.11
40.0,38.18
15.6,1.0
1.0,1.27
24.7,1.0
89.3,38.85
86.3,26.48
80.5,24.49
45.2,44.28
102.3,35.09
83.9,51.09
96.5,27.86
66.4,8.2
30.5,32.67
7.8,1.0
15.1,4.14
96.6,47.13
72.7,26.9
19.0,11.77
66.1,10.66
13.6,1.0
8.6,6.89
95.1,51.33
74.7,31.56
82.5,13.75
34.4,51.46
28.1,28.83
27.2,41.85
90.7,24.67
77.5,60.97
75.0,3.35
70.1,22.94
26.3,46.54
27.3,39.43
42.2,46.18
26.2,30.03
95.3,60.24
18.5,6.74
24.0,12.92
34.3,1.3
78.5,59.44
31.3,29.71
37.6,31.51
89.2,41.09
92.1,18.89
17.2,1.26
41.8,50.12
85.3,10.32
93.8,45.27
30.4,53.09
15.7,1.0
34.2,36.72
25.4,11.97
81.9,29.6
18.2,37.04
84.3,51.89
80.9,36.28
79.0,26.52
73.8,12.36
70.6,17.62
30.8,35.6
93.1,55.6
82.5,21.9
70.7,24.86
72.5,58.35
34.4,50.69
88.9,16.37
70.9,3.88
93.7,59.02
102.0,55.33
78.1,5.27
19.6,1.0
23.1,4.87
78.4,22.68
103.9,38.91
26.5,1.0
34.7,46.98
67.5,53.71
78.2,13.52
107.6,33.07
79.8,13.03
35.9,36.1
93.7,35.4
77.8,39.04
93.8,12.86
91.1,54.17
39.3,47.37
29.7,29.68
33.5,49.89
19.8,1.85
16.9,1.0
88.7,61.53
23.6,10.83
13.3,1.0
80.1,10.25
73.0,15.01
87.2,5.46
26.1,42.43
17.4,1.0
22.7,10.11
19.3,4.2
25.5,1.64
28.3,1.0
11.1,9.06
80.4,10.26
20.2,43.92
75.6,19.55
78.2,30.57
91.5,16.54
17.7,1.24
68.1,8.37
85.4,9.51
87.2,49.87
32.2,44.5
65.3,13.83
83.7,20.67
24.2,1.0
28.9,1.0
32.8,38.03
79.7,9.85
19.3,7.97
99.0,32.91
10.2,6.04
44.2,50.85
90.1,38.84
80.7,23.88
23.4,50.99
92.2,54.56
37.3,41.18
93.4,60.52
26.0,1.95
26.9,5.1
32.0,60.37
19.6,13.42
30.1,29.16
35.4,35.73
78.6,44.06
85.3,1.0
44.8,28.28
89.7,43.91
33.6,41.0
43.1,35.62
32.4,43.72
95.8,49.17
85.1,2.04
21.6,1.0
21.0,35.83
98.6,13.8
92.8,8.14
85.8,41.24
89.9,23.61
79.9,19.73
76.4,43.05
90.4,42.0
17.9,1.0
19.7,51.12
35.2,36.81
76.1,5.76
103.5,52.47
80.4,13.72
65.3,27.81
65.3,19.95
73.0,44.21
88.9,34.71
26.7,4.01
13.0,1.0
9.4,1.0
74.7,44.76
26.2,39.15
19.5,7.61
21.8,7.47
18.6,8.59
73.1,31.52
78.9,18.84
22.1,42.36
77.9,13.33
23.1,1.0
14.4,1.93
17.3,2.9
76.5,47.46
93.4,32.52
95.7,41.45
92.6,21.49
80.0,56.98
29.9,16.87
71.1,23.07
73.7,8.42
8.5,1.0
40.3,34.32
26.9,24.32
77.2,65.3
73.9,16.72
107.5,41.81
101.0,50.79
69.9,3.58
33.0,47.2
95.1,43.86
12.2,6.47
77.1,1.0
30.1,2.88
23.9,3.34
6.2,9.44
32.8,26.25
80.8,60.9
23.0,4.54
22.7,43.14
7.8,1.0
85.5,45.71
81.3,39.7
80.9,29.75
71.8,29.28
78.0,4.2
87.1,30.34
77.3,37.02
23.2,1.0
51.6,42.84
39.5,48.47
30.6,56.47
37.0,41.23
63.6,5.6
15.0,5.86
24.6,1.0
95.2,48.37
80.4,53.85
70.4,16.58
27.3,1.0
68.2,8.54
24.6,7.81
104.5,47.29
96.1,42.02
24.4,1.0
26.2,48.81
78.7,15.04
87.5,6.13
88.5,54.39
87.6,16.79
31.5,50.32
84.6,51.65
24.4,43.63
78.6,23.1
21.5,1.0
16.8,3.89
18.5,1.0
83.9,11.83
21.8,40.99
78.0,27.36
19.0,4.39
69.9,23.32
72.7,1.0
27.1,41.7
25.2,2.98
93.9,57.58
16.4,2.9
78.0,16.21
35.2,49.31
67.8,12.24
26.9,1.39
88.1,51.01
20.3,1.0
83.0,9.78
85.1,56.72
17.9,1.0
70.9,3.65
81.3,8.32
84.3,11.34
95.1,40.03
74.5,21.15
33.1,55.54
78.3,22.67
39.3,44.93
84.8,42.55
66.9,11.83
12.8,5.6
33.0,1.0
18.4,13.48
83.9,9.22
33.8,44.42
16.8,47.39
88.0,53.92
30.6,40.51
26.2,32.43
28.1,30.33
85.0,49.71
99.6,29.18
26.0,44.94
105.2,29.99
23.6,48.24
87.9,55.05
80.1,24.92
83.2,1.0
77.5,7.78
72.3,25.04
19.3,1.0
66.1,9.01
79.8,48.32
87.0,20.7
43.7,42.19
96.0,14.95
20.4,15.73
94.1,16.54
26.0,42.85
29.6,39.3
20.1,43.19
29.7,28.51
26.1,44.52
19.0,45.56
11.5,2.23
20.2,1.0
16.3,5.79
86.9,26.26
23.3,43.71
25.5,34.17
18.5,1.0
70.4,7.02
88.0,39.72
63.1,24.6
100.8,37.2
70.0,49.5
81.7,58.34
25.5,1.0
26.2,40.88
97.4,44.87
31.6,1.0
23.1,39.93
99.3,36.08
22.0,4.15
90.7,48.02
71.5,46.9
26.7,1.13
100.0,43.0
90.6,40.51
24.7,1.0
87.3,6.17
80.1,47.04
32.7,47.87
15.8,2.98
100.9,42.16
101.3,44.79
20.8,52.46
36.6,39.82
29.3,48.89
101.3,54.62
95.7,44.19
25.6,41.45
40.1,50.13
74.2,17.52
31.2,42.85
36.1,44.68
31.4,56.23
15.4,6.68
88.2,11.87
101.3,30.5
21.9,17.15
74.9,13.65
34.8,40.38
36.1,46.78
86.3,2.63
27.9,53.8
89.0,47.36
76.2,40.18
82.3,31.94
22.1,11.43
19.7,1.31
93.8,47.27
36.1,35.51
89.3,18.28
90.5,43.81
32.1,40.17
91.3,69.84
30.6,37.41
78.8,63.88
104.8,48.75
98.4,44.98
77.4,12.81
33.9,34.98
84.6,58.96
110.3,46.29
32.3,40.04
16.2,1.0
75.4,27.05
23.7,1.0
83.0,10.25
63.8,21.86
83.4,44.88
78.3,36.18
34.0,1.0
90.6,18.37
73.9,16.49
91.6,41.61
34.7,33.01
26.3,17.72
17.3,1.0
84.1,51.84
22.1,33.16
62.1,6.12
68.8,56.12
14.6,14.54
20.8,46.76
35.6,53.14
35.3,39.94
102.8,50.88
98.6,18.17
90.8,19.85
24.3,25.17
70.9,23.37
21.8,6.18
30.5,31.0
80.7,17.26
26.2,31.85
23.6,9.75
95.9,37.94
15.0,1.0
74.5,43.13
67.6,8.13
111.2,65.93
28.4,11.72
81.8,13.76
77.1,30.84
7.0,1.32
27.3,41.22
17.0,9.87
78.6,11.76
66.2,27.26
16.4,55.87
96.5,34.76
106.5,46.06
31.7,43.02
97.0,44.94
77.4,7.33
8.8,28.4
86.0,52.03
20.5,46.84
27.7,48.41
24.0,8.87
37.5,43.22
69.8,12.75
86.7,17.72
89.0,57.45
23.8,9.63
9.9,13.15
11.8,10.34
42.1,36.85
87.5,15.15
95.1,1.91
25.5,4.81
90.0,45.24
24.3,38.88
78.4,39.57
93.2,41.68
79.8,13.05
75.1,18.78
31.1,53.3
15.1,1.49
111.9,52.23
15.5,3.7
14.7,1.0
29.4,5.93
73.6,28.87
27.4,31.57
26.4,31.12
98.2,8.49
24.1,30.07
84.7,26.84
81.8,21.99
110.3,55.26
15.4,1.0
25.0,3.09
79.6,49.84
81.0,63.35
83.3,53.17
99.3,14.79
31.1,31.06
28.4,33.95
102.9,40.52
18.2,5.39
72.1,3.67
90.0,15.67
93.7,39.38
113.4,47.07
91.7,56.32
11.6,5.65
73.7,17.98
98.3,40.63
79.2,39.53
80.7,9.41
87.1,42.81
31.1,40.67
37.6,37.89
94.5,45.6
85.9,15.81
20.7,7.12
29.9,12.78
16.4,1.0
17.9,1.0
63.0,26.92
23.1,43.33
93.5,58.48
16.9,2.42
91.8,22.99
77.8,8.26
20.0,1.0
33.3,1.0
19.7,1.0
22.4,17.98
9.8,7.78
28.8,41.48
41.8,40.46
18.0,4.11
95.1,29.87
6.8,1.0
79.7,30.15
23.1,8.52
22.8,1.0
19.3,1.0
96.3,47.95
14.7,3.35
12.9,1.0
29.3,11.66
10.7,1.0
37.3,39.48
23.9,5.98
95.4,14.66
88.5,37.85
23.2,42.91
17.9,13.09
35.5,38.45
41.6,49.13
26.2,43.07
86.1,11.2
18.1,2.3
88.5,5.67
110.4,38.29
16.3,46.95
80.6,43.7
28.0,45.39
93.9,6.25
29.7,5.35
76.0,34.78
94.4,30.18
28.7,38.28
94.1,53.74
104.1,54.07
86.4,9.06
84.9,44.53
99.6,42.22
11.9,1.44
84.2,14.9
77.0,58.07
37.0,51.93
30.5,32.61
86.6,15.31
62.6,23.04
85.0,44.37
101.4,46.47
82.2,3.58
102.4,46.13
84.9,38.53
103.9,53.22
30.6,33.11
32.9,5.66
19.6,1.0
90.2,25.34
34.6,10.55
37.2,40.68
77.4,28.96
36.7,42.25
100.5,51.96
85.3,13.44
26.3,4.34
15.5,11.5
76.2,16.28
35.1,1.0
35.1,41.62
82.0,35.81
17.4,10.23
85.6,19.17
35.3,41.43
78.2,44.85
97.1,36.59
20.8,6.88
34.4,43.21
21.3,2.71
29.3,45.22
81.8,42.14
86.1,18.12
97.2,14.2
20.8,11.21
70.9,37.24
94.6,36.18
74.9,20.15
28.5,47.32
65.6,11.17
77.4,9.18
84.2,16.32
66.9,15.97
30.1,53.54
21.8,1.0
93.5,46.0
11.3,1.0
79.7,16.81
81.0,36.0
72.8,24.5
72.2,19.26
24.7,40.81
91.9,50.79
23.2,1.0
38.3,29.85
12.9,1.0
81.7,21.68
101.8,30.77
73.6,18.4
95.1,41.82
111.1,6.07
18.5,16.83
14.0,6.46
79.0,43.68
32.7,41.25
91.3,32.7
29.8,43.07
31.5,38.51
27.2,41.8
95.0,39.77
70.3,9.42
94.9,41.08
8.6,5.57
76.8,15.87
33.2,1.78
31.2,43.91
91.5,21.43
85.6,44.02
12.2,8.26
83.5,40.58
26.0,43.84
34.2,36.48
13.1,6.78
75.4,35.25
70.9,15.42
60.7,1.0
78.0,6.99
80.5,35.06
86.5,24.08
15.9,11.8
106.0,38.85
96.7,46.46
70.7,20.27
90.5,15.54
19.9,5.16
23.7,30.49
21.2,1.0
103.1,29.84
24.3,46.85
26.3,3.05
16.0,1.49
30.7,14.44
75.6,19.15
96.6,12.07
88.2,58.28
31.5,34.92
25.6,36.16
72.2,20.5
91.5,1.0
72.9,9.8
109.7,51.46
19.0,14.27
19.6,2.71
93.0,41.02
11.8,13.59
87.8,44.17
17.9,1.0
37.7,42.71
20.2,7.1
28.3,49.68
25.9,35.7
82.1,52.22
22.7,1.0
78.3,8.37
18.6,5.62
80.0,16.56
18.8,7.11
66.5,34.36
25.6,48.38
91.5,58.37
90.0,16.47
18.4,1.0
79.2,32.81
83.8,38.21
42.6,41.52
35.8,56.9
39.9,36.03
15.7,7.47
77.6,31.89
24.7,35.49
70.2,42.67
18.6,1.0
89.7,62.36
71.7,26.05
79.2,10.54
24.5,41.12
33.4,53.31
26.8,28.16
25.8,40.09
77.7,57.03
33.2,38.35
25.9,50.32
90.2,17.84
21.1,1.0
88.8,34.9
28.0,40.44
41.9,27.19
13.1,1.0
93.4,58.15
84.0,37.68
81.9,41.05
90.9,31.45
80.9,31.14
34.9,55.0
99.4,39.36
24.9,37.17
18.4,46.18
82.9,43.02
85.3,10.97
24.7,1.31
70.9,9.47
32.2,40.86
30.2,31.32
73.9,16.04
18.3,3.15
71.1,24.63
30.4,37.88
82.7,24.08
79.8,49.62
95.7,42.87
36.2,3.83
102.3,51.82
88.0,44.85
80.1,24.11
15.2,1.0
88.7,38.18
81.1,43.37
71.8,8.73
78.5,6.53
24.7,8.06
77.8,45.12
98.9,37.57
41.2,24.25
81.7,49.7
24.3,4.26
100.2,30.33
91.9,10.22
40.6,48.27
63.5,54.99
23.3,3.92
24.5,33.4
81.1,14.12
88.4,1.0
30.1,46.15
70.2,2.39
20.1,3.0
89.7,32.68
10.2,1.0
81.8,53.79
72.2,20.87
16.0,7.45
99.8,42.55
29.9,1.0
32.0,11.92
38.9,43.42
70.7,1.0
38.3,38.88
41.0,49.28
90.7,34.89
11.5,2.65
23.9,7.95
26.0,44.0
32.7,33.48
89.4,41.61
44.5,44.87
91.1,10.36
38.8,51.15
6.7,6.52
21.6,40.55
91.5,45.84
39.0,43.8
80.8,1.0
33.2,36.74
32.0,50.41
26.9,41.34
19.5,1.0
101.3,40.23
25.1,49.7
7.1,1.0
76.4,16.3
18.3,1.0
87.0,3.07
17.4,1.0
58.6,3.32
83.0,34.52
23.8,6.2
91.0,16.8
113.7,14.52
70.6,25.67
18.7,6.5
29.3,5.63
76.0,3.88
18.2,6.44
97.2,66.55
27.9,35.5
82.9,35.98
83.5,14.62
89.8,23.44
74.5,11.26
89.1,11.41
32.4,42.66
100.0,39.48
89.9,14.38
68.7,8.98
36.6,40.71
1.0,1.0
66.7,12.51
21.9,9.43
26.1,8.67
80.3,19.46
87.3,26.9
94.7,12.25
24.6,1.0
15.3,5.07
28.7,27.64
32.7,33.67
81.7,58.26
23.9,1.0
89.7,28.91
22.9,8.97
87.1,27.76
22.4,3.29
29.9,41.37
104.4,47.91
23.4,5.41
26.9,7.27
86.8,47.3
25.0,1.0
30.1,37.74
25.7,32.32
33.2,48.36
83.6,3.89
37.0,33.49
90.9,53.56
73.8,10.13
67.0,29.87
75.0,13.07
25.4,5.25
101.3,45.46
79.5,32.99
34.3,1.0
65.1,18.47
99.1,44.28
86.2,3.07
16.3,1.0
26.4,1.0
29.1,33.96
84.1,53.99
26.7,48.23
35.9,41.89
84.5,37.58
24.9,15.47
89.7,17.77
95.6,18.25
30.6,43.27
39.9,43.73
30.7,33.41
19.2,42.25
68.1,11.31
93.8,46.13
20.5,45.11
31.9,40.42
24.1,41.54
20.2,14.92
20.5,11.66
29.0,1.0
68.0,5.74
32.7,43.69
31.1,50.43
23.1,1.4
27.4,9.72
74.1,9.72
61.6,1.0
87.2,26.56
24.9,47.95
74.8,16.36
96.9,47.35
91.5,38.84
27.8,35.99
25.2,1.38
87.5,46.32
33.5,45.17
13.6,1.0
15.7,1.0
106.3,46.27
25.9,36.7
21.5,26.66
22.1,9.52
55.4,50.98
84.5,32.78
86.0,23.85
92.1,46.0
39.4,47.47
34.1,35.49
85.3,20.68
77.9,11.34
82.7,36.3
84.5,53.58
31.3,4.31
92.0,20.13
91.7,57.83
65.1,33.48
64.8,21.83
19.8,8.62
84.7,8.15
18.1,6.47
26.7,1.0
82.4,43.91
121.7,46.12
32.1,38.63
102.2,42.85
88.6,37.87
30.2,4.48
16.1,45.3
81.3,2.1
45.6,39.31
59.1,28.2
87.5,19.83
82.1,50.05
25.9,45.24
70.1,16.71
82.5,59.01
16.8,1.0
31.8,39.6
82.3,54.69
71.9,10.54
28.4,43.38
81.6,54.08
34.2,12.92
77.2,33.9
75.8,14.63
83.0,58.88
21.1,38.06
21.1,50.13
94.5,16.74
32.6,44.48
84.2,51.19
95.1,14.98
11.4,7.25
79.6,11.93
100.6,29.45
61.5,12.25
18.8,1.35
24.4,11.23
81.2,14.64
99.1,54.06
19.0,2.57
92.8,46.14
22.8,1.0
85.0,11.57
103.2,43.82
100.8,3.11
30.2,45.97
22.3,47.46
32.8,34.8
92.5,1.53
29.4,41.52
33.4,46.93
77.2,12.07
90.3,54.36
84.7,43.63
19.8,38.84
83.7,15.92
24.0,1.9
103.8,37.7
88.5,1.0
96.3,28.15
24.3,1.61
29.2,42.56
95.6,11.33
15.8,2.11
25.1,3.53
12.9,1.29
88.0,39.96
51.1,36.3
89.9,17.82
21.0,38.61
25.7,42.29
23.6,1.0
92.0,53.08
23.7,1.21
13.2,56.94
28.7,56.62
30.0,35.3
75.6,21.49
78.1,42.09
30.6,39.73
21.9,1.0
34.9,44.64
79.6,21.11
13.1,2.92
37.1,40.14
89.4,57.61
73.0,8.58
101.4,48.46
43.9,42.13
78.2,25.59
89.3,12.27
80.1,18.24
21.3,51.88
29.9,47.04
23.8,4.75
18.1,4.48
28.2,1.05
21.7,1.0
21.6,5.15
31.7,27.69
23.6,1.0
14.6,29.61
9.2,6.48
21.3,1.0
16.4,1.0
22.3,42.36
16.9,43.65
88.1,19.35
18.1,10.51
82.0,14.47
24.2,2.0
30.1,40.58
18.4,2.61
89.4,56.33
76.7,50.89
80.8,21.78
81.5,7.86
81.4,15.43
25.8,2.43
30.3,40.99
20.7,4.54
91.7,39.84
90.6,4.72
68.6,22.61
19.9,1.0
30.5,42.57
21.6,1.0
29.5,40.06
63.8,10.49
99.3,41.81
77.2,1.0
93.7,47.13
31.6,38.88
19.8,30.15
86.9,15.79
85.2,25.78
97.1,48.27
28.6,1.0
78.1,25.61
20.2,1.72
22.7,2.24
31.1,1.0
89.8,1.0
108.5,49.18
34.7,3.51
94.0,42.3
96.1,36.68
25.8,50.33
87.7,44.58
89.7,55.14
75.9,44.86
35.5,47.41
55.8,49.8
17.8,1.0
76.8,8.0
73.4,48.28
82.9,14.24
41.8,34.9
16.6,9.7
74.4,13.03
75.5,34.23
17.9,1.0
34.8,29.23
25.1,44.28
23.3,2.95
107.4,48.99
69.9,19.51
23.7,7.21
79.9,21.11
96.8,75.66
72.4,6.7
74.8,12.41
103.3,35.77
78.8,50.53
9.6,1.79
33.7,43.59
77.9,9.27
88.5,13.92
89.6,2.82
16.6,12.57
98.6,39.09
29.4,73.33
18.3,24.56
22.6,2.19
30.4,40.15
19.6,1.0
95.3,14.94
90.4,37.51
22.4,38.58
27.3,1.0
20.3,36.55
94.7,52.44
19.9,42.35
28.8,41.5
91.1,43.01
69.5,59.82
73.2,28.84
91.2,27.86
16.8,41.28
110.7,51.85
92.6,50.79
68.1,14.36
67.5,1.0
84.4,8.05
23.4,2.58
86.6,41.43
87.1,26.12
26.6,1.0
89.9,20.21
8.3,1.0
27.3,1.0
91.2,49.38
44.6,43.19
14.9,41.19
19.0,1.0
26.3,1.45
24.6,41.84
25.9,17.96
86.7,51.92
81.9,45.83
29.3,44.58
86.2,33.85
97.7,37.1
24.3,2.07
17.5,1.92
74.3,8.53
21.6,5.14
69.6,15.12
36.0,42.41
21.7,50.94
38.2,37.73
96.8,42.82
74.6,15.73
49.6,33.48
24.9,35.97
101.8,53.53
26.1,30.47
27.3,1.0
90.6,48.15
22.1,10.02
38.1,45.32
75.8,13.87
29.8,37.28
41.2,41.79
89.7,7.57
83.3,50.63
15.8,6.09
79.6,11.11
33.7,25.74
106.8,41.25
15.9,7.09
86.6,24.34
91.6,13.19
78.5,21.96
35.0,35.14
88.9,73.21
36.8,46.57
66.5,24.49
35.0,39.57
73.7,14.16
81.3,56.72
19.1,6.86
79.6,14.01
69.6,7.4
79.2,33.7
90.6,17.14
94.5,1.0
97.7,56.24
94.5,57.72
81.8,49.43
83.3,15.96
67.8,19.17
27.3,1.0
43.3,38.4
94.7,37.26
17.7,51.76
36.2,9.15
35.3,49.91
90.8,13.89
77.0,1.0
86.1,59.33
83.7,56.98
35.7,50.29
13.5,1.3
29.1,29.77
97.7,15.42
91.0,14.67
21.1,2.14
74.7,22.42
30.7,27.87
88.3,21.06
73.0,49.01
33.9,32.62
78.5,6.68
10.0,1.0
103.0,9.25
34.8,45.03
14.4,8.85
26.6,8.43
92.2,61.87
20.2,38.76
10.2,1.0
22.5,1.0
33.1,37.67
70.0,9.67
99.0,38.49
95.9,32.3
36.7,28.47
54.4,15.16
77.1,37.1
69.5,12.26
93.8,42.56
77.3,9.9
101.4,33.35
18.9,40.97
34.6,39.41
76.2,54.09
83.2,14.45
38.0,35.46
100.8,19.47
68.2,13.97
77.7,66.54
95.3,41.11
21.4,2.28
20.1,1.0
70.8,22.76
24.9,38.27
16.5,9.68
86.2,38.02
37.4,36.21
91.8,41.61
67.9,1.0
21.4,3.14
98.1,9.88
40.9,41.81
19.2,3.17
15.8,1.0
81.7,41.4
32.5,35.17
73.7,41.24
22.1,43.87
42.1,40.27
92.3,21.43
35.1,39.24
98.3,29.5
34.2,39.25
72.4,7.7
90.4,38.54
76.6,11.34
30.7,45.17
70.4,13.56
23.9,47.86
34.4,41.46
21.0,48.68
23.8,38.41
81.2,9.4
90.0,29.28
24.5,32.66
16.1,46.79
72.3,20.19
74.4,16.08
17.1,1.08
26.6,39.49
31.2,43.29
84.0,9.47
85.7,34.74
9.5,1.0
29.8,1.0
15.2,38.49
82.7,38.41
18.8,1.93
21.1,1.0
32.3,40.73
99.6,25.71
98.1,36.42
20.5,1.0
37.9,41.62
22.1,41.51
14.9,1.0
70.4,5.66
96.8,58.02
25.1,4.31
76.0,34.21
24.1,48.73
73.1,41.84
78.9,54.89
73.2,18.77
13.5,3.71
82.4,35.53
90.4,20.81
27.4,41.33
101.2,33.23
76.7,53.43
78.2,19.31
86.3,58.06
78.8,22.08
23.1,5.34
91.5,8.7
17.4,7.75
21.2,1.0
99.1,52.12
20.4,44.2
8.0,1.82
102.6,51.6
36.0,27.33
87.3,14.03
75.2,23.02
26.2,42.55
75.6,16.71
31.6,45.24
81.0,15.27
29.9,38.89
19.0,2.79
89.1,12.7
40.2,43.41
36.6,43.44
21.3,37.15
78.4,39.4
81.9,29.37
82.0,42.48
87.6,37.0
75.5,54.33
96.3,52.29
23.7,1.74
117.1,48.2
30.7,41.26
7.9,3.05
13.3,1.0
18.3,3.17
94.0,49.81
82.5,56.2
88.2,15.52
65.6,23.7
36.8,38.08
16.1,1.0
17.0,1.0
8.0,3.21
29.1,3.04
95.5,53.37
30.6,1.0
18.1,27.49
48.9,38.95
92.1,43.95
40.7,47.3
85.7,1.15
22.8,38.76
22.5,1.0
85.1,29.53
32.4,39.71
23.2,49.96
19.2,40.8
26.1,4.36
30.0,6.85
93.2,34.12
23.5,38.85
101.4,52.21
20.7,9.35
96.3,33.14
71.2,49.36
99.2,48.77
96.0,45.21
79.7,25.73
102.0,59.02
20.5,10.58
67.1,6.93
26.3,31.93
28.5,36.07
23.6,41.65
26.7,38.56
32.6,2.3
28.0,33.06
11.6,4.28
84.9,51.49
18.9,2.46
12.5,1.0
34.2,35.79
72.9,18.69
88.7,13.81
93.4,50.24
25.6,46.89
23.6,1.0
21.0,46.84
95.7,42.33
15.8,4.63
36.1,28.46
10.2,1.0
77.7,45.26
21.8,10.93
25.4,1.0
88.1,60.61
78.7,8.65
84.6,11.0
21.0,1.0
73.0,9.02
79.2,60.13
98.1,56.78
65.4,1.0
18.6,6.58
15.9,1.0
86.1,11.74
77.5,21.42
89.2,13.09
82.7,21.61
20.4,37.93
21.5,35.71
21.2,1.0
75.6,22.28
67.7,18.27
23.7,5.81
28.4,46.77
77.5,53.34
90.7,43.49
22.1,1.0
33.4,39.63
4.3,10.06
96.2,45.94
25.5,2.81
11.4,7.6
31.6,28.94
70.4,24.63
40.3,32.93
72.3,10.62
77.9,26.02
19.5,5.56
92.3,52.28
31.7,43.15
74.3,6.95
32.4,36.8
19.2,10.68
70.9,27.23
23.0,1.0
15.5,10.28
21.4,9.96
82.1,41.08
74.0,45.84
83.9,32.06
33.9,48.64
15.6,5.07
40.2,19.27
32.6,45.37
24.8,2.97
17.3,42.7
15.4,1.0
78.4,46.94
92.6,55.1
90.7,47.54
73.2,38.42
24.3,38.04
70.0,2.12
79.0,8.27
78.1,23.25
81.5,6.58
38.6,36.68
22.6,3.34
75.4,28.38
86.9,28.16
25.0,19.77
34.6,30.34
96.5,14.68
98.0,50.23
78.4,11.93
12.2,6.28
33.9,37.45
68.9,17.62
66.2,18.13
20.7,1.0
77.2,14.7
16.5,3.68
90.7,23.88
80.0,13.98
23.9,39.29
83.8,56.88
25.7,2.41
64.3,18.91
24.2,17.8
21.2,1.0
41.3,35.58
73.4,33.92
71.0,54.15
19.4,6.99
78.5,25.89
60.8,47.08
78.6,50.01
29.2,1.65
29.4,48.19
92.8,45.01
78.3,19.27
111.7,42.17
80.7,7.98
34.7,35.66
34.4,43.14
23.7,1.14
24.7,31.71
79.8,29.36
23.1,1.0
36.7,40.3
39.6,32.58
30.3,30.09
25.4,34.63
87.9,53.04
11.4,10.86
12.2,4.03
99.6,48.38
79.9,19.84
22.9,1.0
30.9,44.27
24.0,13.82
103.1,48.21
87.2,43.54
25.0,45.9
98.8,53.43
16.7,6.07
87.9,5.3
74.9,10.44
9.3,1.0
25.7,28.95
31.6,47.84
18.6,3.48
74.1,7.16
19.5,49.31
20.5,5.83
80.7,33.17
26.4,4.77
28.2,1.28
80.5,15.24
19.8,1.0
21.6,5.97
82.8,19.3
32.4,39.54
29.9,37.07
74.9,48.55
23.0,1.0
27.2,39.37
65.4,58.09
80.3,28.77
77.3,13.74
13.1,6.11
17.9,8.85
38.9,38.48
98.8,46.07
26.0,39.35
84.3,21.32
41.3,45.28
83.5,59.35
92.2,31.05
14.8,5.85
87.1,46.74
68.9,16.37
23.8,18.12
93.9,10.02
76.3,17.74
23.6,36.17
16.5,1.0
19.3,1.0
63.5,5.97
30.4,33.4
64.8,19.46
92.7,46.7
103.7,65.49
88.4,50.69
15.2,3.49
29.9,38.99
23.2,36.99
82.1,16.72
26.6,25.42
29.0,1.0
17.5,6.32
72.9,30.03
17.7,25.69
91.5,35.87
22.1,1.0
23.4,1.0
25.0,5.01
99.3,36.11
11.7,7.88
29.6,41.74
24.8,6.63
73.7,19.58
100.5,57.01
18.9,6.79
82.7,1.0
75.2,9.1
91.2,12.52
26.3,34.05
73.9,11.58
88.5,17.07
20.8,41.85
93.6,57.51
75.1,35.51
69.4,24.14
87.5,38.1
25.4,1.0
66.9,29.77
21.3,8.73
34.5,47.32
26.3,3.7
88.1,24.15
87.2,25.43
87.2,18.09
42.0,36.57
38.2,37.02
85.6,55.82
89.4,61.58
74.9,12.57
65.8,1.0
29.3,1.48
86.6,1.46
62.8,55.49
23.2,32.93
68.6,1.97
81.1,21.58
58.7,3.66
81.1,43.26
69.5,24.05
77.8,30.04
29.4,41.81
43.2,23.68
30.1,41.99
68.8,11.02
26.4,1.0
36.8,47.19
101.8,39.24
80.3,37.93
83.1,42.95
15.6,1.18
68.8,2.52
34.2,38.19
83.9,11.62
87.8,11.34
10.9,1.0
37.7,37.55
45.1,64.37
27.1,1.0
16.6,1.0
103.1,36.74
104.3,32.77
92.6,46.61
93.0,47.39
30.5,27.57
92.7,45.28
77.4,43.02
29.0,33.97
26.4,36.6
18.8,4.45
16.9,35.85
82.2,19.84
29.6,48.11
97.1,48.94
106.8,46.88
23.1,1.0
34.0,45.73
67.8,20.24
14.0,10.17
103.0,45.34
72.7,1.0
45.1,43.01
20.2,1.0
107.2,25.67
18.0,38.4
84.0,52.16
57.0,14.81
80.6,46.78
30.6,27.7
98.9,45.21
86.1,31.65
38.0,52.16
93.0,36.77
26.5,42.63
42.5,52.85
27.8,49.66
42.1,36.0
20.6,5.02
27.7,1.49
83.8,38.37
79.0,18.7
31.6,32.45
85.9,15.69
15.4,4.86
72.0,20.0
18.0,46.65
96.9,56.11
24.7,38.97
33.8,37.59
11.1,1.0
89.3,44.2
11.7,1.0
19.9,32.06
26.1,37.98
93.0,20.91
32.7,41.36
35.0,56.45
95.5,34.16
85.2,5.89
28.1,43.12
28.4,41.36
89.1,53.73
43.9,52.21
30.1,44.96
78.1,18.33
25.8,37.64
91.9,19.13
81.0,4.61
25.3,43.26
84.9,16.92
82.0,49.39
25.2,9.86
78.7,21.19
32.3,57.59
87.4,20.62
88.3,15.72
92.5,43.16
18.4,1.0
29.8,43.61
87.8,9.99
81.6,10.13
78.5,33.29
73.8,45.42
85.8,22.67
88.5,27.67
14.1,8.56
86.6,19.01
18.9,1.0
28.7,10.05
83.0,51.48
19.2,1.0
81.6,53.35
91.1,47.48
13.8,9.32
26.6,33.64
22.3,39.51
32.9,29.1
103.8,42.94
21.8,41.03
90.7,49.9
88.4,43.54
83.1,64.11
85.7,15.17
19.3,1.0
73.6,17.44
84.3,16.6
100.5,41.95
22.7,30.54
83.9,50.43
77.5,17.36
73.0,3.6
89.2,4.72
97.7,49.45
90.9,36.89
81.4,9.94
28.8,41.51
81.6,31.93
84.9,9.7
19.4,1.45
23.8,6.24
35.7,39.07
92.4,27.04
18.3,1.0
41.4,32.65
71.8,9.23
101.4,8.59
92.2,13.24
24.3,1.46
30.1,1.0
103.8,46.15
94.4,41.74
17.1,6.98
24.9,30.27
115.7,40.03
39.4,29.26
31.3,1.86
32.8,34.76
67.9,18.76
19.2,1.0
16.9,3.05
81.2,1.0
80.8,23.05
97.8,33.4
19.6,5.95
20.5,5.54
79.6,58.65
11.6,6.17
22.1,3.37
22.9,47.51
32.2,49.03
11.9,1.0
18.5,5.57
31.7,38.87
88.2,4.29
38.6,49.75
17.4,4.87
93.9,48.62
81.2,29.65
19.7,7.74
63.6,13.08
70.9,31.98
85.8,51.01
66.6,33.75
16.9,5.85
92.3,33.22
61.8,8.42
74.5,21.06
24.1,2.9
92.9,44.01
66.3,18.99
26.4,1.0
95.5,35.54
84.6,31.03
78.8,37.07
22.8,41.72
87.7,16.82
27.8,33.27
66.8,19.1
28.4,48.62
77.6,13.62
24.5,6.02
92.3,21.95
12.4,36.71
29.0,40.41
19.6,1.0
6.8,4.18
84.1,54.24
22.8,1.0
89.7,38.58
26.5,31.65
85.5,49.73
72.0,10.87
73.4,7.71
102.1,33.42
84.6,37.78
68.0,49.41
86.4,28.84
27.7,3.24
34.5,32.5
85.7,1.0
86.7,15.53
72.9,23.17
93.7,30.71
70.3,19.6
36.7,1.0
77.6,38.0
12.9,8.31
22.5,2.9
21.1,8.28
95.3,78.48
27.2,1.0
19.3,42.6
14.8,1.22
22.5,1.0
29.7,1.0
15.0,1.0
41.5,29.1
82.5,56.23
27.4,1.0
69.0,12.99
113.5,45.55
93.3,46.14
29.2,3.59
21.6,4.14
17.2,1.0
89.4,50.31
88.8,15.01
22.1,45.32
34.7,37.45
82.4,15.76
20.3,3.07
87.7,31.18
91.1,32.07
16.5,1.0
28.6,1.0
86.9,53.03
101.2,32.59
20.7,1.0
16.0,44.32
74.9,29.94
102.0,41.42
15.7,6.87
80.4,43.41
24.7,1.0
88.7,30.99
82.7,30.83
95.0,34.64
75.2,8.41
100.2,34.04
15.2,9.33
100.3,43.81
91.2,1.0
45.5,52.94
83.6,24.87
82.9,27.81
76.2,52.44
32.6,4.11
25.0,2.68
19.0,46.84
102.9,45.6
25.9,44.41
26.2,6.13
75.4,3.18
97.5,49.04
77.2,16.23
80.9,14.23
89.0,58.02
76.5,29.9
29.1,41.13
26.4,34.63
17.7,6.24
95.4,54.97
89.5,16.86
24.8,1.0
92.0,55.94
97.1,10.68
66.6,7.52
86.7,58.96
94.7,38.42
17.4,4.55
16.3,1.0
17.9,6.82
23.5,35.25
35.1,35.43
24.9,43.41
22.1,1.0
23.9,19.79
116.1,24.28
88.7,38.4
28.9,39.88
31.2,48.14
18.2,5.12
30.0,2.81
90.6,48.67
86.4,32.27
98.1,47.88
24.3,31.65
22.9,24.89
26.9,4.82
19.9,1.0
82.0,39.61
86.2,30.16
74.2,8.27
20.4,3.13
86.4,20.37
86.6,50.12
78.1,50.51
93.8,48.64
39.1,34.15
24.4,9.29
99.4,39.83
11.6,1.0
33.0,34.38
96.8,37.58
91.4,48.4
74.7,41.52
78.6,8.23
29.7,39.74
17.3,43.31
86.8,48.4
18.8,1.0
87.7,31.25
98.8,23.24
94.3,45.89
24.6,1.0
79.1,11.14
34.1,1.15
23.5,4.71
118.5,54.69
33.9,31.92
80.7,35.5
75.7,12.34
79.7,28.35
13.9,1.0
24.3,1.0
6.3,1.0
25.5,1.0
21.4,1.74
85.2,50.77
101.1,36.75
72.2,2.97
78.8,7.34
24.5,12.67
81.1,11.08
85.8,8.05
85.1,9.28
91.1,54.7
101.2,69.02
83.3,12.14
33.6,29.49
90.1,70.2
64.2,20.74
80.8,25.65
86.2,55.95
77.7,42.96
21.7,46.88
81.6,52.18
73.1,18.32
93.0,46.59
26.3,3.8
87.7,9.38
25.2,36.46
100.0,52.71
5.2,1.02
36.3,49.54
32.1,32.66
18.5,1.5
81.8,11.63
11.6,3.24
73.7,59.11
21.5,13.79
25.1,43.02
24.0,4.37
77.6,26.59
24.9,38.72
37.7,33.31
25.5,44.31
27.8,1.0
14.5,5.31
28.3,38.65
24.5,32.67
82.0,20.66
33.0,29.73
77.7,54.1
90.2,63.88
26.3,42.23
81.0,12.22
30.2,34.4
29.5,38.36
15.4,2.15
31.3,45.97
73.8,25.15
32.6,44.15
19.5,39.44
106.2,49.23
93.5,52.86
71.9,17.14
89.6,19.89
66.3,10.2
34.6,29.65
78.0,9.27
57.6,15.17
83.1,51.25
15.1,6.84
86.3,23.59
17.7,1.0
15.2,3.01
26.8,8.16
20.2,1.11
29.6,35.11
22.2,32.18
83.6,20.12
23.3,8.23
16.7,12.72
18.1,1.0
77.1,36.66
96.6,48.39
13.4,6.82
77.4,5.15
81.7,3.02
110.0,39.58
26.7,5.39
40.9,48.02
94.3,49.05
93.3,30.9
92.8,9.44
28.5,49.67
61.2,1.53
27.0,32.88
73.3,5.88
83.9,10.13
86.5,42.59
100.7,44.66
91.7,4.52
24.8,40.28
18.9,5.37
25.7,1.0
25.4,40.33
35.2,1.57
24.0,2.46
10.3,1.0
83.0,48.62
94.8,32.14
21.8,33.74
110.9,48.42
18.6,1.0
105.2,47.29
14.9,1.0
69.4,19.81
68.0,18.27
26.4,47.15
14.5,3.17
85.5,30.2
27.9,41.81
25.0,43.65
25.0,40.71
32.3,36.93
94.4,41.76
95.1,49.13
77.0,44.19
84.2,37.56
77.7,46.46
27.3,1.47
29.0,1.0
79.4,16.09
23.1,1.0
93.8,18.82
22.3,1.49
11.3,1.0
13.0,3.74
80.6,24.01
11.5,5.41
83.0,41.34
66.9,19.34
23.3,33.36
73.2,6.55
9.0,1.0
17.2,35.33
27.5,37.01
92.8,35.38
30.7,31.21
20.1,1.0
22.1,34.02
68.6,7.24
94.9,50.28
97.0,38.83
26.1,34.67
6.6,1.0
21.0,15.73
26.4,37.85
68.9,48.7
76.5,10.94
18.4,1.0
68.0,18.87
91.4,7.61
74.7,56.06
85.9,22.11
97.8,45.87
17.9,46.3
73.0,15.84
38.7,41.09
22.5,21.89
16.6,8.48
21.2,6.69
98.3,18.25
75.7,19.17
78.2,8.19
15.9,8.12
84.9,17.22
85.9,48.97
29.0,43.04
95.9,47.65
103.1,50.14
70.4,7.57
73.3,26.66
84.7,39.96
26.0,1.0
88.7,59.45
84.9,49.53
33.2,40.51
46.4,39.79
27.9,37.39
81.1,16.92
20.6,2.13
17.7,1.0
79.5,12.56
99.6,38.6
23.4,3.67
83.9,49.37
19.8,1.0
27.8,37.59
29.6,32.66
16.8,1.0
85.9,40.45
78.2,9.33
77.2,16.34
35.1,34.86
71.3,1.0
8.6,1.0
31.1,9.38
12.1,3.03
24.2,1.97
28.8,1.0
87.6,12.17
23.3,13.02
70.2,19.79
89.3,44.77
92.4,11.46
16.5,1.0
15.4,35.2
25.3,38.12
14.7,1.0
16.5,1.0
82.8,1.0
11.8,1.0
34.1,40.3
21.3,1.0
62.3,9.72
26.3,31.1
80.1,49.75
93.2,56.75
25.9,46.51
24.1,8.61
16.6,1.0
18.9,43.06
99.4,24.89
18.0,1.0
31.2,43.65
19.6,41.78
92.4,33.3
19.9,1.03
34.3,45.24
43.9,45.04
48.1,32.62
92.4,29.05
14.6,1.31
23.7,44.06
21.4,8.25
83.5,13.36
21.5,6.71
34.3,39.68
32.7,43.59
28.4,38.91
30.8,48.56
27.0,49.67
32.4,36.08
23.1,8.63
89.3,38.17
66.9,1.0
33.5,29.92
39.0,43.98
21.6,49.0
92.6,46.54
45.7,16.26
108.1,31.07
21.9,3.89
74.8,56.33
116.6,32.7
30.7,38.63
14.6,44.43
77.5,32.82
12.8,3.44
22.7,6.78
28.3,50.44
86.5,35.35
28.3,36.64
17.3,11.27
75.3,22.43
17.3,1.0
98.4,38.21
79.9,40.74
75.7,1.98
110.2,50.43
86.4,20.57
66.2,1.0
102.1,44.9
91.7,28.32
88.9,6.92
80.7,50.1
87.7,28.11
14.5,1.23
23.5,3.94
19.8,1.0
87.6,18.87
88.9,27.61
78.2,19.91
81.6,35.2
14.9,1.0
27.5,7.26
45.9,38.95
24.5,31.3
21.2,16.84
80.0,41.47
82.5,13.05
91.3,13.31
14.0,1.0
18.2,43.97
30.4,46.04
32.7,43.14
94.8,45.99
72.4,20.43
8.3,2.51
70.9,16.21
23.0,5.76
107.2,43.01
26.7,34.1
20.1,1.68
17.0,2.42
91.6,48.27
19.0,1.0
86.6,23.35
47.1,32.05
80.9,49.26
31.6,10.05
87.2,23.04
67.5,24.99
63.8,21.13
87.7,49.96
95.1,55.57
93.8,31.2
93.3,25.65
87.2,55.69
26.7,38.95
10.2,1.98
84.9,20.82
61.3,4.47
78.6,8.29
99.8,11.92
102.1,47.78
30.9,34.52
22.7,3.41
20.5,5.79
12.5,6.04
29.7,41.57
84.9,1.0
25.2,1.0
80.2,17.02
24.2,2.04
16.1,33.15
27.4,46.83
77.6,63.35
28.8,3.82
19.6,7.12
89.6,15.82
29.6,9.48
72.1,19.85
28.4,45.1
94.1,38.21
83.8,55.69
85.2,51.77
37.1,42.56
26.2,9.6
15.1,9.05
19.2,3.12
17.5,1.0
23.8,1.0
28.5,40.85
65.4,18.96
23.0,2.83
34.2,1.0
76.9,26.42
18.0,1.0
92.5,45.24
35.9,47.53
16.2,13.71
74.4,4.09
79.4,44.43
77.9,22.72
78.8,34.67
18.2,5.42
21.0,32.14
22.6,1.0
11.2,5.7
21.0,1.0
24.1,1.0
18.9,4.14
30.2,39.67
87.0,52.38
17.0,4.96
17.0,5.03
19.8,57.19
93.8,47.52
29.7,45.26
20.9,1.0
31.2,56.18
21.6,1.68
18.6,37.66
99.4,13.8
19.7,8.24
104.8,63.71
40.8,62.59
12.2,5.69
74.5,22.99
20.5,2.97
30.5,41.76
28.0,1.0
22.4,1.0
79.5,1.0
86.1,50.75
17.4,6.03
30.6,41.0
21.3,36.55
67.6,26.94
73.7,42.76
23.3,47.33
77.8,10.58
80.0,6.92
37.2,43.75
31.5,1.0
27.6,41.63
45.6,46.99
19.0,2.55
15.0,7.1
68.0,13.32
13.7,1.0
83.0,42.71
86.7,47.93
85.7,40.09
19.4,11.12
10.0,1.88
15.2,1.0
25.6,42.52
21.2,1.0
84.2,45.73
78.2,42.74
8.3,12.87
26.8,46.68
24.9,46.34
109.7,35.21
26.2,44.36
24.3,47.54
34.8,45.69
62.2,26.33
88.5,13.34
79.3,11.82
80.7,9.05
61.7,55.14
27.6,4.65
10.6,1.0
15.3,2.2
86.1,30.09
74.4,6.35
13.8,1.0
98.6,65.49
81.9,14.59
84.8,26.02
80.5,27.18
37.7,39.56
85.5,48.89
28.2,50.59
26.2,1.0
8.3,1.0
95.6,45.72
21.2,1.0
33.6,43.57
70.5,28.45
77.8,26.74
29.9,39.41
68.2,38.34
72.7,13.42
93.5,36.4
81.2,15.16
23.3,11.02
89.2,42.26
80.7,18.38
99.1,41.37
25.3,5.97
86.0,24.04
75.3,22.81
19.6,3.77
96.1,2.8
88.1,10.19
83.0,49.74
14.6,9.09
98.0,42.68
18.2,7.11
86.7,44.93
63.1,23.32
23.5,11.42
94.7,10.19
97.0,36.19
41.5,52.76
77.7,16.34
71.3,14.31
10.3,7.83
101.7,24.66
40.5,42.65
83.7,28.23
23.2,45.99
24.6,41.59
87.8,44.93
18.0,4.97
34.1,42.34
28.5,38.16
98.1,32.73
105.4,38.19
80.7,30.35
92.1,55.79
89.3,19.46
26.0,30.01
94.7,53.83
68.1,23.31
33.1,39.58
87.3,39.7
81.0,1.0
103.3,51.96
35.9,32.99
34.9,47.76
30.9,46.37
20.8,4.95
26.5,4.93
37.1,41.21
80.3,22.83
74.0,31.54
94.4,35.42
76.3,25.25
100.7,11.98
22.1,41.63
17.5,5.28
22.0,37.64
74.6,19.66
94.1,54.88
66.7,39.27
98.3,52.44
77.1,12.47
101.4,60.95
75.1,14.95
26.8,51.44
75.2,14.77
62.9,10.49
30.9,41.46
83.9,33.19
81.7,21.46
83.6,36.39
20.5,40.55
66.7,30.19
21.0,6.37
85.1,9.11
22.8,9.05
23.8,1.0
32.2,34.28
84.8,33.55
24.0,21.41
90.5,25.14
29.0,55.45
88.7,27.52
89.3,37.3
94.6,49.1
106.5,57.38
96.4,41.94
84.3,4.21
24.2,35.49
26.0,52.21
88.2,46.97
62.2,4.64
116.4,52.06
91.2,26.64
33.5,54.07
77.4,12.19
10.6,1.0
92.6,34.59
90.9,15.84
77.7,18.79
87.6,40.17
90.5,51.27
86.3,46.52
97.7,42.26
35.4,27.43
26.6,1.0
81.3,36.01
17.9,1.0
72.6,18.05
67.4,46.11
88.8,53.34
96.6,4.56
18.2,2.29
27.8,49.22
18.4,8.14
33.0,23.15
44.6,34.13
88.5,15.29
88.3,14.47
85.8,13.25
20.6,33.87
38.4,39.23
88.8,74.56
5.8,6.62
24.1,1.53
87.6,42.63
74.5,18.54
88.6,18.84
97.0,49.37
25.2,32.87
86.4,20.59
86.2,5.2
25.5,53.21
31.0,44.88
27.7,2.59
23.7,42.59
33.3,7.78
15.8,1.0
83.7,47.23
85.4,4.27
22.4,1.0
92.9,16.32
68.4,10.86
39.3,42.17
89.0,12.73
25.9,1.0
26.6,2.05
106.4,37.48
18.2,1.0
79.2,32.65
21.5,1.0
92.0,49.16
115.0,24.24
90.2,17.07
67.7,2.87
72.6,2.09
97.9,14.98
18.9,11.18
95.6,41.72
23.1,49.86
82.3,24.75
26.2,1.27
77.4,15.86
26.4,1.0
20.4,3.63
21.8,1.0
72.2,18.81
72.2,20.94
21.5,33.32
22.8,40.77
32.1,4.26
35.0,40.76
19.8,1.0
31.8,48.29
86.7,29.35
20.0,1.0
28.1,8.1
20.7,1.2
16.7,1.0
72.6,63.66
75.8,47.72
86.4,10.94
94.1,17.01
34.2,34.65
18.8,4.89
17.1,1.05
72.6,16.52
98.4,50.55
24.6,1.0
94.1,43.61
111.8,43.73
32.3,37.75
29.7,34.86
83.9,17.2
74.9,27.02
22.0,10.44
83.3,9.84
17.0,1.0
36.3,48.77
24.3,2.95
26.9,44.11
22.9,1.84
86.8,9.78
94.9,42.81
17.2,1.0
12.7,1.0
78.5,27.4
33.9,30.85
85.1,18.1
97.1,19.71
19.6,39.19
14.7,1.0
20.0,2.26
28.0,43.83
14.0,1.0
25.8,33.49
30.3,43.91
24.7,36.77
83.6,18.32
83.4,10.1
90.8,12.56
26.9,1.0
90.4,2.08
14.8,4.24
18.6,1.0
28.9,1.0
98.1,48.86
24.5,45.59
88.1,42.24
98.3,11.99
90.6,12.63
16.5,2.92
28.2,1.0
67.9,20.02
86.0,54.89
32.4,1.0
24.9,51.41
21.0,1.25
96.7,39.33
95.7,38.68
19.8,3.28
23.2,1.57
91.6,6.36
98.7,50.25
18.6,8.03
31.3,32.83
78.1,14.11
79.3,21.44
19.7,1.0
28.2,36.03
68.9,7.92
72.4,26.56
74.1,21.02
76.8,27.86
22.8,38.75
9.6,4.74
27.7,45.21
24.4,42.85
80.6,67.26
71.6,13.02
104.5,50.48
74.8,18.25
16.5,7.02
76.5,59.32
13.2,15.31
27.0,38.39
37.5,34.58
93.0,42.45
90.2,10.7
28.0,36.51
18.4,1.0
15.5,2.7
18.2,4.42
74.7,11.96
85.1,18.7
25.5,2.34
101.0,33.3
21.3,37.11
84.5,51.59
79.7,24.5
81.6,12.69
22.0,1.0
76.2,22.3
92.4,52.04
19.5,1.0
70.9,12.46
17.4,14.09
9.2,3.41
99.9,53.32
24.2,1.0
24.0,1.55
82.5,1.0
31.8,40.11
29.3,21.22
86.8,58.55
17.9,4.43
14.0,9.84
75.0,15.52
83.8,23.74
20.6,13.43
91.4,37.75
26.9,28.79
21.6,1.0
7.4,1.0
28.5,2.46
15.8,32.37
76.2,13.74
23.5,6.9
24.1,1.0
28.2,46.75
20.8,1.0
24.4,7.24
36.1,39.7
23.2,33.52
94.1,63.05
87.0,30.66
80.8,49.7
40.2,30.27
27.6,46.53
21.7,1.0
99.5,44.67
67.9,27.87
82.6,52.95
80.3,21.05
38.8,32.78
30.8,40.81
40.6,43.49
88.6,25.93
86.1,57.22
18.7,6.65
17.6,9.39
19.7,8.4
30.5,37.3
85.0,23.24
88.2,40.52
67.7,23.52
18.4,11.57
22.4,2.55
102.2,49.53
103.7,35.77
82.2,46.91
25.8,1.0
28.2,38.07
74.3,26.32
90.2,1.0
67.4,21.53
76.6,6.57
88.3,32.48
74.6,6.4
34.7,33.45
97.1,42.66
13.1,36.35
20.9,1.0
90.3,62.85
81.4,6.01
97.9,66.14
29.6,5.93
77.7,15.32
27.8,35.93
102.9,49.66
39.4,49.42
13.7,1.98
33.8,22.8
26.8,41.93
21.5,37.33
72.9,29.91
5.8,4.04
97.9,8.7
25.7,4.79
93.7,35.65
87.6,36.41
86.2,12.91
90.8,48.24
17.3,1.0
101.3,39.12
75.1,28.47
86.1,64.74
87.9,46.23
20.5,1.0
73.9,25.98
91.8,39.86
76.2,11.71
82.3,13.25
11.3,7.19
37.8,41.81
9.6,8.75
73.5,12.38
77.5,36.99
19.6,2.88
82.0,41.61
17.4,8.62
25.1,4.74
23.3,1.0
30.2,10.22
96.0,7.12
16.3,2.45
22.9,1.0
44.6,38.43
86.9,62.04
98.3,45.52
26.2,1.0
77.5,21.13
76.3,8.11
20.8,50.68
80.8,11.38
19.6,1.0
26.3,38.64
27.6,51.15
89.4,50.41
1.0,1.0
20.4,9.58
101.6,54.7
70.8,12.15
28.8,31.95
30.7,36.77
25.1,45.43
87.9,54.81
24.5,37.9
81.3,29.7
85.9,38.84
88.2,21.49
72.0,1.0
80.4,9.93
30.2,1.88
39.0,45.58
26.1,21.57
86.9,16.85
18.0,1.0
31.0,38.59
77.0,58.52
20.9,17.7
27.0,31.96
102.7,35.77
32.9,28.16
12.4,1.0
98.2,39.47
79.3,29.41
36.6,43.5
88.1,19.32
11.9,1.66
79.7,44.1
74.9,26.82
114.9,47.36
29.4,26.41
23.9,38.21
79.5,28.69
16.1,1.0
24.8,1.0
86.0,6.13
29.2,32.97
88.0,12.95
15.9,1.0
102.6,37.17
86.0,38.08
101.8,42.47
71.4,22.09
31.9,47.44
34.4,36.83
16.1,1.0
16.7,1.0
84.9,18.51
27.8,53.62
15.3,36.15
30.6,44.0
32.5,33.04
34.9,48.35
24.7,2.78
30.1,32.96
82.5,39.23
19.6,1.0
30.0,39.49
82.5,42.93
79.1,53.47
9.7,1.0
99.4,35.59
12.3,1.0
29.2,31.1
12.8,6.68
94.1,32.91
26.4,8.08
97.8,25.68
24.7,1.0
81.2,45.47
99.7,27.39
14.6,1.0
34.0,32.23
87.1,11.96
12.3,6.64
24.2,29.75
77.3,26.01
35.0,22.1
85.3,22.3
83.1,33.18
91.5,44.58
90.3,39.18
82.3,1.0
99.8,54.04
26.0,1.0
27.6,45.27
97.0,41.0
80.4,26.54
26.9,45.54
81.5,18.0
66.5,54.14
39.4,45.99
86.4,29.05
88.4,7.68
20.4,7.53
64.8,43.3
98.3,26.6
24.4,1.0
15.6,9.75
97.5,25.73
25.6,4.4
96.4,40.83
78.6,28.89
103.0,34.73
18.9,10.67
76.4,52.26
76.3,18.99
12.0,11.12
24.7,7.0
75.9,18.56
22.4,31.31
13.6,1.0
83.3,18.44
42.3,41.87
11.3,3.15
35.4,31.18
17.4,4.61
61.8,41.87
29.6,8.8
28.5,42.41
73.9,17.9
23.2,4.17
21.3,1.06
34.4,46.07
36.6,46.02
88.1,19.9
34.9,58.99
35.3,44.82
69.5,6.3
101.9,44.88
29.7,28.14
117.1,50.75
24.4,11.29
76.0,33.6
17.1,1.0
34.9,39.54
41.2,24.21
39.3,42.32
79.9,7.35
16.1,6.19
85.1,37.69
32.7,39.98
19.2,48.89
32.7,48.08
14.7,6.61
66.0,5.0
105.0,60.84
102.6,29.97
41.8,39.86
86.4,54.86
12.1,10.85
86.4,41.67
19.6,39.11
73.6,63.24
75.4,15.71
83.9,13.51
6.4,1.0
24.3,1.0
26.9,27.06
22.9,3.7
26.7,43.99
11.9,4.64
101.4,43.37
31.8,39.45
35.2,42.69
18.4,1.58
84.1,34.69
17.2,9.0
102.6,35.42
21.5,1.0
45.8,44.05
80.2,19.0
41.9,30.02
19.5,32.41
78.9,1.0
88.3,58.37
72.4,6.07
77.3,67.84
21.8,47.84
23.4,1.0
71.1,9.83
5.2,1.0
100.5,38.78
23.1,12.85
102.3,36.75
104.5,28.43
14.1,6.35
25.4,47.25
15.8,1.0
76.9,13.02
25.0,7.91
15.8,1.0
80.9,41.94
71.8,27.45
29.7,29.02
32.9,31.01
92.4,41.35
79.7,59.87
27.2,5.61
87.0,61.86
85.9,17.65
81.7,48.04
80.3,48.97
96.0,1.0
93.9,11.09
16.0,1.74
77.9,19.85
82.6,48.21
16.3,1.0
68.1,7.63
27.3,1.0
29.2,45.92
99.9,24.21
92.8,44.7
6.0,7.69
28.1,4.51
31.3,37.19
63.4,16.86
86.7,43.61
102.5,56.48
4.4,1.47
9.1,1.0
15.6,1.0
30.2,37.08
21.7,2.78
16.5,1.0
82.4,60.08
14.2,1.0
17.9,1.0
81.0,7.13
83.1,36.13
71.5,19.15
27.5,44.9
86.6,39.77
87.7,51.37
94.6,23.82
27.3,36.66
75.4,16.73
35.3,41.37
28.1,36.15
92.0,42.16
110.2,34.19
66.2,11.99
9.8,16.27
25.5,36.25
74.9,32.04
14.0,1.0
96.7,41.84
20.8,17.6
43.5,41.18
67.3,9.79
88.6,56.73
26.9,15.46
68.0,14.66
75.5,25.11
25.7,1.0
28.5,39.22
42.9,43.77
96.4,43.36
30.1,25.18
5.2,10.92
56.0,4.46
109.5,47.3
76.5,23.84
98.3,46.62
80.6,18.85
84.1,11.8
30.9,1.0
18.4,34.68
22.6,8.29
16.6,1.0
20.7,7.89
21.2,1.48
31.0,46.2
31.1,45.61
35.9,32.15
92.7,47.63
28.4,49.93
19.0,1.0
35.4,38.59
16.6,1.91
21.1,9.61
78.9,8.16
14.4,7.88
21.9,7.62
85.5,13.1
97.5,26.66
87.1,43.09
101.9,62.02
15.1,41.39
107.3,16.43
82.9,49.42
97.6,38.14
78.2,18.89
74.8,15.66
89.6,1.0
87.6,25.76
11.6,3.5
75.5,1.0
22.8,28.81
32.9,1.0
23.9,10.63
30.3,38.49
90.5,12.83
80.3,47.91
74.7,11.65
84.8,44.33
27.1,33.78
103.0,54.2
21.0,8.4
76.9,15.31
84.8,11.21
21.2,47.43
80.5,35.05
101.1,38.07
74.8,31.37
89.5,35.13
109.5,38.89
94.8,46.13
91.8,49.47
23.5,1.0
38.2,31.37
76.7,48.94
15.9,5.95
90.7,31.26
17.8,6.23
82.8,51.29
22.8,37.96
97.8,46.15
85.0,26.0
81.7,35.33
68.0,8.78
72.5,41.25
23.1,14.15
107.6,23.11
78.4,41.95
40.3,32.01
92.5,35.15
73.7,31.16
83.4,5.47
91.8,7.3
65.4,21.01
68.2,14.79
89.7,41.7
7.6,10.77
30.4,38.22
87.2,49.27
27.4,46.8
33.7,38.66
25.8,43.71
76.1,28.93
82.0,21.41
16.1,1.0
97.2,54.41
93.7,45.84
84.3,1.0
28.1,33.05
66.5,20.79
86.6,23.8
34.9,9.72
30.7,36.39
39.5,40.19
26.6,41.08
92.5,47.65
75.1,6.13
84.5,48.27
98.6,45.56
31.1,33.15
112.0,36.46
85.9,11.38
77.6,13.96
42.5,48.77
77.3,7.98
27.5,41.73
11.6,1.0
68.0,7.15
52.9,42.96
77.2,13.58
100.7,43.61
73.9,29.98
91.9,46.31
37.5,42.88
95.5,29.55
82.9,14.67
90.8,52.27
31.3,36.91
102.1,27.64
33.6,37.2
18.1,7.71
80.1,41.03
89.5,48.05
102.4,28.88
83.7,36.89
40.6,50.77
89.9,6.6
77.4,37.05
94.6,22.55
73.6,7.36
9.2,2.22
75.6,48.34
36.7,45.66
87.8,17.75
87.8,36.11
28.7,46.19
63.8,5.01
22.2,1.7
74.0,32.43
43.1,28.37
70.6,7.29
15.7,4.26
22.1,38.31
23.3,7.58
22.9,41.56
75.2,13.34
12.2,1.0
87.7,36.81
101.0,38.27
35.3,36.58
58.5,26.37
23.8,35.38
27.6,42.86
83.3,48.68
72.7,1.65
25.5,32.16
87.6,43.6
29.2,31.48
26.4,44.1
81.1,16.21
84.5,26.41
20.8,1.0
28.4,35.28
20.9,1.04
30.5,45.32
20.9,46.25
24.9,15.26
62.0,21.24
105.1,55.51
29.6,46.09
96.9,55.0
75.5,46.41
11.8,1.0
76.6,56.08
97.9,43.41
81.2,14.03
10.2,6.96
15.2,2.38
22.1,26.44
21.8,15.02
25.9,16.22
94.1,1.0
23.2,31.43
34.0,39.98
84.4,46.99
37.1,34.27
20.4,33.74
32.4,38.14
29.9,1.0
98.5,44.96
20.4,1.0
91.5,49.79
79.8,17.89
92.4,29.14
85.6,41.22
101.9,49.78
25.3,1.0
90.8,43.41
73.6,6.06
94.8,33.05
75.6,5.84
102.8,42.97
89.4,54.22
78.2,39.58
16.9,1.0
18.6,1.0
86.5,10.57
56.4,29.86
76.5,11.59
15.1,1.0
76.2,18.08
94.8,54.4
18.5,2.61
20.7,51.09
20.1,1.0
88.6,32.92
24.7,1.0
86.7,33.35
85.8,17.14
32.6,36.99
72.4,25.13
16.1,1.0
66.9,18.52
9.0,11.48
101.4,17.62
60.2,11.86
88.9,16.78
21.0,1.0
31.8,37.08
112.9,30.08
26.5,12.82
13.5,1.0
20.6,1.0
98.3,64.91
77.6,48.35
27.6,32.34
36.5,22.29
92.5,35.81
18.5,1.15
88.4,19.82
80.4,12.48
20.9,1.0
87.0,28.43
86.5,25.85
34.8,36.83
80.2,14.47
21.4,25.71
82.4,42.1
79.5,18.93
12.7,2.51
20.7,1.0
20.8,8.42
38.8,40.05
91.3,49.11
92.1,40.83
78.1,6.53
20.1,5.84
85.4,10.73
29.4,44.78
107.7,50.32
82.3,3.61
13.8,1.0
24.2,39.73
79.4,13.51
35.8,42.75
22.7,1.0
26.6,37.12
33.6,51.61
22.1,10.8
31.1,12.56
84.8,41.5
95.3,70.97
91.0,41.59
24.5,52.55
33.8,43.69
17.2,1.0
67.1,1.0
8.9,1.0
38.3,54.6
33.6,51.25
90.2,9.41
12.9,1.0
24.1,7.38
22.6,1.36
92.6,35.33
79.6,1.0
96.9,12.48
89.6,41.6
77.0,9.0
24.9,43.22
78.6,19.33
32.0,40.81
90.6,45.89
25.8,35.62
92.9,23.36
91.4,25.82
93.7,48.43
95.8,40.52
19.3,1.0
77.6,42.48
69.3,16.01
33.4,34.0
80.2,7.82
75.9,17.2
106.0,38.31
75.8,46.56
69.3,20.14
27.9,9.05
16.8,4.08
35.3,34.49
85.2,44.35
84.6,49.39
82.6,15.64
81.2,30.08
21.3,42.88
27.6,11.67
12.5,1.59
102.8,44.84
27.6,29.54
86.7,27.41
30.0,30.76
85.5,11.22
25.4,1.0
89.3,11.21
17.0,1.0
73.5,12.67
34.7,36.74
24.2,1.0
27.8,39.54
75.1,38.1
82.7,10.89
79.8,27.21
18.6,2.47
97.8,37.85
19.8,5.06
17.2,2.92
17.0,4.84
39.0,34.7
71.7,48.43
96.7,10.35
97.3,60.21
89.4,43.18
15.8,1.0
39.3,32.72
33.5,48.68
28.6,32.86
99.3,46.75
37.3,35.48
84.5,24.33
25.5,39.66
80.3,36.34
69.3,37.48
76.1,14.14
69.0,50.25
11.0,2.26
34.9,40.96
18.3,10.05
46.3,38.24
20.0,6.09
64.8,18.89
26.0,43.05
22.1,54.92
27.8,41.04
96.4,52.56
92.2,31.77
95.4,49.13
79.0,12.67
23.9,44.23
36.4,48.49
18.5,34.58
37.3,50.37
33.7,47.44
14.7,1.0
84.5,12.77
29.3,54.22
19.4,45.78
82.0,49.81
101.2,31.29
26.5,12.47
21.0,7.87
22.5,2.64
34.5,48.82
26.3,28.8
81.2,14.1
102.1,42.53
27.9,1.0
32.2,43.52
44.7,33.67
90.8,26.69
25.2,34.98
75.6,14.62
92.6,53.81
99.3,43.82
7.8,8.03
12.0,4.65
31.4,1.0
74.9,1.0
21.8,2.36
14.7,1.0
76.4,4.15
82.0,2.8
9.4,11.38
73.2,12.31
35.3,33.73
81.8,44.66
88.8,41.47
67.7,20.45
39.7,32.33
71.5,13.83
82.9,55.35
40.2,36.66
12.5,32.87
26.2,1.0
84.2,49.95
36.0,51.89
100.5,36.19
98.0,43.29
30.8,41.17
65.1,13.43
85.8,29.0
42.0,37.8
42.8,33.21
74.4,34.54
81.4,60.97
83.3,34.8
81.8,36.24
28.0,43.27
86.2,21.45
83.2,13.06
105.2,16.87
84.0,47.78
20.5,3.86
102.3,46.92
23.3,1.32
75.9,19.73
87.3,1.3
84.5,44.79
74.1,4.0
87.9,36.86
31.5,1.0
91.2,37.4
34.2,46.44
15.5,1.0
29.1,41.72
92.5,25.81
76.7,10.2
17.6,2.95
31.9,49.34
86.4,42.07
25.5,55.44
19.5,1.0
23.1,41.84
21.3,39.58
81.2,55.51
89.0,21.63
73.5,15.88
32.1,35.71
80.1,8.93
28.8,7.4
94.4,50.96
16.9,1.0
38.3,49.1
67.4,9.37
81.1,47.14
20.4,2.51
16.7,1.0
9.0,1.0
83.4,30.77
28.6,41.34
22.5,1.0
88.6,54.74
75.4,45.0
25.8,35.51
17.6,1.0
87.9,24.58
100.9,40.62
91.8,43.77
22.8,43.01
39.4,39.27
30.8,31.15
5.9,3.87
20.8,1.0
30.2,40.12
88.9,37.87
20.7,1.0
20.5,10.82
22.2,44.02
32.4,39.83
19.6,3.28
30.5,40.45
86.7,12.99
20.9,6.29
97.8,54.44
83.6,24.87
15.4,1.0
96.7,67.93
74.8,2.25
98.1,20.45
100.4,41.06
89.3,41.32
82.4,1.0
72.9,17.3
28.1,43.02
19.1,1.51
33.6,45.22
32.9,36.66
28.8,3.7
91.7,72.09
31.3,40.62
32.8,35.38
36.1,45.25
39.0,39.12
91.7,53.38
27.1,26.71
25.3,1.0
12.0,1.16
14.1,1.0
31.3,38.02
63.2,1.0
82.5,53.29
97.0,38.51
89.2,53.54
101.3,41.7
84.8,32.63
23.8,1.0
27.7,45.46
23.1,38.19
83.4,46.58
98.9,33.97
32.3,30.39
31.4,41.7
25.1,6.32
3.9,1.25
18.9,3.0
88.1,8.26
29.3,1.0
78.7,16.27
90.3,45.99
27.2,49.55
86.1,1.0
28.6,44.69
101.8,57.26
21.5,1.0
18.7,4.58
28.4,36.32
18.3,1.0
30.9,43.03
8.6,1.0
28.8,42.07
102.3,39.19
17.1,1.0
74.7,18.3
91.7,19.89
22.4,36.05
82.1,12.05
89.9,52.3
34.8,27.06
84.0,13.4
20.6,57.46
24.6,8.52
31.0,45.4
19.7,12.75
29.6,35.67
75.5,9.53
88.5,55.08
19.6,18.45
97.0,45.14
85.9,26.52
27.1,1.0
99.0,48.16
24.5,2.56
18.8,35.4
73.5,33.74
85.1,6.81
17.1,1.0
97.5,48.01
23.2,1.0
75.9,17.72
92.9,13.48
72.4,14.17
20.9,1.0
26.2,35.71
107.8,45.55
82.2,22.98
77.6,16.01
102.4,56.54
96.7,29.07
25.7,1.0
23.3,1.0
25.0,7.78
97.9,12.1
87.1,37.36
87.4,18.56
70.7,25.01
27.8,34.01
80.4,37.37
28.5,1.0
18.6,1.0
80.0,6.91
42.0,34.64
31.1,39.07
99.3,67.0
70.7,57.97
96.0,34.0
76.5,11.04
24.3,1.09
79.3,59.84
96.8,48.97
22.9,48.09
79.6,11.76
18.7,40.47
73.0,11.14
95.0,26.25
62.2,13.13
87.7,53.57
81.2,18.05
26.5,44.23
81.7,11.69
97.1,38.58
37.2,38.97
31.9,43.4
83.8,2.17
35.7,47.66
83.3,1.0
98.2,54.76
81.9,36.08
71.6,5.94
26.4,4.1
16.3,49.15
24.9,40.56
90.3,11.13
102.5,20.87
82.6,11.22
14.2,10.08
21.6,1.86
75.1,40.75
16.8,1.79
83.8,5.13
73.8,19.45
11.2,1.0
81.7,7.73
19.6,3.27
75.7,30.26
34.1,32.36
61.4,15.02
19.2,1.0
75.8,2.79
114.1,53.82
82.7,57.08
29.6,42.9
97.8,44.66
95.8,42.97
79.4,12.3
78.3,50.46
15.5,8.77
15.0,1.0
70.7,9.64
96.3,38.79
82.9,35.36
21.4,48.3
31.0,35.09
36.3,44.76
21.9,5.12
31.7,49.94
17.5,1.0
38.3,36.33
39.3,41.59
85.6,39.66
12.6,5.53
72.0,11.52
26.7,40.2
5.0,1.0
73.8,14.57
86.2,28.43
19.4,3.78
76.0,52.98
97.1,27.2
75.6,20.82
76.3,1.25
22.9,27.22
36.4,32.27
25.6,49.96
90.3,55.84
89.9,49.18
83.2,1.0
31.1,48.82
71.6,20.46
64.8,19.97
23.3,1.49
16.5,4.33
19.8,7.58
27.1,4.54
86.5,9.59
89.6,37.26
21.5,42.97
81.2,2.34
65.5,3.03
36.4,34.45
34.2,45.05
21.6,42.92
33.3,43.01
14.1,1.0
15.0,5.54
77.9,14.4
70.4,21.48
86.2,8.39
83.5,33.12
31.3,37.15
88.9,25.43
101.9,22.75
32.3,44.84
93.4,49.72
73.1,28.49
28.6,33.84
21.3,7.58
77.8,11.85
32.3,45.74
94.6,38.36
13.9,10.51
42.7,35.27
23.7,1.0
77.2,1.0
77.1,44.03
77.1,22.69
26.8,49.74
28.3,32.28
103.9,49.89
6.8,5.18
81.1,40.09
83.0,44.6
34.0,40.7
16.5,6.09
20.8,2.34
85.9,6.75
98.1,32.63
87.4,7.21
79.5,16.77
33.8,41.52
33.5,48.55
44.4,50.19
13.3,1.0
15.7,1.0
89.5,30.09
89.8,55.0
78.3,4.45
82.4,41.0
20.4,34.2
90.5,25.15
70.7,5.28
74.4,13.25
22.0,6.7
22.7,45.82
21.4,1.0
25.6,48.35
85.8,52.1
77.0,1.94
80.5,21.9
29.7,38.06
15.8,2.69
87.4,15.1
85.7,11.35
38.1,32.18
46.8,58.53
77.7,46.7
34.6,4.95
87.5,12.73
84.0,64.97
59.9,18.49
84.4,57.89
83.4,42.14
76.8,19.97
28.3,36.4
98.7,48.04
40.4,47.1
19.8,1.0
11.7,4.23
104.7,34.37
88.9,4.13
28.5,53.37
30.9,39.17
35.6,32.44
78.0,46.11
24.2,51.8
21.2,52.91
16.1,6.46
9.9,1.0
31.0,43.4
36.9,39.57
77.0,35.63
10.9,30.35
23.8,52.87
22.5,1.0
83.0,11.64
20.4,39.99
95.0,38.4
79.2,32.09
37.2,43.73
79.0,36.8
22.4,46.0
104.3,63.02
28.1,3.67
28.9,1.0
90.2,49.37
28.5,1.0
14.3,1.36
64.6,19.05
25.5,46.3
87.6,55.13
12.1,7.68
20.3,1.0
82.5,47.31
26.5,1.0
27.2,1.0
29.1,3.73
88.5,16.75
73.5,24.58
91.0,38.06
23.4,37.83
30.8,43.56
83.7,12.59
29.0,1.0
106.7,40.33
26.2,40.88
28.6,45.6
37.2,46.25
19.5,6.37
79.8,32.98
80.6,7.02
19.5,1.0
98.0,42.9
90.6,43.11
28.0,5.41
28.5,48.91
27.0,31.98
98.6,49.4
17.1,2.84
32.2,37.23
21.1,1.0
73.7,17.71
99.1,49.1
9.8,1.0
33.1,32.88
92.7,34.56
40.6,32.73
79.1,1.49
90.8,31.08
25.1,1.0
7.6,8.91
24.7,41.21
25.1,11.24
83.8,12.42
34.6,34.21
28.3,32.35
9.7,1.0
75.0,39.9
38.0,48.98
21.3,1.0
18.8,36.86
16.4,52.98
98.6,49.67
18.9,9.57
76.5,8.62
72.3,1.7
76.6,24.01
30.4,1.0
39.2,40.31
80.0,29.64
27.8,39.1
21.5,40.28
17.9,2.08
14.6,1.0
45.8,44.11
23.1,12.92
97.3,33.89
97.2,43.73
23.7,2.93
20.3,3.54
90.4,42.0
39.5,34.61
75.6,9.41
81.4,14.68
27.7,30.35
70.6,24.62
74.7,2.59
72.7,9.2
83.6,62.36
78.0,51.93
4.9,1.0
19.1,6.06
75.2,7.67
84.4,55.13
20.4,34.2
93.7,41.45
76.6,38.95
90.9,54.68
22.8,15.64
73.1,5.73
29.7,43.31
27.9,35.06
27.1,42.97
86.2,28.67
78.4,18.39
115.2,46.04
25.3,1.0
8.8,10.22
30.4,36.96
33.6,30.38
19.1,13.52
94.5,6.45
18.3,1.0
84.0,47.42
70.8,15.72
74.7,8.99
81.8,46.21
108.8,30.94
15.9,42.28
33.6,48.24
12.6,4.48
28.3,41.15
41.5,39.68
29.2,40.84
79.8,1.41
65.9,1.0
83.6,13.25
96.1,46.23
82.3,61.45
79.6,35.8
81.1,10.63
23.7,1.0
95.6,32.01
91.7,24.15
65.1,22.53
88.7,58.86
20.5,1.0
33.0,38.57
77.1,7.73
39.6,42.56
11.6,1.62
67.9,20.64
68.1,23.01
79.4,27.54
27.1,52.01
90.3,8.35
85.8,17.31
26.0,41.69
98.6,43.92
83.8,57.4
79.0,47.83
70.8,19.88
25.8,51.57
29.4,41.89
81.6,23.93
38.1,54.11
36.5,39.34
12.1,1.0
18.6,1.0
74.2,51.78
80.2,51.11
25.8,51.96
24.9,53.51
17.8,8.33
14.7,13.25
91.9,48.47
88.8,18.64
29.7,30.55
33.1,39.4
69.7,7.32
10.7,1.0
92.1,30.25
95.1,67.03
69.9,3.79
102.2,32.3
92.4,59.4
68.4,40.51
71.6,26.16
87.0,8.03
14.2,10.2
26.7,36.51
87.8,21.53
86.3,51.29
100.2,52.74
22.4,2.74
20.7,28.77
92.6,30.7
89.3,2.6
85.0,48.94
82.6,2.29
95.8,24.3
84.3,16.33
97.8,44.28
97.7,66.75
66.1,31.1
70.9,8.42
17.5,5.67
17.9,1.0
26.7,1.0
35.6,45.36
32.1,7.7
23.3,1.0
16.2,1.0
33.2,38.8
107.3,50.6
23.9,1.0
12.2,7.43
18.0,3.49
112.3,55.63
61.4,13.09
65.6,13.24
91.3,18.29
17.3,5.45
65.9,4.98
89.2,29.36
21.3,1.0
92.7,27.0
26.0,1.0
84.7,11.64
66.3,6.27
5.3,6.37
22.1,6.09
34.6,47.35
85.3,4.1
20.6,1.0
77.5,21.8
94.1,51.26
24.8,32.07
27.5,35.02
93.1,17.88
13.3,1.0
19.1,7.6
6.8,5.69
69.7,51.07
13.3,1.0
33.7,42.16
74.9,20.74
83.7,37.42
93.7,46.77
72.3,43.25
26.9,1.23
22.5,2.28
84.5,15.48
87.8,11.27
3.3,3.15
24.4,2.28
18.8,1.0
27.9,1.0
80.1,48.43
15.2,4.63
27.8,43.83
95.4,42.91
10.8,3.31
10.8,2.67
99.9,59.22
19.1,47.98
25.6,1.0
35.4,38.88
16.1,33.15
21.8,7.07
22.9,42.12
75.5,73.51
14.6,1.0
76.3,12.49
13.5,8.68
12.6,7.96
79.6,16.41
29.4,2.06
90.2,11.32
76.4,4.13
29.0,37.33
12.0,21.58
19.6,3.96
26.4,30.66
29.8,52.05
31.1,41.29
23.8,46.16
20.7,8.01
23.9,35.4
69.0,17.42
78.7,8.26
87.2,38.54
21.7,1.08
85.9,38.43
90.8,25.13
72.3,5.1
68.6,11.25
20.7,2.99
89.5,44.03
75.4,12.12
94.4,28.87
91.5,37.06
36.9,4.62
24.9,1.69
30.0,36.37
18.8,3.61
77.8,15.02
26.3,11.39
79.2,30.46
7.9,1.0
89.0,18.06
85.6,18.65
96.8,43.76
96.2,59.44
73.5,19.59
42.2,44.55
84.7,37.18
93.5,56.93
73.0,7.66
35.9,36.55
30.5,1.0
80.8,5.6
68.8,12.95
79.5,7.28
84.5,55.39
76.3,4.47
39.6,48.81
92.9,60.04
40.1,1.0
73.9,46.9
101.8,48.3
75.8,36.02
86.7,12.27
23.7,4.1
82.1,37.2
88.0,11.13
96.3,57.13
32.9,44.56
78.4,5.68
19.8,1.0
95.5,47.24
28.6,11.67
71.6,41.56
26.4,6.28
99.7,56.98
19.2,1.0
33.9,44.33
21.0,34.56
99.8,69.33
88.8,19.81
82.6,19.34
80.2,4.95
85.0,29.78
21.4,1.0
22.7,49.09
13.1,1.0
75.3,22.94
91.0,34.44
103.7,35.27
17.8,6.57
17.3,1.0
89.1,50.11
26.2,7.97
87.9,54.02
23.0,41.61
90.1,52.57
87.1,48.98
34.0,51.01
24.5,1.0
35.3,36.9
72.1,1.0
71.8,10.07
101.6,48.78
82.1,36.43
107.7,48.52
37.1,44.93
86.4,23.03
38.6,30.3
73.6,36.04
90.4,16.67
25.4,1.0
88.8,11.31
79.5,6.18
82.1,12.55
7.7,7.2
16.8,6.64
80.4,31.19
84.3,26.65
78.9,5.26
15.9,1.0
13.4,10.85
76.8,27.81
19.7,30.63
15.0,1.0
70.3,7.89
24.6,33.97
32.9,7.97
17.4,10.6
96.8,58.08
83.0,20.44
32.0,28.42
22.3,8.0
28.1,1.0
14.1,6.53
77.6,15.01
13.2,1.0
71.4,38.1
83.9,40.57
38.3,36.68
28.3,1.0
82.1,47.98
3.1,1.8
93.2,16.43
76.1,25.61
32.3,33.5
35.8,34.55
88.6,55.27
36.4,1.0
25.0,11.76
95.4,40.17
88.2,58.47
89.9,4.85
84.7,26.83
21.8,4.54
76.3,6.21
11.0,1.0
78.4,14.95
25.2,5.84
19.9,39.19
9.7,6.88
83.7,44.9
19.2,5.45
28.7,9.49
12.2,1.0
69.9,18.79
23.8,26.46
83.1,28.4
96.1,55.38
104.3,46.28
26.1,33.02
21.4,46.36
78.6,43.06
28.3,4.86
70.6,7.73
20.4,1.0
21.7,9.41
32.7,30.47
74.3,19.54
105.1,47.34
101.2,40.94
30.6,40.66
22.2,3.78
31.9,28.83
85.9,27.78
79.4,27.25
90.6,1.0
21.9,1.0
73.1,27.51
19.0,4.59
100.9,42.08
22.3,11.52
85.5,14.74
17.9,10.06
105.3,38.68
35.6,41.89
43.6,43.41
91.9,49.04
85.2,28.68
74.5,34.65
34.5,38.03
91.6,47.81
36.7,43.72
82.7,46.29
73.7,18.76
90.1,51.85
39.6,36.09
28.7,33.58
25.6,32.38
24.4,23.79
81.0,28.05
98.1,50.79
13.6,1.0
95.5,41.02
18.0,1.0
15.7,1.09
16.6,1.0
83.8,33.0
23.9,1.0
15.8,1.0
30.0,4.27
69.8,7.3
28.0,44.66
76.5,8.1
24.9,33.82
88.0,1.0
102.8,48.74
20.4,17.22
89.1,15.86
99.9,46.91
78.1,55.89
94.0,43.93
27.8,49.75
86.6,43.61
75.3,57.75
87.6,6.09
90.0,48.48
92.6,20.88
27.0,48.71
91.9,48.83
33.3,32.46
20.2,1.0
85.1,54.87
35.3,39.6
31.5,50.71
16.3,3.53
28.3,45.59
73.5,16.9
88.4,46.8
91.3,72.14
21.4,42.34
94.9,56.32
89.9,21.16
25.9,21.61
98.4,55.23
13.5,1.0
31.8,42.84
82.1,1.0
17.5,54.71
27.6,40.99
74.9,18.53
32.9,1.65
25.7,37.54
86.9,49.01
89.9,33.65
84.3,4.43
19.6,8.64
96.2,29.57
89.3,38.29
93.2,23.58
84.6,46.47
72.9,8.32
17.2,3.3
80.6,66.06
90.4,52.36
88.0,13.55
29.8,31.45
97.1,53.81
20.4,8.44
19.7,41.82
83.3,43.14
16.1,6.48
22.5,1.0
71.8,14.07
30.3,46.62
12.3,7.71
33.9,46.85
68.3,5.9
99.2,47.81
27.9,1.21
18.2,7.97
79.2,43.1
26.0,1.0
13.1,1.0
19.9,3.35
20.0,32.08
109.0,47.68
20.9,4.12
13.0,1.0
24.7,9.39
40.4,36.87
66.8,5.04
87.8,22.2
95.0,45.83
74.1,56.12
94.7,52.69
33.1,39.99
75.8,13.55
90.5,40.29
72.6,15.76
101.7,48.62
29.2,9.54
19.1,42.81
83.5,13.99
95.7,54.62
32.3,54.73
78.1,11.61
32.3,36.58
23.5,49.79
12.8,4.15
89.1,41.54
24.9,41.27
98.1,46.68
29.7,40.34
104.0,47.39
17.1,10.93
19.4,1.0
90.1,26.4
84.2,62.06
91.4,27.2
33.7,39.39
90.2,45.47
24.7,1.0
17.6,1.0
88.3,25.34
95.9,37.64
81.8,15.69
69.8,17.85
68.2,17.69
84.1,56.05
67.5,12.39
77.4,4.19
76.0,6.21
73.8,21.69
87.8,39.29
18.1,16.62
23.9,11.41
27.9,35.39
84.4,51.71
88.0,16.55
88.2,45.81
86.9,1.0
22.0,12.57
43.4,41.55
88.9,37.94
20.6,9.17
81.4,7.26
26.6,1.0
86.3,36.32
27.6,42.18
97.1,54.83
36.9,46.19
82.7,11.39
81.9,43.87
28.7,9.44
94.3,58.02
69.8,6.55
78.7,23.76
92.1,9.66
107.7,61.21
70.9,23.93
9.2,1.0
23.6,1.0
78.7,20.78
102.3,5.42
87.5,49.3
28.8,6.02
37.0,25.76
32.5,37.06
61.0,11.87
22.1,1.0
28.7,50.71
89.3,50.75
40.5,40.12
12.3,2.35
20.3,4.49
37.5,46.09
26.9,48.0
73.0,13.43
15.5,6.34
33.6,35.96
84.8,50.54
10.1,9.97
36.3,38.99
31.9,54.66
9.8,7.01
84.7,12.25
67.4,32.97
29.3,35.09
19.2,32.55
22.6,7.12
22.3,47.53
80.5,19.09
71.3,19.76
61.4,13.35
79.8,18.44
82.0,37.1
83.6,9.93
78.1,13.44
21.1,9.7
29.3,37.91
22.7,35.46
111.3,38.09
21.9,1.0
39.1,40.22
84.5,39.3
69.3,30.08
85.0,23.42
80.2,26.37
89.3,50.84
69.6,11.93
91.7,50.45
74.0,37.75
67.2,28.39
75.1,45.12
11.2,1.47
59.4,1.77
11.4,1.77
19.4,13.42
11.9,1.0
8.2,1.66
27.7,42.4
86.7,57.7
66.6,12.26
100.3,59.73
22.3,1.0
29.2,49.13
28.1,1.0
99.5,28.89
68.9,17.07
31.1,53.62
58.7,12.06
24.4,29.57
24.2,36.22
70.1,10.47
24.0,1.0
72.4,14.59
91.0,46.1
25.8,33.5
77.6,19.89
22.0,1.0
94.1,50.09
24.0,1.0
98.5,44.33
73.7,18.1
83.9,13.36
62.7,21.92
86.0,24.1
88.9,19.87
90.0,49.96
17.9,1.0
61.2,12.12
71.2,41.47
17.6,41.41
34.9,40.3
26.2,45.95
30.2,43.56
18.8,40.11
88.4,28.08
86.7,30.44
40.0,34.84
54.4,42.07
77.4,49.85
17.7,4.01
28.7,45.67
6.0,1.81
16.5,3.3
19.9,1.0
28.8,39.94
38.9,39.84
14.0,3.11
32.1,42.88
20.4,6.97
77.2,29.81
28.3,33.92
114.6,48.73
74.3,1.0
16.2,1.0
93.6,44.6
74.4,6.48
65.5,12.48
33.3,33.67
7.6,1.0
83.8,25.92
78.7,14.05
84.4,15.92
29.9,44.0
55.6,60.13
116.5,41.01
75.2,19.76
70.2,28.56
39.3,34.27
29.8,44.38
85.1,13.12
73.5,20.59
20.4,7.18
18.6,29.41
18.2,1.0
80.8,18.4
94.5,14.33
33.8,39.91
38.3,41.5
27.8,12.42
102.8,48.53
83.1,19.94
17.0,1.0
88.6,40.67
31.5,37.47
90.6,44.73
88.7,13.44
18.0,1.0
81.7,1.0
69.5,7.08
28.9,1.0
34.0,1.0
84.4,30.42
15.6,5.66
17.1,1.0
93.1,58.13
81.2,54.85
5.4,5.21
89.2,1.0
15.6,9.8
81.4,12.67
20.8,4.14
21.5,42.02
24.5,1.0
88.3,24.7
16.5,1.0
84.0,39.1
71.4,16.98
8.0,1.0
74.8,34.95
34.1,46.47
26.2,31.21
23.1,6.79
90.9,9.89
27.5,37.73
92.4,18.06
82.6,51.48
26.5,11.35
95.5,30.67
78.5,25.56
48.9,38.39
86.9,15.5
18.5,8.56
55.4,5.29
14.8,2.12
81.2,59.74
24.0,1.0
37.7,39.57
28.1,27.05
16.4,35.99
94.6,26.91
70.6,40.75
36.5,33.04
22.3,8.19
93.2,32.39
83.0,19.8
70.8,21.38
59.9,24.18
27.7,1.0
68.4,17.47
97.1,40.09
31.5,31.27
71.1,3.8
85.5,1.0
84.0,42.35
37.4,53.94
112.8,45.79
59.7,28.41
64.1,7.1
28.3,1.0
20.5,1.0
41.3,42.25
77.3,57.46
29.8,55.54
33.4,41.84
12.3,1.0
73.4,8.99
25.5,1.0
47.0,44.92
30.7,36.65
32.2,52.57
83.9,49.0
83.9,44.36
31.3,46.15
83.2,17.15
27.6,45.35
100.2,15.97
82.8,48.21
78.9,17.37
29.9,39.81
11.3,5.88
90.7,36.09
75.7,55.35
78.9,44.67
86.4,9.54
83.9,4.37
24.3,49.49
64.2,10.46
87.9,5.85
17.4,11.22
16.1,1.0
81.1,12.52
15.2,1.1
73.0,18.04
29.1,30.78
80.7,50.83
100.3,57.61
93.5,52.98
81.6,45.18
105.5,60.28
85.9,15.24
27.8,36.81
27.8,47.69
26.8,34.84
76.1,35.28
85.2,11.6
77.0,14.79
76.6,18.58
88.0,11.51
19.9,33.49
22.4,38.86
20.5,42.26
98.0,60.01
13.8,1.0
24.2,50.78
89.2,30.62
89.9,55.97
45.9,37.3
22.9,45.08
96.4,44.78
36.3,40.09
82.9,44.12
21.1,7.45
19.8,45.74
97.5,45.19
33.0,44.37
82.3,19.86
24.7,1.63
96.0,57.09
89.3,65.03
93.0,47.28
77.9,4.7
18.6,1.01
91.8,23.78
22.4,2.36
21.6,1.0
25.1,1.0
22.7,7.45
99.1,48.12
75.2,18.13
99.6,37.43
69.7,1.0
84.1,22.89
25.8,1.0
26.7,22.15
27.0,31.02
22.5,4.91
112.0,41.06
70.0,58.39
79.6,29.03
87.0,5.52
22.2,1.0
99.9,55.06
36.0,32.65
26.0,43.06
86.6,39.08
19.7,12.89
93.1,60.29
79.4,16.89
21.4,34.07
39.0,35.68
91.1,50.95
39.2,34.21
89.5,36.94
102.2,32.14
10.9,10.41
80.7,14.07
18.5,6.6
49.8,44.74
31.8,36.34
16.8,5.59
37.8,52.09
85.4,4.45
95.1,47.17
84.6,46.75
31.7,25.8
23.2,3.41
22.0,5.57
71.3,25.33
9.5,1.0
89.7,51.39
82.3,30.25
9.5,1.4
98.7,42.0
67.0,26.32
14.3,1.0
91.4,1.0
98.4,43.06
23.5,33.0
26.2,50.76
34.0,32.95
28.2,1.0
76.6,12.98
74.3,52.96
32.1,47.72
32.8,7.31
40.2,41.41
67.9,54.73
81.2,9.92
36.0,35.47
88.1,57.42
29.2,34.56
31.2,38.07
20.5,7.68
74.8,6.31
31.3,39.74
28.3,48.45
29.1,4.76
66.5,1.7
15.8,5.32
32.1,40.71
88.8,43.41
13.4,1.0
26.4,33.8
81.6,5.36
29.9,38.12
72.6,1.47
88.8,42.17
80.3,31.67
62.3,1.0
97.8,47.76
26.3,11.39
74.5,13.86
31.9,53.47
34.4,42.76
21.3,35.89
27.4,34.64
28.6,11.15
79.2,27.25
28.6,33.44
22.2,7.34
99.4,58.5
34.5,47.63
26.9,2.31
71.3,1.0
87.8,11.66
92.3,27.04
83.2,2.97
22.2,51.67
73.5,12.17
13.1,2.18
16.5,1.0
22.9,43.97
32.2,42.33
22.4,43.48
80.6,6.7
90.8,37.13
83.5,51.42
91.2,58.56
72.3,49.17
82.7,34.65
93.8,20.89
33.1,47.19
32.7,34.42
25.0,29.08
42.1,50.23
19.0,7.05
91.0,56.28
38.4,25.53
41.4,47.79
106.2,60.75
31.2,36.88
85.8,11.67
20.3,1.0
82.3,9.92
18.8,1.0
97.6,17.77
77.0,31.21
74.3,17.75
22.5,51.36
74.8,50.79
29.6,49.31
25.2,1.0
11.6,13.86
90.1,25.85
75.4,5.33
18.3,41.35
22.3,44.01
30.0,45.85
34.2,38.21
27.6,1.0
79.5,16.46
20.1,8.41
77.2,10.72
91.3,58.62
82.9,27.96
92.4,40.86
36.9,47.01
18.6,1.0
91.1,54.34
92.9,7.83
10.4,1.0
37.3,40.73
80.1,35.09
32.0,44.71
16.0,3.93
5.7,9.75
101.2,47.9
108.4,60.6
98.7,18.5
112.6,46.92
96.1,30.94
81.2,35.54
89.7,45.85
39.7,34.99
24.9,26.7
15.9,3.87
20.7,43.86
86.3,34.27
26.4,35.49
25.0,1.0
70.0,26.86
15.8,5.0
106.4,36.43
27.8,35.18
65.6,18.9
73.7,27.29
79.8,14.97
30.0,36.8
82.3,1.0
86.1,48.61
93.3,50.79
36.8,37.0
33.9,37.99
13.0,8.28
22.3,46.44
74.6,25.53
85.4,39.85
64.1,15.59
29.8,42.19
76.8,32.5
33.4,36.09
35.0,35.86
25.7,1.0
27.6,41.52
36.4,28.18
35.4,44.19
66.0,9.61
72.3,14.76
33.7,33.31
80.0,27.56
35.0,42.55
14.5,1.0
21.5,5.23
26.3,50.08
18.2,1.0
83.6,10.19
76.8,8.55
24.8,39.29
105.7,36.48
25.5,1.0
105.2,10.89
91.0,9.2
18.0,4.95
17.4,4.13
32.2,48.8
31.6,40.11
77.2,25.41
28.0,49.46
74.7,17.25
3.1,14.39
16.8,1.0
15.4,1.0
91.9,40.53
78.2,54.95
5.4,10.64
41.9,35.85
27.0,32.47
37.6,39.99
80.8,64.75
26.4,1.0
25.6,42.63
18.6,4.44
99.4,47.51
88.4,44.05
17.8,2.61
81.6,1.0
81.0,13.21
12.7,1.53
24.4,1.0
19.2,52.44
87.7,47.26
93.9,44.21
73.7,27.96
34.8,28.94
11.2,1.0
26.2,36.41
25.4,41.0
103.5,42.55
88.8,35.02
19.6,3.22
73.3,12.69
76.6,40.11
90.8,47.54
13.8,1.0
93.6,10.54
94.1,15.96
82.6,2.06
46.9,37.38
19.0,4.16
102.0,51.98
72.9,17.3
17.4,1.0
84.1,9.53
113.4,58.62
79.3,1.0
90.1,47.44
13.1,11.01
100.0,35.88
27.8,3.91
89.5,34.29
23.9,5.68
90.9,56.11
17.1,1.0
78.6,26.11
88.9,16.47
36.2,27.04
88.6,42.29
81.9,17.21
88.0,55.3
24.2,37.07
20.3,1.0
67.5,9.73
70.1,19.54
85.8,23.46
83.8,18.75
92.1,14.96
73.6,8.72
72.8,11.47
90.6,37.88
77.9,16.67
84.7,43.78
25.4,47.58
86.3,50.17
12.9,4.27
19.2,33.07
22.1,2.63
22.5,1.0
37.8,38.27
63.4,9.73
18.3,7.7
26.1,1.0
13.4,6.83
17.0,13.0
71.3,29.44
72.9,27.51
14.7,1.0
90.8,30.06
41.9,42.7
26.4,37.81
89.0,31.96
20.7,48.06
18.1,11.58
33.3,42.57
43.9,39.47
81.5,42.11
73.6,14.27
18.9,1.0
24.2,1.0
73.0,11.13
94.0,43.38
30.0,47.79
80.8,8.37
79.0,32.94
34.3,35.39
25.2,10.71
69.9,16.3
86.5,11.1
100.0,49.58
97.0,16.75
100.1,44.13
80.0,47.29
18.5,2.5
84.1,53.2
66.6,10.88
81.9,43.74
27.5,39.85
20.9,13.3
85.5,14.76
76.8,52.18
21.9,38.92
76.6,20.82
98.3,58.56
100.1,33.97
87.6,52.36
78.6,14.55
35.0,36.26
31.2,41.46
100.1,33.92
80.8,21.03
25.3,1.0
77.8,4.54
21.4,5.37
84.5,12.67
42.7,43.29
73.6,10.47
22.4,5.76
44.2,41.62
20.4,47.41
72.2,26.85
67.5,30.17
15.5,8.71
24.3,38.19
28.5,7.69
78.4,24.6
34.5,1.0
96.1,47.2
23.5,1.0
81.0,57.69
101.4,25.82
90.6,20.01
25.3,19.24
73.5,2.17
18.6,1.0
23.6,34.43
88.0,61.83
18.2,6.46
79.7,7.32
16.6,40.26
14.2,3.52
23.6,1.0
23.0,39.5
30.1,29.04
11.9,4.65
25.8,27.66
28.1,40.95
81.7,5.81
87.0,18.79
88.6,44.59
82.1,5.64
64.5,29.72
19.5,1.0
87.1,27.76
102.2,37.56
23.6,3.24
25.7,40.26
22.2,45.38
76.7,16.73
23.9,31.29
87.9,47.15
18.5,1.0
84.5,47.61
21.6,37.26
35.9,32.42
82.4,32.65
89.2,12.9
21.3,51.32
92.5,45.18
30.3,40.03
92.2,47.37
19.9,42.12
89.3,6.41
22.0,39.19
39.0,28.53
17.2,1.0
37.0,39.62
38.8,38.35
22.0,36.02
88.2,11.29
21.6,6.71
8.6,1.0
82.7,19.81
24.9,4.28
24.9,31.13
27.9,43.98
73.9,24.89
41.9,52.04
23.1,4.73
93.3,29.24
20.9,1.98
31.4,33.2
13.9,5.12
39.3,34.57
97.6,47.42
23.5,42.45
14.4,48.04
21.0,8.91
27.9,40.97
92.5,45.75
22.1,5.67
18.8,2.9
82.2,15.96
66.4,5.54
91.9,20.53
88.8,35.9
98.0,56.37
62.9,15.88
84.5,32.01
89.5,25.59
97.4,43.79
25.8,9.44
23.1,7.14
45.6,28.75
81.2,28.92
85.2,50.54
24.7,40.92
27.4,2.55
74.6,6.98
36.3,48.96
90.1,22.77
29.6,32.88
77.5,13.38
101.9,47.34
13.4,1.0
18.1,1.55
68.2,24.37
34.7,30.3
91.9,14.24
82.5,15.77
19.6,1.0
15.1,8.69
25.2,2.43
10.8,38.89
46.9,41.8
26.6,4.34
81.8,13.35
68.5,14.2
9.9,3.99
99.0,15.72
14.2,10.23
120.0,54.36
82.7,55.81
84.5,17.29
68.2,20.98
87.8,18.63
16.2,30.26
83.5,14.43
74.8,28.93
97.9,54.8
78.4,13.07
87.8,34.08
103.3,40.13
101.2,59.95
67.4,41.55
20.7,1.0
39.2,40.46
81.0,40.66
75.9,33.52
23.3,45.6
91.6,33.15
23.2,1.0
22.2,40.74
67.3,38.24
23.8,49.36
96.8,38.28
12.4,11.45
5.8,1.0
91.6,38.2
69.7,17.09
14.7,1.0
76.9,17.53
97.1,52.54
37.3,43.41
83.6,17.66
101.9,48.66
69.0,1.0
26.8,42.54
79.7,32.8
63.7,24.79
29.0,8.58
79.2,16.81
77.8,29.78
91.7,52.12
9.6,1.0
88.0,22.16
23.0,1.0
82.4,11.19
65.7,17.14
88.4,33.33
67.4,13.49
34.1,23.43
84.1,19.39
80.4,47.44
67.8,46.58
100.6,38.0
99.2,46.72
91.3,13.37
76.7,40.22
81.0,24.32
10.3,1.0
18.8,53.3
92.9,28.2
41.6,39.33
34.3,1.0
31.0,35.41
27.0,1.0
85.5,14.84
34.9,39.45
25.5,1.0
24.3,56.58
73.2,18.62
88.4,48.81
27.7,37.2
101.7,50.17
76.0,9.36
31.1,37.03
13.5,1.0
21.1,45.82
27.2,43.03
32.3,47.16
85.9,32.58
38.6,37.68
31.7,32.57
32.6,55.83
17.1,1.0
24.0,3.19
25.1,1.0
32.0,37.96
81.5,11.44
87.4,36.2
89.4,48.17
91.9,18.96
72.3,28.64
96.6,7.71
66.1,17.16
36.4,43.43
29.7,1.15
80.0,30.7
29.2,49.1
89.0,31.75
79.3,3.58
39.7,35.75
80.0,20.0
20.4,41.93
39.0,44.86
22.8,47.33
87.3,13.78
94.1,29.96
37.0,34.33
90.0,24.64
79.4,16.16
96.8,53.28
28.0,41.83
88.4,33.87
87.5,59.22
105.4,41.37
11.5,3.54
87.0,16.01
75.3,17.34
82.3,19.99
93.1,40.31
82.2,40.5
17.2,13.47
91.0,32.48
71.4,5.87
93.1,46.49
83.3,15.57
126.4,45.72
27.9,43.79
35.9,40.92
31.3,49.22
71.8,10.26
101.9,43.39
34.4,33.62
22.7,40.05
97.8,20.07
16.4,7.5
30.7,1.0
22.1,5.73
82.5,25.63
26.4,36.41
29.4,41.5
21.7,45.87
29.3,32.0
74.9,5.42
74.6,10.01
86.9,55.54
81.0,41.17
97.4,41.66
21.5,1.77
109.7,39.91
7.1,3.68
96.6,41.23
34.8,40.78
96.0,45.33
27.8,1.0
22.9,33.4
96.6,51.79
11.8,1.0
74.3,1.16
87.9,45.73
30.4,9.12
16.5,2.65
100.2,48.85
22.1,54.52
28.5,10.63
30.0,47.0
63.0,2.46
76.3,31.69
97.2,40.17
12.2,4.41
16.8,11.42
98.4,45.64
21.4,2.26
20.8,47.62
27.3,36.27
18.6,33.38
87.4,59.13
77.4,20.0
75.0,34.95
34.4,42.09
73.4,11.29
83.3,35.77
88.9,44.65
30.4,7.27
36.6,44.68
86.7,59.4
82.7,21.8
16.3,9.21
62.9,1.0
27.9,1.0
97.5,55.77
96.0,43.62
85.2,54.43
39.8,28.26
81.5,47.9
93.4,7.1
33.3,39.58
11.8,1.0
89.1,17.93
80.8,10.56
85.1,17.74
24.4,4.44
33.1,40.8
23.4,1.0
17.3,5.66
96.6,49.54
20.1,23.9
23.7,1.0
24.4,1.0
30.8,42.57
79.2,25.05
103.6,39.55
31.6,52.88
24.2,12.06
77.5,24.42
29.5,41.87
93.0,57.53
27.8,8.31
29.9,35.32
25.0,40.22
29.4,39.58
26.5,38.28
38.2,43.44
29.9,44.26
79.4,59.13
88.0,44.75
28.6,34.35
34.9,35.27
79.5,34.91
78.9,14.73
21.9,1.0
104.5,50.83
5.0,6.92
25.6,1.0
35.0,41.7
62.5,13.97
79.3,4.75
28.1,43.5
95.6,20.06
83.3,6.65
60.2,5.87
67.7,26.65
21.0,1.0
85.4,1.47
68.6,12.0
98.3,32.16
83.2,15.25
22.8,1.0
71.2,1.0
89.3,42.96
24.7,42.74
96.1,27.0
74.4,11.68
27.2,41.28
87.2,49.87
27.1,45.93
7.6,1.0
91.7,52.56
16.3,4.96
10.7,1.0
21.5,1.0
93.4,43.17
28.0,5.6
99.0,52.86
100.6,51.0
11.7,1.0
20.5,33.53
17.0,1.0
79.3,58.94
22.4,1.74
97.1,11.11
27.4,36.82
98.0,14.4
27.0,50.63
26.0,36.84
23.5,4.92
77.5,10.94
14.5,11.1
96.2,47.44
30.7,42.98
89.1,62.87
75.9,15.14
66.7,26.51
87.7,31.84
39.4,36.94
95.8,65.49
45.2,44.91
85.2,12.23
31.5,35.42
21.5,1.0
86.7,50.59
56.9,7.68
42.6,43.66
82.0,26.53
19.1,1.0
95.8,27.64
24.3,31.37
17.7,11.21
29.7,1.0
89.5,45.95
95.2,26.37
38.0,40.91
23.0,1.0
76.9,38.23
28.9,30.83
85.2,41.32
88.4,19.85
76.4,17.96
91.5,32.13
96.0,54.72
33.8,49.93
62.1,25.09
89.6,47.95
27.6,37.26
12.4,2.61
12.3,8.82
12.6,33.97
81.5,47.11
85.1,40.37
81.6,10.86
95.4,40.6
41.4,35.26
22.4,32.06
80.4,47.92
35.7,33.77
78.8,25.91
26.7,1.0
41.2,43.64
81.4,13.81
29.2,40.03
47.2,37.45
19.4,13.43
90.9,50.35
13.7,6.37
95.3,42.86
17.9,35.48
28.1,1.0
89.7,17.77
37.0,45.79
78.2,10.59
11.7,6.33
20.5,2.38
79.1,11.45
76.9,11.22
92.9,25.12
94.9,20.15
15.4,1.0
81.2,42.93
33.9,24.26
81.9,24.48
76.5,22.42
27.6,15.67
25.8,11.89
87.1,9.32
27.9,24.83
89.1,59.01
22.7,47.57
13.9,39.31
90.4,5.11
19.4,10.2
81.4,36.89
17.4,1.0
22.9,40.87
81.8,20.22
87.8,26.66
104.4,43.16
14.9,1.0
14.1,2.61
81.8,15.72
80.9,18.84
10.5,1.0
67.4,13.84
24.8,45.72
17.5,1.73
24.6,1.0
86.6,20.48
25.5,11.47
23.3,38.26
23.5,6.15
88.5,40.51
17.3,10.18
99.1,39.99
28.1,1.0
88.7,46.3
83.5,19.0
18.9,1.0
27.3,48.14
28.5,31.3
73.4,1.0
85.1,30.55
85.9,28.19
18.7,32.87
94.4,45.83
18.4,1.0
76.3,58.15
96.9,31.65
23.4,3.55
31.3,37.29
32.3,40.57
28.8,23.27
86.9,54.51
78.8,49.15
41.3,50.52
30.1,29.01
34.4,42.95
83.7,6.02
83.7,52.19
83.3,36.19
88.1,53.74
21.8,39.32
74.6,19.77
69.9,41.64
31.5,44.47
86.5,45.73
20.7,45.46
28.9,44.46
76.9,19.34
96.6,44.18
94.4,10.49
24.2,6.17
84.9,40.64
89.9,50.43
32.1,51.32
80.7,12.66
16.7,7.67
21.5,1.0
97.3,35.42
34.7,29.36
92.3,12.62
88.7,62.36
32.1,36.62
17.0,4.63
77.7,22.4
39.4,41.9
42.4,25.77
91.2,38.96
23.1,51.35
19.9,3.2
69.4,11.16
46.2,46.41
31.0,39.91
92.3,14.11
23.6,4.85
62.6,19.73
28.1,39.64
14.9,1.0
14.7,1.0
83.8,50.83
67.0,16.1
23.6,39.45
25.6,45.21
101.0,32.0
66.8,32.67
77.9,49.97
35.5,43.64
81.5,36.74
110.2,53.63
36.2,28.46
62.9,20.73
42.3,40.05
19.2,41.54
24.8,5.26
18.4,1.0
66.4,52.44
91.4,51.66
29.5,1.0
75.5,27.74
80.3,9.97
78.3,15.99
81.4,32.73
29.2,48.22
34.0,23.56
23.1,43.11
34.2,36.71
24.8,29.28
20.1,1.0
25.2,1.0
19.0,9.63
17.2,37.87
89.3,27.67
73.9,14.7
65.2,4.77
35.3,46.69
30.5,43.6
79.4,57.92
36.4,41.73
94.8,13.41
89.2,12.15
19.6,1.0
77.7,33.98
97.0,42.11
34.8,37.9
26.8,36.9
83.8,62.9
87.2,50.1
31.0,44.94
70.8,1.0
90.7,53.85
23.8,13.11
20.3,13.17
38.7,39.24
86.5,11.0
22.4,1.0
19.6,40.21
80.1,18.99
88.3,38.37
75.1,29.25
77.5,16.35
89.0,42.72
86.3,68.47
14.7,1.0
34.0,49.86
74.6,5.79
119.9,54.17
27.9,42.47
29.5,53.56
30.1,1.0
24.2,33.78
29.3,34.94
84.3,44.1
10.7,1.0
9.7,11.64
34.3,35.62
71.6,16.72
31.2,39.84
77.0,15.77
29.8,6.74
91.6,47.68
26.2,23.93
86.8,5.67
77.8,19.07
79.2,31.4
86.5,50.65
37.2,39.02
89.8,47.87
18.5,47.95
92.6,60.19
67.9,21.49
19.3,2.51
30.9,1.0
20.9,38.94
73.3,32.17
29.3,4.82
74.8,37.19
21.6,32.08
22.3,49.64
78.1,11.79
106.0,43.42
79.0,21.54
85.0,77.33
81.2,4.41
34.6,37.54
26.5,46.69
30.8,26.64
84.9,17.83
98.8,52.82
33.3,49.14
14.7,1.0
84.1,11.86
29.6,1.0
34.9,41.1
18.1,41.8
35.3,47.47
39.1,38.49
32.2,47.98
35.1,34.32
25.4,42.23
24.1,2.57
30.7,1.0
67.6,14.51
25.1,1.0
87.3,41.98
82.3,20.24
85.8,14.4
26.6,39.67
81.3,4.34
18.9,1.0
25.5,40.23
65.0,1.0
106.6,37.03
88.4,41.2
78.1,8.83
22.0,1.0
21.7,3.12
29.4,1.0
102.6,45.52
78.2,46.06
79.7,22.83
37.0,41.11
25.0,46.8
19.6,1.0
88.1,49.32
17.8,8.79
23.3,5.55
86.1,1.0
55.1,21.51
88.3,60.07
14.5,1.34
85.1,45.14
86.4,63.47
18.9,2.24
107.1,35.86
91.1,33.75
83.0,43.38
109.0,49.12
22.0,39.17
25.7,31.83
85.4,14.76
85.1,12.41
19.4,4.82
20.3,8.11
23.9,9.01
19.3,1.0
97.0,42.28
30.7,8.03
43.6,44.53
92.3,36.57
19.7,1.0
96.4,63.25
33.4,36.28
16.2,11.94
90.8,36.6
28.9,1.0
71.4,9.4
86.6,56.38
88.8,17.6
24.5,44.73
80.9,4.83
66.4,54.73
91.0,12.59
15.5,1.0
32.8,36.96
91.6,50.42
28.8,43.25
77.1,24.59
25.7,7.56
22.6,1.0
89.3,23.94
85.9,48.57
16.9,37.91
19.3,49.45
26.8,34.49
22.3,1.0
93.4,43.45
11.3,6.05
19.2,1.0
22.4,9.67
77.2,2.45
25.0,33.55
83.5,45.53
84.5,30.21
9.5,34.26
26.9,2.97
113.0,30.62
114.9,49.11
23.6,45.36
8.6,1.0
25.0,1.0
19.3,1.0
89.0,48.68
95.6,47.78
38.7,45.81
23.5,45.45
78.9,23.49
72.6,9.65
17.6,5.7
87.5,53.11
98.5,24.86
22.2,2.12
28.7,47.57
91.2,18.12
24.2,5.06
14.4,1.0
86.5,5.04
19.2,1.0
74.4,10.29
92.3,45.46
71.3,19.32
101.3,68.61
80.4,45.99
89.9,19.03
75.3,28.72
84.9,12.11
21.0,1.0
70.8,5.06
29.2,40.12
97.2,34.99
11.8,1.0
95.0,37.19
34.6,35.46
65.8,5.14
96.5,11.96
20.9,55.11
31.8,42.88
16.1,3.39
27.3,43.93
29.8,32.75
18.7,14.23
76.1,9.77
18.8,1.0
37.2,40.47
87.5,15.58
16.5,44.73
13.6,1.0
83.0,50.64
30.3,1.0
28.5,42.93
75.8,20.6
19.9,10.87
27.3,40.25
28.3,1.0
78.9,1.78
94.2,31.14
102.2,7.53
73.1,28.56
77.9,6.52
80.3,14.32
91.7,30.76
14.4,8.08
25.4,35.84
89.9,21.9
88.8,42.19
69.9,45.82
17.1,11.4
103.8,9.49
82.1,52.92
75.3,11.21
21.2,6.32
71.4,8.59
25.3,38.63
85.2,48.53
92.1,34.45
70.6,38.88
63.8,46.92
23.0,57.14
34.3,35.94
94.4,41.56
46.1,38.64
18.8,53.47
31.1,48.52
81.6,53.4
85.4,39.87
29.7,5.63
21.3,12.73
16.0,7.69
60.8,4.08
38.6,40.32
81.0,47.37
89.0,1.0
19.6,1.0
34.5,33.81
21.7,41.22
91.9,34.87
36.4,34.65
37.4,25.31
16.5,1.54
99.6,51.8
73.5,41.26
26.1,43.85
26.7,1.0
27.9,43.47
89.8,17.24
96.5,49.81
91.9,17.73
92.8,37.81
28.4,40.31
32.2,37.62
99.9,42.58
87.5,5.06
15.2,44.36
87.7,19.82
30.6,37.69
81.2,52.8
26.7,50.13
99.4,1.0
16.4,1.0
22.0,1.0
84.1,23.86
17.9,42.5
74.8,11.92
18.4,11.25
86.8,5.85
64.3,24.46
84.3,48.85
108.9,34.94
101.0,58.67
83.4,15.63
85.4,9.99
84.8,51.53
14.4,18.36
18.2,5.37
26.7,45.61
88.3,63.9
24.4,10.81
90.1,53.26
75.9,37.29
26.9,3.61
78.2,14.53
80.3,12.7
67.2,32.98
28.5,24.15
79.7,50.2
21.5,2.76
26.8,1.0
90.7,20.22
35.8,32.89
82.5,28.47
104.6,7.15
94.8,18.84
82.8,1.0
38.2,38.65
41.9,38.0
16.9,1.0
12.3,1.0
28.2,8.63
79.6,20.87
81.4,15.03
29.8,1.0
16.0,1.0
12.6,1.0
94.7,15.34
21.6,1.0
15.1,9.58
91.4,57.69
17.9,1.0
74.5,23.55
88.6,28.66
88.3,27.52
18.9,1.0
24.7,43.59
16.9,1.59
29.4,41.72
93.9,33.6
74.6,53.19
87.4,43.43
87.4,36.85
22.7,1.99
82.6,24.32
18.4,31.59
33.1,37.94
122.8,53.81
16.0,31.11
78.5,23.51
73.6,10.76
28.7,42.66
24.9,35.5
26.7,36.73
81.2,40.96
93.0,12.82
75.4,17.05
87.6,8.43
86.8,47.08
31.8,1.0
42.5,38.95
31.5,47.02
85.4,22.45
80.7,10.84
26.4,55.98
26.8,37.7
81.4,46.17
88.5,59.49
28.8,37.8
31.5,33.79
86.4,42.03
35.9,34.36
95.2,56.38
91.1,30.19
22.1,10.37
28.0,31.14
24.0,43.55
22.5,38.11
18.9,1.0
24.4,34.48
74.3,24.14
45.9,46.94
22.2,1.0
25.0,47.43
8.2,1.0
28.6,33.45
22.5,1.0
87.2,35.88
78.7,12.63
70.5,25.28
68.6,15.17
100.5,45.96
19.3,44.53
27.8,1.0
35.9,34.21
69.2,42.73
74.8,25.09
84.7,38.95
88.0,43.67
87.6,52.02
90.1,44.48
87.5,46.77
65.0,17.89
18.7,1.0
17.7,1.0
27.8,51.47
77.6,69.88
30.2,31.34
31.4,40.89
27.3,1.0
83.5,5.06
83.7,30.26
16.5,16.53
29.8,1.83
33.0,6.8
18.4,8.92
14.0,5.72
22.4,10.19
91.5,40.42
86.6,40.45
25.4,7.15
32.3,48.46
71.5,24.23
34.3,37.24
18.6,1.0
15.0,1.0
91.4,48.91
94.2,67.16
95.6,49.73
73.0,15.37
79.4,64.58
95.7,53.09
23.2,2.43
76.4,37.94
14.5,1.0
19.0,37.47
29.1,47.42
24.9,4.2
78.8,52.57
98.7,63.58
34.4,40.55
87.5,15.59
81.6,6.08
70.6,11.62
78.8,19.77
86.5,19.05
15.7,1.0
88.7,22.49
19.6,4.17
43.7,38.94
24.6,1.0
31.6,29.44
77.0,12.32
59.6,11.98
26.9,5.2
101.0,47.08
87.0,10.72
86.5,30.0
101.0,45.89
92.1,40.38
102.1,42.27
28.9,1.0
88.6,60.11
30.0,32.22
92.6,34.41
15.2,4.09
13.2,2.1
23.5,43.5
67.1,48.87
72.5,8.49
74.5,21.01
28.1,37.52
81.7,15.91
70.1,10.99
91.5,44.01
29.7,37.66
86.1,13.37
94.1,37.4
19.8,13.03
84.2,5.03
36.1,34.69
88.1,14.76
20.2,1.0
77.4,18.36
3.4,1.0
85.5,17.64
84.9,13.08
75.5,6.64
16.5,1.0
91.2,46.57
16.5,1.0
14.3,5.1
83.6,54.45
86.6,4.08
77.4,44.39
37.9,40.27
82.8,7.93
76.0,12.66
68.7,19.93
22.6,3.85
21.2,11.15
66.7,19.37
30.9,2.22
37.4,32.18
24.3,1.0
43.4,26.85
19.5,3.51
28.5,2.2
113.5,41.35
64.3,1.0
95.7,10.78
40.1,42.74
83.9,1.47
25.5,2.86
16.7,7.71
34.3,41.76
100.9,42.72
82.9,50.8
19.5,1.0
77.9,19.72
37.4,40.29
20.2,44.11
106.3,41.41
22.8,33.35
24.1,1.0
93.2,41.95
73.5,47.55
78.7,50.3
31.5,39.76
19.2,1.0
39.1,46.25
93.2,43.76
29.7,1.0
18.2,8.59
28.9,1.0
101.0,56.91
88.5,38.86
23.2,47.73
23.7,7.94
37.9,30.79
76.5,15.9
30.7,42.78
96.0,37.99
13.9,11.8
86.0,34.26
31.7,43.93
16.1,1.0
82.7,13.55
28.0,9.6
25.0,32.91
70.5,12.7
82.5,23.33
22.6,1.0
17.1,1.0
75.6,12.08
83.4,49.09
88.1,23.24
23.0,1.3
42.6,36.15
84.8,26.45
22.1,1.25
66.3,16.39
23.1,1.0
17.2,8.79
88.9,50.12
31.3,33.83
77.8,19.92
18.1,1.0
14.8,1.0
85.6,8.68
71.3,12.68
27.3,34.65
19.7,12.73
67.2,18.53
83.0,9.67
30.5,16.23
108.6,43.99
26.6,10.67
38.4,56.52
17.4,1.0
30.3,41.44
85.0,28.36
93.6,42.82
85.7,16.08
19.4,57.43
81.8,17.0
18.3,1.0
22.9,43.57
8.5,7.92
26.5,30.99
58.6,16.34
81.5,19.84
28.9,39.6
76.7,38.64
20.7,1.0
86.6,39.27
99.7,39.45
73.9,12.92
96.1,44.5
14.8,1.0
26.4,1.0
22.4,1.0
34.5,43.3
89.1,15.95
32.3,35.37
26.4,39.1
81.9,45.31
31.1,41.04
79.8,1.0
84.0,21.85
16.9,4.26
90.7,38.69
36.4,43.65
88.9,53.83
17.8,1.96
51.1,42.02
70.6,15.29
102.2,57.05
95.2,62.4
22.6,42.89
34.8,35.4
22.0,2.83
83.2,14.93
30.4,1.0
64.4,37.15
74.8,19.0
78.1,35.59
76.4,58.76
29.5,1.0
82.3,51.58
99.0,49.81
22.8,1.0
18.9,40.32
72.0,9.7
90.2,20.96
66.9,22.35
30.6,40.98
9.1,9.43
13.6,3.43
17.3,1.0
79.1,23.33
23.2,1.0
26.2,6.16
40.6,35.66
85.8,7.87
29.4,10.51
28.0,32.75
12.7,5.6
31.7,29.34
104.8,14.64
10.6,2.03
85.1,21.53
83.7,52.89
69.7,21.14
26.5,36.91
9.2,4.88
73.5,7.09
42.2,33.98
9.9,2.88
21.0,40.1
88.7,18.03
27.5,1.0
83.7,33.82
115.0,59.82
17.9,47.28
63.8,10.83
84.6,24.98
86.2,36.18
13.4,2.65
8.1,6.01
33.5,41.11
112.5,40.41
16.6,7.88
39.2,39.73
86.4,35.17
28.3,1.0
29.3,1.0
77.4,18.07
82.9,12.24
78.3,21.66
89.7,17.04
100.9,60.31
11.2,1.91
62.1,55.26
15.9,9.06
28.7,1.0
17.7,1.0
99.2,59.7
42.3,49.37
101.1,49.12
26.3,1.0
14.6,16.21
22.6,44.34
96.4,42.13
95.8,54.75
104.4,36.57
26.9,1.0
80.5,13.1
78.9,3.89
28.4,7.86
100.0,45.85
96.8,54.29
93.2,39.82
88.1,7.43
90.6,46.79
75.2,17.06
30.4,37.81
27.9,31.5
28.8,45.05
24.8,12.53
107.4,31.84
24.3,9.84
81.2,1.0
78.8,54.14
31.2,43.6
86.6,53.19
102.9,34.44
85.4,10.15
84.4,11.78
97.3,48.98
14.9,4.11
68.7,9.4
69.5,10.0
77.1,33.95
37.9,43.38
80.5,19.72
111.1,40.57
27.1,2.6
88.9,10.1
87.6,46.72
89.7,55.01
15.9,9.44
71.6,6.57
74.1,51.55
20.2,5.1
82.2,14.04
38.0,46.39
85.3,31.31
86.2,24.49
95.7,41.39
27.9,11.93
70.9,26.12
93.4,28.11
17.4,1.0
80.2,51.86
96.5,1.0
81.5,28.84
24.0,30.42
95.8,59.6
14.9,6.23
85.1,48.32
33.3,35.8
80.9,33.61
39.4,46.1
35.9,40.23
23.4,1.0
24.6,41.7
89.4,42.71
94.0,45.98
37.8,37.38
10.5,9.87
27.9,1.0
24.6,1.0
83.7,38.6
93.8,2.48
92.1,39.27
14.9,1.0
74.8,51.93
26.0,1.94
106.6,38.73
72.9,36.29
15.2,1.87
47.9,36.67
74.5,43.7
94.3,33.3
14.5,1.0
95.0,58.92
21.5,1.0
36.9,45.04
10.1,1.0
16.1,2.54
80.9,29.37
87.9,40.43
90.3,38.95
17.7,1.0
97.8,34.95
70.1,32.66
78.8,12.39
82.4,11.66
14.0,10.39
30.2,37.08
14.4,3.82
17.1,3.59
81.8,61.15
91.9,41.06
35.9,36.97
19.2,3.65
19.5,44.76
78.9,10.3
21.5,46.74
27.0,1.0
29.2,32.05
77.3,18.5
90.3,14.01
33.9,8.37
31.0,12.51
98.4,30.95
15.7,6.88
31.7,41.14
79.0,9.06
15.5,1.0
92.5,44.8
85.2,12.13
30.1,2.56
27.0,34.8
8.6,2.75
25.4,46.83
69.3,47.42
26.6,42.33
27.2,40.13
87.6,18.66
109.6,46.74
23.3,28.94
102.0,63.14
72.2,15.68
19.3,4.81
91.5,18.86
23.5,1.6
44.6,41.14
17.5,5.35
33.2,44.0
89.3,38.26
10.0,1.0
79.4,20.61
82.9,1.0
108.5,55.36
88.8,62.91
82.3,9.79
103.9,39.13
38.9,42.66
25.6,1.0
27.9,26.86
79.4,28.46
84.2,24.78
72.9,6.36
72.6,3.14
24.4,1.0
98.3,48.7
86.7,39.69
97.7,40.09
93.4,37.46
20.2,44.26
30.3,1.0
8.8,9.8
24.1,4.58
72.8,13.15
28.6,44.17
75.5,45.14
82.6,3.43
72.8,56.14
33.0,43.13
19.6,1.0
30.1,39.82
80.0,11.02
27.3,36.16
86.5,32.63
70.5,24.73
23.8,13.95
9.7,1.0
78.6,1.0
28.3,35.99
19.3,16.24
84.6,8.63
21.1,8.98
70.6,28.74
29.2,2.07
89.4,19.24
72.7,9.2
25.3,41.27
83.7,17.64
97.0,41.49
23.5,1.0
65.6,22.13
77.8,8.53
98.2,49.75
25.8,3.67
28.4,2.76
69.8,25.82
20.0,1.0
71.4,10.0
33.0,28.01
14.7,2.47
108.1,51.9
83.1,8.09
76.6,5.23
36.6,29.16
94.1,20.34
101.1,12.73
95.8,59.28
41.5,39.36
104.4,34.7
30.2,2.43
72.2,25.76
21.3,8.33
105.8,55.36
34.0,47.12
69.5,1.0
71.3,14.37
72.4,23.44
76.5,20.52
29.6,12.22
78.5,27.3
74.1,8.36
30.3,44.08
95.4,35.6
24.2,58.24
18.6,37.05
20.6,5.69
97.6,47.94
26.2,1.0
45.2,24.67
17.0,4.14
13.4,5.63
95.8,53.28
39.4,31.84
78.2,18.89
80.5,45.81
79.9,19.99
90.3,39.62
27.1,38.11
23.5,1.0
20.8,1.0
83.1,53.57
70.7,49.35
11.8,1.83
69.3,20.07
32.6,35.61
77.2,13.95
13.1,1.0
92.6,22.86
67.8,1.0
82.5,30.38
41.4,49.53
95.4,47.61
76.6,1.0
23.7,1.0
88.6,46.91
79.1,21.49
100.6,44.29
93.4,37.47
70.8,12.5
85.6,36.72
12.5,18.6
24.7,38.94
17.7,11.9
86.4,14.69
11.9,30.09
99.2,16.65
93.8,14.91
15.8,2.16
11.7,1.0
21.7,1.0
24.1,29.48
109.4,37.5
83.4,42.86
91.8,33.48
21.4,5.64
23.0,44.23
79.7,11.52
84.0,23.49
22.2,7.24
76.4,12.13
75.7,8.02
75.1,44.2
108.4,32.49
24.0,1.0
24.5,38.59
88.2,1.0
80.6,18.85
24.8,33.83
31.3,39.14
30.9,37.44
13.4,4.81
84.0,4.67
67.4,17.51
80.1,52.05
92.3,48.71
17.5,1.0
24.6,7.89
27.6,33.14
100.8,59.58
16.6,1.61
91.5,64.37
26.5,44.14
115.3,38.91
95.0,66.76
80.8,10.87
23.7,30.73
91.5,4.83
21.4,1.0
99.1,32.29
67.5,18.72
24.0,1.0
88.6,35.97
80.6,35.5
25.5,43.61
12.4,3.07
12.9,1.0
81.2,17.41
86.2,14.6
82.4,54.27
76.2,14.63
81.6,7.69
24.1,9.56
80.7,60.64
24.3,58.31
89.5,44.68
20.6,36.03
76.0,16.33
13.0,14.26
23.8,1.0
13.0,9.35
28.7,5.97
82.9,6.97
19.6,3.24
11.8,3.53
89.4,26.14
90.8,6.82
18.5,1.0
30.2,43.52
31.2,42.5
29.8,34.33
79.8,18.3
28.0,52.53
26.5,11.13
28.5,24.66
32.4,29.06
85.3,29.53
39.1,33.29
26.0,5.37
93.5,51.51
20.6,5.25
99.1,33.39
86.9,18.78
70.9,60.42
99.4,13.08
103.5,43.49
21.8,1.0
25.9,14.72
20.2,12.18
38.0,34.93
88.2,32.63
20.7,1.0
87.8,28.15
15.4,1.37
87.5,42.26
105.6,44.72
97.4,28.04
26.4,1.0
94.5,19.84
32.3,26.49
76.0,25.07
80.4,7.5
80.2,31.09
90.7,54.12
85.6,43.82
23.7,44.9
84.4,51.16
88.7,49.65
84.1,20.44
92.9,33.5
82.7,25.88
22.6,3.08
82.3,25.65
4.1,11.57
92.0,34.81
105.2,50.47
84.2,28.38
18.5,39.77
77.8,16.75
18.5,52.66
35.7,34.78
102.8,32.91
84.7,1.0
92.5,48.11
100.1,37.69
62.4,1.0
30.2,37.01
20.8,1.0
77.8,53.67
34.9,41.96
86.4,24.72
96.3,44.2
66.0,21.15
12.7,1.0
64.2,43.73
78.1,7.46
80.1,39.08
89.1,14.03
59.4,20.95
92.2,52.18
88.4,46.42
93.6,58.55
22.0,4.21
101.9,29.6
96.7,34.58
88.1,52.05
25.3,28.58
100.3,3.76
33.3,43.77
78.6,6.32
83.2,3.74
17.0,1.0
25.4,6.06
28.1,48.69
82.6,27.54
22.9,58.32
15.3,1.27
75.5,3.22
25.2,48.2
87.3,7.47
99.8,35.0
38.1,41.41
82.5,9.63
75.9,12.52
19.2,1.0
17.6,2.41
18.6,38.96
23.0,16.89
16.8,11.37
32.8,51.92
49.5,49.82
25.3,1.0
26.4,9.39
22.1,1.0
13.7,41.0
82.9,38.29
32.1,1.0
75.4,31.58
81.9,6.66
76.8,11.9
87.9,20.22
82.8,8.05
96.0,46.59
83.1,46.71
16.6,3.29
30.3,45.83
98.3,44.8
92.6,48.03
83.7,42.52
44.8,47.68
89.9,22.42
87.5,17.85
4.8,3.12
84.3,12.94
102.7,42.59
32.2,24.71
24.7,1.28
81.4,10.87
91.1,19.99
27.9,3.85
19.8,1.0
9.4,1.0
22.3,39.48
71.3,1.0
83.0,27.73
32.4,29.06
63.4,19.58
43.7,33.61
22.9,1.0
34.0,42.52
80.6,45.65
68.3,24.0
23.1,1.0
81.6,57.38
30.7,43.66
95.9,50.58
9.5,1.0
67.6,1.0
112.1,35.63
87.5,38.08
101.4,42.52
31.4,1.0
24.1,2.07
80.6,52.21
26.2,39.9
14.9,1.0
24.8,43.4
67.3,36.81
86.9,47.8
84.8,2.23
79.9,20.74
99.4,35.06
32.4,37.27
14.7,3.28
83.0,21.23
27.1,4.54
79.2,25.72
79.9,4.65
79.1,19.84
71.0,24.83
46.9,42.59
75.3,30.59
25.9,38.91
88.4,18.84
87.5,31.38
74.6,4.34
82.2,50.05
27.0,2.58
60.8,44.92
95.0,43.03
10.9,1.0
81.9,21.82
71.7,33.48
94.7,53.45
29.8,50.9
41.3,38.72
23.9,41.1
94.6,28.29
77.1,13.45
39.3,30.6
100.4,48.98
83.8,36.48
93.6,55.55
27.7,35.4
26.5,46.84
71.2,14.1
38.7,51.14
93.5,22.12
78.4,16.4
31.5,1.0
79.1,19.33
9.1,7.03
89.7,50.01
71.4,1.0
18.6,6.96
109.8,61.38
84.4,8.57
92.8,52.02
83.8,19.26
32.3,40.2
81.8,6.64
16.6,1.0
17.4,1.0
90.2,42.54
65.1,15.15
36.7,53.53
21.0,1.0
24.3,34.69
21.6,1.0
36.9,3.24
31.0,36.16
14.8,1.0
103.3,42.99
25.2,52.79
82.3,22.47
98.0,11.35
27.2,32.02
101.4,50.58
28.3,51.33
72.8,24.49
19.9,18.65
83.8,9.13
9.1,49.47
18.0,3.76
103.3,20.92
27.0,29.95
18.7,1.0
93.0,44.98
39.9,41.0
31.3,32.55
67.6,26.45
15.7,5.24
18.5,7.18
91.2,17.53
75.7,20.65
11.8,1.0
15.3,29.22
15.8,1.0
92.1,37.06
82.5,41.8
27.1,32.65
32.9,42.97
31.2,39.11
77.4,1.0
78.3,27.43
90.2,49.21
90.3,56.36
76.5,15.54
24.3,1.0
