shape,texture,weight,size,label
0.637,-0.831,0.787,0.423,Watermelon
0.899,-0.136,-0.839,-0.294,Grape
1.062,1.857,-0.238,-0.292,Apple
0.552,-0.611,-0.476,-0.426,Orange
1.448,-0.595,0.096,-0.327,Orange
0.582,-1.021,-0.326,0.044,Lemon
1.129,-0.309,1.314,0.918,Watermelon
1.29,-0.003,-0.301,-0.585,Grape
-0.991,0.924,-0.798,0.886,Banana
1.152,-0.841,1.018,0.885,Watermelon
0.943,1.047,0.301,-0.384,Apple
0.618,-1.303,-0.349,-0.022,Lemon
1.569,-0.529,-0.799,-1.054,Grape
1.185,-0.49,-0.98,-0.952,Grape
1.158,-0.703,-1.085,-0.402,Grape
1.949,-1.022,-1.441,-1.335,Grape
0.964,1.314,-0.093,-0.24,Apple
1.185,-1.242,0.915,0.993,Watermelon
0.046,-1.406,-0.993,-0.233,Lemon
1.086,-0.786,-0.944,-0.719,Orange
1.232,0.027,0.129,-0.938,Apple
1.295,-1.311,0.067,0.923,Orange
-1.796,1.243,-1.633,0.449,Banana
0.528,-0.955,-0.919,-0.227,Lemon
0.493,-0.165,-1.143,-1.491,Grape
1.558,0.976,0.368,0.127,Apple
0.721,-1.03,-0.258,0.334,Orange
1.153,-0.538,-1.07,-1.018,Grape
1.457,1.001,-0.438,-0.498,Apple
0.806,-1.491,-0.563,0.324,Orange
0.928,-0.753,-1.168,-0.001,Orange
-1.056,0.831,-0.937,0.126,Banana
0.257,-0.677,1.085,0.89,Watermelon
0.662,0.486,-0.222,0.265,Apple
0.671,-1.484,-0.521,-0.519,Lemon
1.302,-0.788,-0.045,1.191,Watermelon
0.249,-1.498,-0.666,-0.356,Lemon
0.426,-0.353,-0.733,-0.984,Grape
-1.304,0.657,-0.641,-0.229,Banana
1.373,0.942,-0.334,-0.898,Apple
0.949,-0.785,0.532,1.175,Watermelon
1.031,-0.825,-0.701,-1.771,Grape
1.121,-0.033,-0.496,-0.864,Grape
0.894,-1.223,-0.406,-0.01,Orange
0.717,-0.735,1.747,0.978,Watermelon
0.129,-1.471,-0.328,-0.521,Lemon
1.307,-1.187,-0.009,-0.255,Orange
0.344,-1.14,-1.019,0.196,Lemon
0.966,-0.374,-1.188,-1.368,Grape
0.918,-0.215,-1.182,-1.305,Grape
1.054,-0.425,-0.425,-0.876,Grape
-0.775,1.252,-1.404,-0.037,Banana
0.621,-1.466,-0.022,-0.098,Orange
1.028,-1.907,0.419,-0.513,Orange
1.718,-1.507,-0.584,-0.971,Orange
1.127,-1.385,0.624,0.52,Watermelon
1.272,1.249,0.334,-0.54,Apple
1.077,-1.451,0.883,0.818,Watermelon
1.163,-0.244,-0.653,-1.295,Grape
1.349,-0.615,-1.114,-1.248,Grape
0.404,-0.39,-0.492,-0.439,Lemon
0.908,0.256,-0.543,-1.252,Grape
0.904,-1.075,-0.249,-0.445,Orange
0.754,-0.492,-1.06,-0.895,Lemon
0.831,-1.153,0.399,0.151,Orange
-0.669,0.907,-1.1,-0.208,Banana
0.874,-0.828,-0.15,-0.574,Lemon
0.95,-0.94,0.012,-0.715,Orange
1.258,-1.007,0.629,0.27,Watermelon
0.952,-0.493,0.286,-0.076,Orange
1.687,-0.615,-0.666,-1.158,Grape
-1.18,0.763,-1.721,0.75,Banana
0.775,-1.281,-0.713,-0.272,Orange
1.617,-0.267,0.419,0.876,Watermelon
0.638,-0.254,-0.9,-1.223,Grape
1.025,-1.167,0.265,-0.009,Orange
-0.766,0.067,-1.023,1.029,Banana
-0.536,0.354,-1.11,-0.121,Banana
1.599,1.085,-0.569,-0.288,Apple
0.087,-0.98,-0.987,-0.704,Grape
-0.079,-1.133,-0.247,-1.008,Lemon
1.08,-0.977,0.3,-0.281,Orange
0.94,-0.701,0.536,0.923,Watermelon
0.84,-0.649,-0.703,-0.806,Grape
0.738,1.048,0.222,-0.591,Apple
1.051,-0.668,-1.022,-1.571,Grape
1.494,-1.271,1.359,0.783,Watermelon
-1.219,1.425,-0.652,0.373,Banana
1.266,-0.701,-1.003,-1.232,Grape
1.316,-0.843,-0.48,-1.111,Grape
1.007,-0.734,-0.292,-0.304,Orange
0.989,-0.287,-1.232,-1.044,Grape
0.604,-0.697,-0.635,0.133,Lemon
0.945,-1.083,-0.36,-0.661,Orange
0.237,-1.186,-0.202,-0.512,Lemon
-1.17,1.429,-0.457,0.739,Banana
-1.299,0.827,-0.365,0.384,Banana
0.906,-0.349,-0.647,-1.2,Grape
1.077,1.324,-0.706,-0.296,Apple
0.61,-1.344,0.803,1.167,Watermelon
0.887,-0.827,-0.982,-1.401,Grape
-0.85,1.396,-1.028,0.229,Banana
1.131,-1.31,-0.812,0.086,Grape
0.957,-1.042,1.26,1.576,Watermelon
1.341,-1.354,-0.803,-0.1,Grape
1.218,-1.004,-0.901,-1.448,Grape
1.431,-0.935,-0.974,-1.3,Grape
0.809,1.52,-0.264,-0.496,Apple
0.599,-1.655,-0.738,-0.161,Orange
1.343,-0.796,-0.45,-1.251,Grape
-1.083,0.622,-0.653,1.034,Banana
0.383,-0.721,-0.557,-1.506,Grape
1.198,1.428,-0.273,-0.107,Apple
1.616,-0.318,-0.322,-0.386,Orange
0.678,1.342,-0.78,-0.388,Apple
1.036,0.824,-0.202,0.598,Apple
0.957,-1.152,1.355,1.084,Watermelon
1.504,-0.942,0.913,0.376,Watermelon
-1.567,0.358,-0.867,-0.177,Banana
1.439,-0.989,0.915,0.705,Watermelon
1.218,-1.282,-0.645,0.216,Orange
1.124,-0.682,-0.775,-0.997,Grape
1.134,0.714,0.425,-0.503,Apple
1.545,-1.066,-0.018,0.057,Orange
1.001,-1.294,-0.224,0.146,Lemon
0.909,1.012,-0.483,-0.421,Apple
1.599,-1.351,0.67,1.564,Watermelon
1.219,0.142,-1.158,-0.956,Grape
0.769,1.05,-0.921,-0.06,Apple
1.113,0.98,-0.437,-0.613,Apple
1.255,0.59,-0.121,0.426,Apple
1.52,0.473,-0.488,-0.152,Apple
0.975,-1.49,1.135,0.996,Watermelon
1.67,0.911,0.109,-0.743,Apple
0.64,-0.347,-0.621,-1.335,Grape
-0.992,0.516,-1.063,0.593,Banana
0.848,0.913,-0.695,-0.527,Apple
1.615,-0.974,0.649,0.89,Watermelon
0.441,-1.355,0.176,-0.25,Orange
1.662,-1.033,-0.313,0.024,Orange
-0.335,-0.928,-0.617,0.02,Lemon
-0.662,0.603,-0.565,0.208,Banana
-1.317,1.069,-1.071,0.838,Banana
1.119,-0.928,0.015,0.183,Orange
0.874,-0.503,-0.387,-0.441,Lemon
1.034,-1.032,-0.588,0.103,Lemon
1.568,-1.003,0.841,1.512,Watermelon
-0.72,1.11,-1.113,0.416,Banana
0.992,-0.833,-0.955,-0.907,Grape
0.869,-0.684,1.451,1.339,Watermelon
0.503,-0.735,-0.573,-0.933,Lemon
-0.765,1.051,-0.092,0.81,Banana
0.849,-0.913,-0.543,-0.851,Lemon
-1.609,0.695,-1.017,-0.437,Banana
0.809,-1.087,-0.375,-0.432,Orange
0.88,1.603,-0.068,-0.496,Apple
0.976,-1.01,0.731,0.731,Watermelon
1.354,0.853,-0.683,-0.315,Apple
1.041,0.31,-0.314,0.004,Apple
1.158,0.18,-0.562,-0.493,Grape
1.58,-0.735,-0.543,-0.159,Lemon
0.804,1.038,-0.527,-0.161,Apple
0.772,-1.24,-0.155,-0.248,Orange
0.325,-1.509,-0.702,-0.509,Orange
1.145,-0.923,0.073,0.063,Orange
1.375,-0.387,-0.927,-0.615,Grape
-0.678,1.132,-0.555,-0.521,Banana
-1.102,0.893,-0.597,0.85,Banana
0.492,-0.506,-0.71,-0.599,Orange
0.918,-1.111,0.455,1.227,Watermelon
1.238,-0.631,0.848,0.986,Watermelon
0.989,-0.409,0.008,0.665,Watermelon
1.002,-0.98,-1.09,-1.044,Grape
0.77,-0.577,-0.78,-1.083,Grape
0.841,-0.658,-1.003,-1.609,Grape
1.162,-1.158,0.142,0.007,Orange
1.41,-0.954,-1.13,-1.435,Grape
0.753,-0.562,1.521,0.598,Watermelon
0.44,-1.027,-0.395,-1.116,Lemon
0.439,1.171,-0.982,-0.456,Apple
0.657,-0.855,-0.65,-0.628,Lemon
1.296,-0.9,0.774,1.013,Watermelon
1.134,-0.399,-0.025,0.225,Orange
0.786,-0.783,-1.082,-1.05,Grape
0.647,-0.557,0.009,-0.307,Orange
1.225,-0.922,-0.048,-0.671,Orange
0.949,-1.02,1.218,0.78,Watermelon
0.125,-1.379,-0.321,-0.178,Orange
-0.411,1.204,-0.971,0.289,Banana
-0.614,0.793,-1.049,-0.081,Banana
1.497,-0.463,-1.248,-1.04,Grape
1.178,0.912,-0.487,-0.529,Apple
1.119,0.875,-0.459,-0.768,Apple
1.027,-1.063,-0.413,-0.13,Orange
0.862,-0.754,-0.407,-0.584,Lemon
0.802,-1.365,0.792,1.007,Watermelon
0.725,-0.966,-0.638,-0.781,Orange
1.287,-1.166,0.707,0.617,Watermelon
1.148,-0.519,-0.441,-0.275,Orange
0.975,-1.634,0.088,0.355,Lemon
0.053,-1.034,-0.552,-0.293,Orange
0.454,-0.716,-0.639,-0.819,Lemon
0.94,-0.82,-0.714,-0.776,Orange
1.697,-0.825,-1.048,-1.139,Grape
1.192,-0.38,-0.097,-0.731,Orange
-1.484,0.86,-1.094,-0.303,Banana
1.287,-0.98,-0.477,-0.363,Grape
0.513,-0.846,-1.031,-0.282,Lemon
-1.174,0.619,-1.101,0.137,Banana
0.886,-0.268,-1.275,-0.393,Grape
-1.464,1.565,-1.356,0.3,Banana
0.828,-0.72,-0.72,-0.475,Grape
1.417,-0.742,-0.936,-1.274,Grape
0.653,-1.401,-0.453,-0.113,Orange
0.331,-0.616,-0.469,-0.607,Grape
-1.205,0.511,-0.839,-0.511,Banana
1.389,-1.075,1.641,0.396,Watermelon
1.321,-1.035,0.884,0.521,Watermelon
1.209,-0.763,0.325,0.153,Orange
0.392,-1.351,-1.079,0.016,Lemon
0.728,-0.482,1.184,1.115,Watermelon
0.893,-0.769,-0.305,-0.329,Orange
1.244,-0.65,-1.279,-0.79,Grape
-1.022,1.171,-1.159,-0.123,Banana
1.607,-0.059,-0.691,-1.136,Grape
-1.105,1.484,-1.124,0.079,Banana
1.655,-0.617,-0.381,-1.489,Grape
1.181,1.725,-0.29,-0.392,Apple
0.591,1.379,-0.57,-0.333,Apple
-1.432,1.545,-0.596,0.289,Banana
0.596,-0.462,-0.428,-0.587,Orange
-0.017,-1.226,-1.109,-0.718,Lemon
1.261,-1.131,1.124,0.747,Watermelon
1.023,0.072,-1.122,-0.865,Grape
0.452,-0.468,-0.467,0.168,Orange
0.957,-0.386,-0.765,-1.158,Grape
1.382,0.734,-0.028,-0.437,Apple
1.122,-1.162,-0.283,-0.576,Orange
-0.913,1.015,-1.189,0.281,Banana
1.047,0.784,-0.345,-0.652,Apple
1.821,-0.629,1.096,1.41,Watermelon
0.307,0.105,-0.44,-0.782,Apple
0.917,-0.928,1.322,0.602,Watermelon
1.14,1.005,-0.178,-0.482,Apple
1.484,0.964,0.321,-0.577,Apple
1.26,-1.021,0.885,1.221,Watermelon
0.895,-1.532,-2.0,-0.555,Grape
1.431,-0.339,-0.306,-0.652,Orange
0.853,-0.596,-1.352,-0.423,Grape
1.784,-0.833,0.996,0.547,Watermelon
-0.459,1.027,-1.101,0.468,Banana
0.795,-0.949,-0.805,0.18,Orange
-1.037,1.406,-1.07,0.252,Banana
-1.424,1.266,-1.307,0.13,Banana
1.0,1.042,-0.897,-0.381,Apple
1.278,-1.132,0.921,1.057,Watermelon
0.956,-0.961,-1.013,-0.652,Grape
0.632,-1.131,0.516,1.329,Watermelon
-1.032,0.702,-0.968,-0.121,Banana
0.638,0.489,-0.673,0.175,Apple
0.743,-0.437,-1.293,-0.734,Grape
-1.359,1.014,-0.982,1.115,Banana
-0.779,0.792,-0.76,1.048,Banana
0.03,-1.295,-0.683,-0.646,Lemon
0.484,-1.456,-0.109,-0.998,Lemon
0.93,1.366,-0.311,-0.643,Apple
0.528,-1.08,-0.565,-0.128,Orange
0.509,-0.715,-0.26,-0.134,Orange
1.504,0.847,-0.554,-0.492,Apple
0.933,0.968,-0.591,-1.008,Apple
-1.196,1.126,-0.952,0.72,Banana
1.684,-0.734,1.484,1.268,Watermelon
1.598,-0.352,1.333,1.247,Watermelon
0.528,-1.014,-0.718,-0.283,Lemon
0.748,-1.067,-1.124,0.403,Orange
0.923,-0.841,0.21,-0.095,Orange
1.506,-1.435,0.539,0.18,Orange
1.073,-0.101,-1.409,-1.101,Grape
1.505,-1.653,1.196,1.186,Watermelon
1.689,-1.554,1.563,0.804,Watermelon
-1.156,0.572,-1.381,0.441,Banana
0.611,-0.741,-0.532,-0.625,Orange
0.815,-0.482,-1.097,-0.988,Grape
1.244,-0.621,-0.409,-0.565,Orange
1.027,-0.835,-0.811,-0.512,Orange
0.348,-1.073,-0.866,-0.253,Lemon
0.438,-1.553,0.883,0.939,Watermelon
0.491,0.788,-0.44,-0.438,Apple
1.053,0.768,0.217,-0.129,Apple
0.718,-0.967,-0.257,0.225,Orange
0.79,-0.331,-0.985,-0.478,Grape
-0.548,1.069,-1.092,0.477,Banana
0.537,-0.412,-0.573,-0.642,Lemon
-1.161,0.575,-0.805,0.013,Banana
1.384,0.547,-0.255,0.103,Apple
0.247,1.706,-0.449,-0.251,Apple
0.8,-0.746,-0.504,-0.151,Lemon
1.182,-0.384,-0.117,0.488,Orange
-0.685,0.368,-0.086,0.099,Banana
1.523,-0.991,1.371,0.759,Watermelon
1.219,-1.089,0.253,-0.046,Orange
1.328,-1.357,-1.03,-0.856,Grape
1.078,-0.664,0.872,1.017,Watermelon
1.013,-1.798,-0.394,-0.617,Lemon
0.681,1.118,0.13,0.064,Apple
0.953,-0.693,1.304,0.969,Watermelon
-1.243,0.778,-0.707,0.285,Banana
0.634,0.41,-0.009,-0.491,Apple
-0.884,1.434,-1.458,0.284,Banana
0.94,-0.867,1.434,0.535,Watermelon
1.199,1.361,-0.365,-0.348,Apple
1.146,-0.479,-0.796,-0.804,Grape
0.656,-0.653,1.408,1.065,Watermelon
-1.523,0.96,-0.932,-0.101,Banana
-1.126,0.507,-0.787,0.358,Banana
0.424,1.123,-0.32,-0.119,Apple
0.863,-0.881,-1.27,-1.188,Grape
1.007,-0.548,-1.067,-1.148,Grape
0.477,-0.122,-0.87,-0.695,Lemon
2.0,-0.453,-1.483,-0.705,Grape
-1.319,1.318,-1.074,0.146,Banana
1.563,-0.802,1.341,1.152,Watermelon
0.844,1.214,0.123,-0.253,Apple
1.231,-0.702,-0.526,-0.412,Lemon
0.648,-1.438,-0.632,-0.423,Lemon
-1.146,1.118,-0.993,0.571,Banana
-0.768,1.059,-1.479,0.927,Banana
0.95,-1.028,0.88,0.829,Watermelon
1.54,-0.515,1.156,0.962,Watermelon
1.217,1.026,-0.367,-0.182,Apple
0.846,1.088,-0.229,-0.089,Apple
0.783,-0.751,-0.617,-0.4,Orange
-1.185,0.625,-0.645,-0.039,Banana
0.755,-0.161,-1.2,-1.066,Grape
0.646,-0.708,-0.004,0.059,Orange
1.188,-0.574,-1.184,-1.285,Grape
1.051,-0.732,-0.843,-0.486,Lemon
-1.105,0.605,-0.938,0.155,Banana
-1.333,0.482,-1.547,0.17,Banana
0.57,-1.306,-0.372,-0.523,Lemon
1.202,0.936,-0.575,-0.26,Apple
-1.442,1.189,-1.328,0.621,Banana
0.882,1.372,-0.693,-0.537,Apple
1.133,1.41,0.283,-0.286,Apple
1.243,-1.101,-0.215,-0.83,Lemon
-0.853,0.18,-1.393,0.463,Banana
0.141,-0.851,-0.283,-0.675,Lemon
0.261,-1.166,-0.938,-0.535,Lemon
-0.964,0.893,-0.414,0.048,Banana
1.487,-1.364,1.025,1.414,Watermelon
1.396,0.853,-0.106,-0.153,Apple
0.811,-0.784,1.652,1.165,Watermelon
-0.802,1.235,-1.511,0.461,Banana
0.644,-1.206,0.457,-0.289,Orange
0.341,-0.597,-0.932,-0.657,Lemon
1.037,-0.985,-1.147,-0.31,Lemon
0.861,-0.461,0.788,1.368,Watermelon
1.221,-1.298,-0.668,-0.364,Lemon
0.7,-0.905,0.921,0.914,Watermelon
1.017,-0.575,-0.943,-1.21,Grape
0.406,-1.042,-0.616,-0.654,Lemon
0.713,-1.635,-0.856,-0.598,Lemon
-1.3,1.57,-0.993,0.362,Banana
0.431,-1.006,-1.025,-0.559,Lemon
0.672,-1.097,0.104,0.605,Watermelon
1.512,1.291,0.162,0.186,Apple
1.236,-1.159,-0.663,0.201,Orange
-0.977,1.873,-1.128,0.991,Banana
0.945,-0.532,1.594,0.642,Watermelon
0.83,-0.962,-1.43,-0.767,Grape
0.931,-0.982,-0.105,-0.85,Orange
1.45,0.878,-0.114,-0.083,Apple
1.48,-1.037,-1.043,-0.18,Orange
1.07,-1.362,-0.248,-0.326,Orange
0.13,-0.765,-0.797,-0.642,Lemon
0.838,-0.568,0.986,1.028,Watermelon
0.846,-0.438,-0.528,-0.773,Grape
1.24,-0.388,-1.483,-1.307,Grape
0.928,-1.254,-0.673,-0.855,Orange
-1.471,0.91,-1.024,0.022,Banana
1.028,-1.152,1.382,0.943,Watermelon
0.844,-0.929,-1.091,-0.532,Lemon
0.168,-1.038,-0.861,-0.366,Lemon
-1.47,1.005,-0.8,0.618,Banana
0.733,-0.994,1.064,1.541,Watermelon
0.482,-1.319,1.982,0.904,Watermelon
0.338,-1.204,0.031,1.084,Watermelon
1.283,-0.919,-1.165,-0.677,Grape
-0.013,-1.463,-0.68,-0.763,Lemon
0.897,-1.442,1.075,0.948,Watermelon
1.192,-0.53,-0.928,-1.506,Grape
-0.828,0.884,-1.058,0.667,Banana
0.748,-0.527,0.206,0.063,Orange
0.657,0.235,0.078,-0.261,Apple
0.739,-0.189,-1.302,-1.148,Grape
0.784,-1.39,-0.638,-0.119,Lemon
1.074,-0.563,1.397,1.003,Watermelon
-1.818,0.613,-0.733,-0.243,Banana
-1.114,1.118,-0.486,0.099,Banana
-1.225,0.982,-0.877,0.246,Banana
0.967,-1.28,-0.558,-0.344,Lemon
0.86,-0.306,-0.948,-0.724,Grape
-0.932,1.132,-1.221,0.079,Banana
1.029,-0.778,-0.958,-0.437,Lemon
0.169,-1.201,0.036,-0.244,Orange
1.041,-0.056,-0.437,-0.182,Apple
1.163,-0.663,-0.374,-0.258,Orange
0.534,-1.072,0.558,0.353,Watermelon
0.22,-0.472,-0.695,-0.423,Lemon
0.82,-1.627,1.328,0.24,Watermelon
-1.194,0.981,-0.919,0.046,Banana
-1.643,0.72,-1.262,0.029,Banana
-0.66,0.575,-0.895,0.355,Banana
1.336,-1.047,1.277,0.94,Watermelon
1.152,-1.526,0.077,1.132,Watermelon
1.151,-0.434,-1.184,-0.479,Grape
0.439,-0.853,-0.392,0.102,Lemon
0.889,-1.229,0.476,1.543,Watermelon
-0.853,1.159,0.091,0.414,Banana
0.544,0.931,-0.641,-0.439,Apple
0.459,-1.205,-1.088,0.057,Lemon
1.105,-0.679,-0.735,-0.835,Grape
1.096,-0.36,-0.953,-0.765,Grape
1.264,1.057,-0.377,0.236,Apple
0.833,-0.863,-0.155,-0.413,Orange
-1.283,0.876,-1.172,-0.21,Banana
0.372,-0.907,-0.157,-0.306,Lemon
0.09,-0.376,-1.195,-0.841,Grape
0.995,-1.067,0.964,0.992,Watermelon
1.471,-0.607,-0.62,-0.671,Grape
1.233,-1.625,1.391,0.84,Watermelon
1.251,-0.94,-1.415,-0.308,Grape
0.665,-0.199,-0.959,-1.147,Grape
0.984,-1.455,0.995,0.621,Watermelon
0.862,-0.676,-0.211,-0.719,Orange
1.298,-1.002,0.81,1.261,Watermelon
0.941,0.592,0.347,-0.306,Apple
0.572,-1.142,-0.187,-0.684,Lemon
0.459,-1.238,1.464,1.291,Watermelon
0.911,-0.519,-0.038,-0.293,Orange
0.542,-0.885,-0.891,-0.498,Lemon
-0.892,0.41,-1.066,0.194,Banana
1.36,-1.646,0.866,0.831,Watermelon
1.336,-1.015,0.329,0.032,Orange
0.856,1.084,-0.424,0.001,Apple
0.534,0.712,-0.141,0.129,Apple
-1.771,1.481,-1.049,-0.359,Banana
-0.451,-1.535,-0.607,-0.523,Lemon
1.222,0.808,-0.688,-0.445,Apple
-0.988,1.081,-1.276,0.616,Banana
0.383,-1.304,-0.79,-0.124,Lemon
0.554,-1.243,-0.276,0.25,Lemon
1.073,-0.568,0.063,-0.412,Orange
1.009,-1.449,0.928,0.781,Watermelon
0.859,0.738,-0.4,-0.114,Apple
0.958,0.347,-0.561,-0.832,Apple
1.085,-0.824,1.09,0.724,Watermelon
1.086,0.835,-0.698,-0.04,Apple
0.886,-0.668,-0.813,-0.087,Lemon
0.827,-0.771,0.821,0.922,Watermelon
0.153,-0.706,-0.968,-1.144,Grape
1.615,-1.407,0.803,0.683,Watermelon
0.803,-0.239,-0.483,-1.245,Grape
0.747,-1.405,0.157,0.192,Orange
0.963,-1.489,0.543,1.06,Watermelon
0.792,-1.723,-0.712,0.066,Lemon
0.924,-0.479,1.227,0.621,Watermelon
0.898,0.955,-0.633,-0.639,Apple
-0.473,0.658,-0.623,0.147,Banana
0.591,-0.803,-0.809,-0.301,Lemon
0.284,-0.446,-1.864,-1.079,Grape
1.299,-0.382,-1.454,-1.409,Grape
0.759,-0.935,-1.011,-0.205,Orange
1.109,-1.099,-0.116,-0.122,Orange
0.81,0.322,-0.253,-0.634,Apple
0.798,-0.432,-0.504,-1.013,Grape
0.794,-1.506,-0.514,-0.521,Lemon
1.43,-1.189,0.915,1.371,Watermelon
0.968,0.612,0.593,-0.678,Apple
0.977,-0.879,1.094,0.934,Watermelon
-1.065,0.918,-1.391,1.053,Banana
0.923,-0.391,-1.117,-1.124,Grape
-1.159,0.458,-1.056,0.158,Banana
1.41,-1.019,-1.202,-1.314,Grape
1.505,-1.304,-0.103,0.14,Orange
-1.051,0.518,-1.477,0.601,Banana
0.559,-0.863,-0.26,-0.068,Orange
1.165,0.673,-0.641,-0.05,Apple
0.78,-1.563,-0.773,-1.363,Grape
1.163,1.487,-0.294,0.049,Apple
0.654,-0.444,-0.972,-0.503,Lemon
0.836,-1.067,-0.197,-0.651,Lemon
1.724,0.143,-0.901,-0.807,Grape
1.417,0.584,-0.759,0.14,Apple
-0.904,0.921,-0.996,-0.535,Banana
0.933,-1.264,0.021,0.148,Orange
1.202,-0.862,0.476,1.207,Watermelon
1.22,-0.564,0.441,-0.792,Orange
0.464,-1.26,-0.54,-0.495,Lemon
0.918,-0.64,-0.685,-0.564,Orange
0.642,-1.126,0.57,0.983,Watermelon
0.942,0.725,0.006,-0.321,Apple
0.972,-1.068,-0.608,-0.697,Lemon
0.598,-0.751,-0.744,-0.319,Lemon
-1.284,1.266,-1.203,0.598,Banana
1.021,-0.468,-0.704,-0.717,Orange
0.784,0.515,-0.784,-0.082,Apple
-1.001,0.832,-1.135,0.091,Banana
-0.422,0.743,-1.463,0.579,Banana
-1.076,1.714,-1.184,0.596,Banana
0.979,-1.182,-0.86,-0.241,Lemon
1.201,-1.094,-1.395,-1.888,Grape
0.808,-1.092,-0.657,-1.092,Lemon
0.616,-0.767,-1.235,-0.959,Grape
0.804,-0.206,-0.607,-0.11,Lemon
0.71,-1.586,0.877,0.441,Watermelon
0.605,-1.273,-1.284,0.108,Lemon
0.812,-1.573,1.314,0.745,Watermelon
1.382,-1.257,-0.489,-0.079,Orange
1.208,1.269,-0.331,-0.115,Apple
1.261,-0.93,-0.35,-0.706,Orange
1.21,-0.985,0.855,1.447,Watermelon
-1.5,1.575,-1.008,0.411,Banana
0.862,-1.183,-1.049,-0.883,Grape
-0.763,0.931,-1.767,-0.24,Banana
-0.282,0.618,-0.501,-0.027,Banana
0.536,-0.781,-0.887,0.057,Lemon
1.027,-0.839,0.906,1.231,Watermelon
1.153,-1.046,0.005,-0.714,Lemon
0.867,-0.829,-0.974,-0.425,Lemon
1.003,0.701,-0.175,-0.249,Apple
0.975,-1.024,0.968,0.871,Watermelon
1.049,-1.225,1.93,0.507,Watermelon
-1.205,0.823,-0.286,-0.162,Banana
1.149,1.087,-0.183,0.133,Apple
1.426,-1.158,1.068,0.348,Watermelon
1.035,-1.278,-0.365,-0.79,Orange
1.142,-1.594,1.052,0.571,Watermelon
0.703,1.404,-0.094,0.102,Apple
1.546,-1.27,1.525,0.487,Watermelon
1.261,-0.773,-1.326,-0.785,Grape
1.331,-0.68,1.075,1.046,Watermelon
-0.816,1.106,-0.811,0.371,Banana
-0.705,0.43,-1.046,-0.184,Banana
1.097,-0.025,-1.166,-0.955,Grape
1.265,-1.724,0.817,1.128,Watermelon
-0.014,-1.342,0.085,0.151,Orange
1.131,1.309,-0.225,-0.106,Apple
0.89,1.041,-0.521,0.142,Apple
1.533,-0.117,-1.143,-1.334,Grape
1.447,-0.41,-0.885,-1.222,Grape
1.149,-1.38,-0.078,0.283,Orange
1.571,-0.352,-1.484,-0.931,Grape
-0.251,0.696,-1.021,0.795,Banana
0.816,-0.132,-0.857,-0.846,Lemon
1.428,0.581,-0.369,-0.323,Apple
1.363,-0.385,-0.84,-1.141,Grape
1.025,0.409,-0.358,-0.465,Lemon
0.546,-0.823,-1.075,-1.187,Grape
0.594,-0.378,-0.163,-0.556,Lemon
0.577,1.468,-0.317,-0.904,Apple
1.249,-0.641,0.151,0.711,Watermelon
0.961,-0.743,-0.481,-0.491,Orange
-0.745,0.836,-0.81,-0.089,Banana
0.127,-0.736,-0.512,-0.177,Lemon
-1.186,0.722,-0.524,-0.233,Banana
-0.562,1.462,-0.699,0.059,Banana
-1.286,0.926,-1.453,-0.037,Banana
1.226,1.227,-0.667,-0.063,Apple
1.159,1.528,-0.101,0.071,Apple
0.767,-0.657,-1.05,-0.543,Lemon
0.986,-1.085,-0.145,0.022,Orange
-0.863,0.938,-1.258,0.684,Banana
1.122,-1.357,0.932,0.39,Watermelon
1.012,-1.069,0.799,1.555,Watermelon
0.595,-0.753,0.465,0.177,Orange
0.589,-1.397,-1.077,-0.644,Lemon
0.76,0.748,-0.414,-0.336,Apple
0.77,-1.433,-0.839,-0.556,Lemon
0.932,-0.357,1.081,0.435,Watermelon
1.146,-0.809,0.956,0.575,Watermelon
1.215,-1.374,-0.369,-0.43,Lemon
1.21,-0.403,1.197,0.804,Watermelon
1.387,-1.221,1.057,0.547,Watermelon
0.638,-0.982,-0.171,-0.796,Orange
0.774,-1.287,-0.152,-0.623,Lemon
0.607,-0.573,-1.321,-0.556,Grape
1.0,-1.053,1.207,0.648,Watermelon
0.149,-0.857,-0.985,-0.885,Lemon
0.893,-0.816,-1.039,-0.717,Lemon
0.684,0.022,-0.683,-1.147,Grape
0.802,-1.475,-0.835,-0.463,Lemon
-0.842,0.966,-0.913,0.327,Banana
0.543,-1.104,-0.749,-0.419,Lemon
-0.856,1.069,-1.413,-0.05,Banana
1.14,-0.085,-0.947,-1.144,Grape
1.079,0.602,0.158,-0.235,Apple
0.766,-0.658,-1.184,-0.541,Grape
0.929,1.054,-0.099,-0.559,Apple
1.068,1.096,-0.844,-0.212,Apple
0.984,1.045,-0.288,-0.209,Apple
1.468,-1.013,-1.12,-0.767,Grape
1.168,-0.439,-0.036,-0.785,Grape
1.396,-1.107,0.652,0.89,Watermelon
1.249,-0.458,-0.859,-1.075,Grape
0.869,0.937,-0.046,-0.006,Apple
-1.352,1.267,-1.228,0.464,Banana
0.933,1.548,-0.446,-0.237,Apple
0.812,-1.306,-0.625,-0.593,Lemon
0.42,-1.154,-0.211,-0.709,Lemon
0.798,-0.89,-1.089,-0.318,Lemon
0.505,-0.78,-0.478,-0.197,Orange
0.547,-0.557,-0.676,-1.282,Grape
0.787,-0.841,-0.132,-1.052,Orange
1.705,-0.415,-0.756,-1.05,Grape
0.351,1.236,-0.498,-0.11,Apple
-1.077,1.083,-1.271,0.603,Banana
-1.416,1.786,-0.217,0.871,Banana
1.446,-1.03,1.408,0.966,Watermelon
0.456,-0.474,1.395,0.989,Watermelon
0.571,-1.205,-0.937,0.131,Orange
0.439,-0.9,-0.595,-0.699,Orange
1.083,-1.117,1.293,0.556,Watermelon
0.735,-1.836,-1.065,0.429,Orange
1.729,1.032,-0.588,-0.404,Apple
-0.694,0.82,-0.917,0.296,Banana
0.801,-1.184,-0.197,-0.542,Orange
1.158,-1.165,-0.255,0.284,Orange
0.941,1.322,-0.927,-0.465,Apple
1.01,-0.327,-0.986,-0.234,Orange
1.51,-0.875,-1.074,-0.884,Grape
-0.935,1.548,-0.843,0.765,Banana
0.874,-1.259,-0.379,-0.606,Orange
1.169,-1.135,-0.535,-0.025,Orange
-1.4,1.27,-1.167,0.706,Banana
0.863,-0.379,-0.937,-0.74,Grape
-0.962,0.418,-0.647,0.269,Banana
-0.724,1.242,-1.271,-0.02,Banana
1.229,-0.706,-0.672,-1.062,Grape
0.958,-0.852,-0.499,-0.631,Lemon
1.081,-0.183,-1.019,-0.814,Grape
0.616,-0.956,0.003,-0.079,Lemon
0.628,-0.925,-0.846,-0.561,Lemon
1.108,-0.702,-0.038,-0.588,Orange
1.342,-0.631,-1.345,-0.532,Grape
-0.488,1.092,-0.752,0.569,Banana
1.489,-0.745,-0.765,0.503,Orange
1.373,0.822,-0.66,-0.123,Apple
0.503,-0.885,-0.34,-0.698,Lemon
0.209,-0.865,-0.787,-0.449,Lemon
0.53,-1.088,-0.05,0.012,Orange
0.724,0.591,-0.294,-0.104,Apple
-0.858,0.821,-0.896,0.826,Banana
1.072,-1.172,-0.929,-0.285,Grape
0.549,1.01,-0.379,-0.266,Apple
1.068,1.399,-0.27,0.147,Apple
0.959,-0.723,-1.234,-1.636,Grape
1.097,1.719,-0.14,-0.06,Apple
0.855,-1.086,1.345,1.703,Watermelon
-0.479,1.282,-0.988,0.373,Banana
-1.264,0.493,-1.394,0.317,Banana
0.898,-1.114,-1.013,-1.111,Grape
0.59,-1.13,0.888,0.784,Watermelon
-0.676,0.334,-1.695,0.301,Banana
1.034,1.141,-0.489,-0.621,Apple
0.997,-0.755,-0.457,-1.113,Grape
0.981,1.866,-0.368,-0.105,Apple
0.826,-0.744,-0.499,-0.432,Lemon
0.635,-1.202,-0.486,0.21,Lemon
1.424,-0.894,1.3,0.696,Watermelon
0.509,-0.668,-0.079,-0.77,Lemon
0.831,1.763,-0.266,0.338,Apple
1.072,1.086,-0.407,0.03,Apple
1.475,-1.362,0.877,1.32,Watermelon
0.955,0.827,0.053,0.086,Apple
0.843,-0.526,-1.423,-1.313,Grape
1.043,1.011,-0.638,-0.551,Apple
0.627,-0.841,0.311,0.646,Watermelon
0.348,1.147,-0.931,-0.289,Apple
1.174,-0.414,-1.232,-0.396,Lemon
0.654,-1.018,-1.04,-0.57,Grape
1.21,-1.25,1.247,0.215,Watermelon
0.336,-1.288,-0.573,-0.571,Lemon
0.55,-1.061,-0.592,-0.311,Lemon
-0.948,0.9,-0.859,0.589,Banana
0.805,-0.621,-0.593,-1.386,Grape
1.632,-1.469,-0.421,-0.533,Orange
1.766,0.824,-0.475,-0.43,Apple
1.033,-1.115,-0.347,-1.435,Orange
1.02,-0.594,-0.637,-0.542,Grape
0.534,-0.714,-0.986,-0.231,Lemon
0.8,-1.015,-1.065,-0.51,Grape
0.663,-0.476,-0.862,-0.133,Lemon
0.372,-0.921,-0.524,-0.268,Lemon
1.088,-1.259,1.308,1.606,Watermelon
-1.204,0.358,-0.825,0.184,Banana
0.954,-0.405,-1.16,-1.094,Grape
0.965,1.514,-0.289,-0.732,Apple
0.581,-0.951,0.605,0.453,Watermelon
1.222,-0.76,0.871,1.103,Watermelon
1.066,1.211,-0.088,-1.212,Apple
0.916,1.181,-0.444,-0.287,Apple
-0.737,1.028,-0.472,0.694,Banana
-1.041,0.931,-1.998,0.186,Banana
0.526,-0.923,1.054,1.244,Watermelon
1.489,0.991,0.498,-0.219,Apple
0.541,-1.197,0.87,1.207,Watermelon
0.668,0.896,-0.356,-0.457,Apple
1.284,-0.776,0.108,-0.316,Orange
1.421,-1.477,-0.786,-0.625,Orange
1.003,-0.179,-1.211,-1.167,Grape
0.924,1.2,-0.467,-0.487,Apple
0.529,-0.8,-0.588,-0.968,Grape
0.741,-0.167,-1.205,-0.503,Grape
1.091,-0.98,-1.124,0.301,Lemon
1.136,-0.713,-0.665,-0.754,Grape
1.459,0.768,-0.189,-0.715,Apple
1.233,-1.008,-0.202,-0.251,Orange
-1.088,0.696,-0.723,0.821,Banana
0.805,1.194,-0.149,-0.297,Apple
0.466,-1.456,0.727,0.251,Watermelon
1.093,-0.871,-0.61,-1.267,Lemon
-0.038,-1.001,0.09,-0.745,Lemon
1.302,-1.168,1.019,1.425,Watermelon
0.879,-0.842,-0.504,-0.984,Grape
1.382,-1.24,1.492,1.096,Watermelon
1.152,-0.554,-1.177,-1.001,Grape
0.845,-0.664,0.929,0.476,Watermelon
0.412,-1.604,-0.084,-0.603,Orange
1.105,1.048,-0.323,-0.147,Apple
1.055,-1.548,-1.113,-0.851,Grape
1.574,-0.41,-0.777,-0.322,Orange
0.052,-0.468,-0.246,-0.377,Lemon
1.058,-0.117,-0.576,-0.595,Grape
-0.84,0.878,-0.732,0.586,Banana
0.933,-0.723,-0.603,-0.418,Grape
0.738,-0.692,-0.877,-0.83,Grape
0.817,-0.341,-0.152,-0.014,Orange
1.616,-0.757,-1.031,-1.439,Grape
0.54,-1.521,-0.338,-0.353,Lemon
0.903,-0.635,-0.733,-1.398,Grape
1.071,-0.355,-1.624,-0.76,Grape
0.414,0.959,-0.707,0.201,Apple
-1.405,0.422,-0.953,0.155,Banana
0.473,-0.416,-1.697,-1.363,Grape
0.799,-0.719,0.153,0.186,Orange
0.946,0.15,-0.163,0.215,Apple
-0.568,1.162,-1.416,0.116,Banana
-0.323,0.504,-1.402,0.63,Banana
0.849,-1.414,1.535,1.161,Watermelon
0.466,-1.401,0.117,-0.509,Lemon
1.489,-0.687,0.818,0.82,Watermelon
1.506,-0.488,0.343,1.192,Watermelon
0.558,-1.362,-0.508,-0.972,Lemon
0.837,0.721,-0.475,-0.325,Apple
0.645,-0.449,-0.127,0.428,Orange
0.944,-0.792,-0.385,-1.202,Grape
0.938,-0.748,-0.733,0.049,Orange
1.204,-0.556,1.312,1.455,Watermelon
0.961,-0.902,-0.262,-1.534,Grape
-1.499,1.198,-0.431,0.366,Banana
1.35,0.301,-0.475,-0.956,Apple
0.873,-1.542,-1.047,-0.32,Lemon
0.972,-1.056,-0.4,-0.312,Lemon
0.925,-1.383,-0.102,0.015,Orange
1.313,-0.491,-1.409,-0.758,Grape
1.0,0.831,-0.403,-0.542,Apple
1.311,-1.496,-0.648,-0.315,Orange
1.565,-0.631,0.426,1.473,Watermelon
1.472,-1.411,-1.183,-0.225,Orange
1.393,1.557,-0.605,0.313,Apple
-0.18,-1.129,-0.746,-0.097,Lemon
1.454,-0.666,0.527,1.302,Watermelon
1.178,-1.185,-1.723,-0.637,Grape
0.537,-1.45,-0.673,-0.373,Lemon
0.571,-1.543,0.06,-0.149,Lemon
0.883,-1.103,-0.174,-0.595,Orange
1.113,-1.466,0.975,0.591,Watermelon
-1.391,1.576,-0.979,0.373,Banana
-0.104,-1.209,-0.439,-0.432,Lemon
-0.154,-0.928,-0.472,-0.051,Lemon
0.771,0.215,-0.649,-0.684,Apple
1.258,-1.951,0.843,1.499,Watermelon
1.003,-0.686,0.425,0.439,Watermelon
1.503,-0.965,-0.264,-0.591,Orange
1.035,0.599,0.115,0.655,Apple
1.169,-1.222,0.113,0.41,Watermelon
1.544,-0.96,-1.13,-0.771,Grape
1.519,0.93,-0.442,-0.275,Apple
0.78,-1.201,1.144,1.065,Watermelon
1.746,-0.846,1.403,0.625,Watermelon
1.184,-1.253,-0.162,0.041,Orange
1.017,0.243,-0.5,-0.588,Grape
1.268,0.017,-1.503,-0.52,Grape
0.653,-1.198,-0.104,0.232,Orange
-1.404,0.821,-0.966,0.235,Banana
0.899,0.203,-0.453,-0.757,Lemon
0.546,-1.114,-0.629,-0.036,Orange
-0.842,0.838,-0.305,0.043,Banana
0.958,-0.776,0.012,0.247,Orange
1.15,-0.632,0.767,1.321,Watermelon
-0.683,1.53,-1.584,-0.018,Banana
1.288,0.072,-0.128,0.071,Apple
0.398,-1.151,-0.976,-0.683,Lemon
0.828,-0.839,-1.258,-1.095,Grape
0.901,0.056,-1.138,-0.88,Grape
0.798,0.794,-0.897,-0.85,Apple
0.578,-0.936,1.377,0.375,Watermelon
0.808,-1.478,-0.392,0.177,Orange
0.444,-1.017,-0.091,-0.34,Lemon
0.734,-0.944,0.71,1.147,Watermelon
0.78,-1.479,-0.539,-0.541,Lemon
1.191,-0.309,-0.833,-1.106,Grape
-0.673,0.694,-1.462,-0.818,Banana
0.975,-0.888,-0.861,-1.69,Grape
0.373,-0.835,-0.96,-0.357,Lemon
0.805,-1.011,1.208,1.333,Watermelon
1.032,-1.285,0.84,1.223,Watermelon
0.643,0.938,-0.435,-0.336,Apple
0.247,-1.648,-0.418,-0.163,Lemon
0.373,-0.871,1.379,1.209,Watermelon
0.854,0.67,-0.272,-0.213,Apple
1.034,-1.063,0.621,1.148,Watermelon
1.165,1.07,-0.261,0.288,Apple
0.781,1.449,-0.557,0.088,Apple
1.432,-1.103,1.581,1.164,Watermelon
0.693,-0.731,-0.604,-0.677,Grape
0.23,-1.049,-0.529,-0.678,Lemon
1.425,-0.918,-0.622,-0.083,Lemon
0.872,-0.647,0.416,0.841,Watermelon
-0.633,1.55,-1.271,-0.011,Banana
-0.801,0.782,-1.094,0.607,Banana
0.81,-1.688,-0.755,-0.197,Orange
0.348,-1.104,0.513,1.574,Watermelon
1.358,-1.37,-0.51,-0.836,Lemon
0.892,0.031,-1.163,-1.1,Grape
0.67,-0.199,-2.0,-1.155,Grape
-1.016,0.769,-0.698,0.721,Banana
0.506,-0.267,0.502,1.451,Watermelon
0.652,-1.176,-0.743,-0.512,Lemon
-0.927,0.678,-1.082,0.03,Banana
0.575,0.714,-0.702,-0.447,Apple
0.751,-0.958,0.091,-1.274,Lemon
1.164,-0.998,1.285,1.251,Watermelon
0.942,-0.94,0.74,1.215,Watermelon
0.342,-0.728,0.992,0.83,Watermelon
0.919,-1.056,1.454,2.0,Watermelon
1.427,-1.198,1.22,1.236,Watermelon
0.676,-1.041,-1.022,-0.717,Grape
0.436,0.748,-0.1,-0.285,Apple
1.096,-1.494,0.223,-1.038,Lemon
0.29,-0.621,-1.397,-1.014,Grape
0.574,-1.069,-0.895,-0.349,Lemon
-1.111,1.386,-1.063,-0.038,Banana
-1.591,0.94,-1.444,-0.172,Banana
0.785,-1.622,-0.106,-0.444,Lemon
-1.015,0.638,-0.732,0.299,Banana
0.76,-0.93,0.411,0.428,Watermelon
0.608,-0.478,-1.001,-0.633,Grape
0.678,-0.399,-1.04,-1.33,Grape
0.735,-1.023,-0.82,-0.485,Lemon
0.555,-1.054,-0.744,-0.957,Lemon
1.026,-1.281,0.643,0.916,Watermelon
1.257,-0.535,-1.186,-1.2,Grape
0.823,-1.839,-0.321,-1.156,Lemon
0.505,-0.78,-0.24,-0.413,Grape
1.247,-0.475,-1.652,-0.945,Grape
0.408,-1.286,-0.546,-0.665,Lemon
1.304,-1.678,-0.274,-0.508,Orange
0.857,-0.893,0.609,1.057,Watermelon
0.926,-1.231,-0.465,-0.254,Orange
-1.269,1.002,-1.097,0.086,Banana
1.556,-0.855,0.866,1.051,Watermelon
0.641,-1.153,0.888,0.564,Watermelon
1.136,-0.777,-1.124,-1.199,Grape
2.0,0.768,-1.024,-0.86,Apple
1.266,1.468,-0.539,0.148,Apple
1.26,-0.666,-1.091,-0.937,Grape
1.307,1.139,-0.537,-0.361,Apple
1.693,1.088,0.004,-0.111,Apple
1.096,-0.962,1.314,1.252,Watermelon
0.692,-1.243,-0.465,-0.523,Lemon
0.892,-0.062,-0.839,0.135,Orange
0.698,-0.954,1.899,0.663,Watermelon
0.747,-0.606,-1.297,-0.691,Grape
0.813,-0.371,-1.465,-1.632,Grape
0.92,-1.549,1.531,0.465,Watermelon
-1.363,1.145,-1.205,-0.231,Banana
1.714,-1.351,0.931,0.927,Watermelon
-0.751,1.162,-1.289,0.186,Banana
0.921,-0.738,0.591,1.706,Watermelon
0.734,-0.603,-1.406,-1.454,Grape
0.694,0.66,-0.445,-0.643,Apple
0.843,-1.274,-0.913,-0.638,Lemon
1.347,-0.525,-1.035,-1.502,Grape
0.6,0.553,0.157,-0.114,Apple
0.698,0.802,-0.589,-0.61,Apple
1.161,-1.101,1.728,1.438,Watermelon
1.458,-0.765,0.852,1.209,Watermelon
0.878,1.571,-0.159,-0.208,Apple
1.044,-0.391,0.498,1.643,Watermelon
0.935,-1.492,0.737,0.422,Watermelon
-0.771,0.637,-0.941,0.697,Banana
0.365,-1.094,-1.056,-0.636,Lemon
1.901,-0.728,-0.393,-0.414,Orange
0.985,-0.554,-1.147,-0.814,Grape
0.666,-1.335,-0.17,-0.609,Orange
-0.745,0.995,-1.64,0.338,Banana
0.41,-0.757,-0.387,0.448,Orange
1.375,-1.371,0.293,0.736,Watermelon
0.573,0.039,-1.004,-0.673,Grape
-1.1,0.937,-1.011,0.687,Banana
1.109,-1.37,0.268,-0.302,Orange
0.441,-1.99,-0.378,-0.465,Lemon
1.035,0.859,-0.501,-0.429,Apple
1.162,-0.776,-0.381,0.132,Orange
0.972,0.824,-0.231,-0.776,Apple
1.081,-1.14,-1.36,-1.707,Grape
-1.061,1.563,-1.041,0.525,Banana
1.823,1.141,-0.568,-0.52,Apple
0.6,-1.222,-0.795,-0.155,Lemon
1.359,0.424,-0.586,-0.462,Apple
1.21,-0.6,0.646,-0.363,Orange
0.854,-0.794,0.761,0.951,Watermelon
-1.145,0.082,-0.957,0.236,Banana
1.045,-0.998,-1.039,-0.59,Lemon
0.268,0.576,-0.078,-0.387,Apple
-0.677,0.312,-1.085,0.134,Banana
1.335,-0.765,-0.075,0.339,Orange
0.871,1.467,-0.665,-0.678,Apple
1.263,0.473,-0.1,-0.265,Apple
1.375,-0.621,-0.98,-0.822,Grape
-1.232,0.753,-0.834,0.29,Banana
0.857,0.971,0.258,-0.455,Apple
0.835,-1.598,-0.315,0.03,Orange
0.893,-0.962,-0.265,-0.244,Lemon
1.39,-0.655,1.549,0.941,Watermelon
0.536,-0.768,1.273,1.549,Watermelon
1.448,-0.319,-0.083,-0.12,Orange
0.515,1.108,-0.493,-0.226,Apple
1.019,-0.435,-1.034,-0.673,Grape
0.047,-0.934,0.121,0.455,Orange
0.856,-0.41,-0.541,-0.499,Lemon
1.185,-1.001,-0.574,-0.38,Orange
0.611,-0.815,1.004,0.874,Watermelon
0.802,-0.823,1.273,0.604,Watermelon
0.149,-0.666,-1.081,-0.308,Lemon
1.566,-0.433,1.258,1.248,Watermelon
1.388,-1.817,-0.763,-0.203,Lemon
-1.118,1.434,-1.014,0.346,Banana
0.904,-1.183,0.809,1.095,Watermelon
-1.271,1.334,-0.771,0.685,Banana
0.605,0.405,-0.301,0.715,Apple
1.443,-1.194,-0.151,0.055,Orange
0.521,-0.121,-1.059,-1.032,Grape
1.008,1.401,-0.564,-0.897,Apple
1.113,-1.715,-0.405,0.215,Orange
1.203,1.365,-0.083,0.544,Apple
0.394,-0.861,-0.753,-0.165,Lemon
0.978,-0.398,-0.486,0.292,Orange
1.208,-1.011,1.19,1.091,Watermelon
1.125,-1.072,-0.546,-0.317,Orange
0.011,-0.705,-1.032,-0.576,Lemon
-0.773,1.294,-1.621,0.268,Banana
0.761,-0.982,-0.13,-0.788,Lemon
0.283,1.284,-0.488,-0.915,Apple
0.945,1.431,-0.742,0.518,Apple
-1.293,1.03,-1.427,0.315,Banana
0.553,-1.521,0.389,-0.673,Lemon
0.827,-0.661,1.635,1.394,Watermelon
-1.42,1.075,-1.658,0.616,Banana
0.428,-1.281,-0.301,-0.044,Orange
0.909,-0.468,-0.047,0.026,Orange
0.57,-0.405,-0.581,0.408,Orange
1.708,-0.821,1.361,-0.079,Watermelon
-1.068,1.386,-0.676,-0.127,Banana
0.897,-1.888,1.145,0.341,Watermelon
1.396,1.414,-0.466,-0.118,Apple
0.924,-0.915,-0.702,0.018,Orange
0.426,0.36,-0.343,-0.374,Apple
1.095,0.773,0.36,-0.244,Apple
1.082,-0.531,-0.649,-0.798,Grape
1.155,1.258,-0.939,-0.925,Apple
0.973,0.931,-0.097,-0.293,Apple
1.204,0.564,-0.304,-0.769,Apple
1.135,0.343,-0.178,-0.814,Apple
0.866,1.313,-0.22,-0.876,Apple
-1.235,0.475,-1.593,0.341,Banana
-0.804,1.154,-0.789,0.296,Banana
0.904,-0.976,-1.154,-1.462,Grape
0.704,-0.969,-0.341,0.873,Orange
0.529,0.956,-0.798,-0.436,Apple
-1.121,1.296,-1.157,0.233,Banana
0.849,-1.49,-0.528,-0.334,Orange
1.026,1.196,-0.382,-0.388,Apple
0.398,1.189,-0.544,-0.039,Apple
1.461,0.934,-0.658,-0.306,Apple
1.122,-1.11,-0.497,-0.003,Orange
0.774,-1.121,-1.179,-0.34,Lemon
0.731,1.075,-0.247,-0.961,Apple
1.028,-0.42,-0.777,-0.959,Grape
0.308,-0.153,-0.856,-1.421,Grape
0.724,1.081,-0.062,-0.471,Apple
0.889,-1.627,-0.965,-1.223,Lemon
0.686,-0.472,1.72,1.082,Watermelon
0.377,-1.078,-0.434,-1.047,Lemon
0.4,-0.498,-0.966,-0.762,Lemon
1.005,1.099,-0.519,-0.273,Apple
1.213,0.087,-1.044,-1.014,Grape
1.535,0.808,-0.764,-0.212,Apple
-0.623,1.126,-1.034,-0.207,Banana
0.98,-0.168,-1.432,-1.086,Grape
-1.136,0.756,-0.913,0.455,Banana
-0.849,0.658,-1.576,0.392,Banana
0.823,1.643,0.36,0.397,Apple
0.271,-0.801,-0.295,-0.235,Lemon
0.876,-0.552,-0.3,-0.155,Orange
0.462,-0.774,-0.391,-0.037,Orange
1.082,-0.937,0.984,1.275,Watermelon
0.93,-1.509,1.199,0.717,Watermelon
0.537,-1.358,1.099,0.966,Watermelon
0.254,-1.134,1.409,0.842,Watermelon
0.542,-0.635,-0.322,-0.142,Lemon
-0.37,-0.393,-0.377,0.362,Lemon
0.726,-1.217,-0.997,-1.096,Grape
1.229,-0.624,0.969,0.916,Watermelon
1.183,-1.09,0.881,1.363,Watermelon
-0.559,1.379,-1.059,-0.449,Banana
0.948,0.735,-0.345,-0.535,Apple
0.993,-1.364,-0.748,0.228,Orange
0.661,-1.0,0.034,0.12,Orange
-0.722,1.106,-0.747,0.781,Banana
1.149,-1.243,-1.185,-0.756,Grape
-1.219,1.567,-1.022,0.33,Banana
1.394,-1.064,1.062,1.315,Watermelon
0.485,-0.7,-0.71,-0.977,Grape
1.114,-1.552,-1.192,-0.231,Lemon
1.303,-1.068,1.14,1.261,Watermelon
0.715,-1.247,-0.234,0.116,Orange
0.592,-0.669,-1.085,-0.854,Grape
0.997,-0.791,-0.563,-1.189,Grape
0.498,-1.557,-0.85,-0.319,Lemon
1.112,-0.79,-0.107,0.531,Orange
0.738,-1.567,-0.668,-0.446,Orange
0.659,-0.567,-0.562,-0.461,Grape
1.177,-0.251,0.875,0.429,Watermelon
-0.631,0.356,-1.264,0.482,Banana
0.964,0.933,-0.713,-0.304,Apple
1.351,-0.593,-1.291,-1.437,Grape
0.717,-0.863,1.12,0.72,Watermelon
0.226,1.147,-0.614,-0.059,Apple
0.735,-1.346,-0.246,0.625,Orange
1.262,1.048,-0.174,-0.913,Apple
0.207,-1.879,0.005,0.035,Lemon
1.137,-0.953,0.457,0.923,Watermelon
1.227,-0.954,-0.798,-1.115,Lemon
1.483,-1.025,-0.915,-0.523,Orange
0.553,-0.646,-0.927,-1.176,Grape
1.272,-0.972,0.072,-0.325,Orange
0.066,0.802,-1.316,-0.059,Banana
0.926,-1.202,-0.897,-1.667,Grape
1.057,-1.073,-1.133,-0.788,Grape
1.806,-1.377,0.947,0.747,Watermelon
0.696,-0.85,-0.712,-1.171,Grape
1.787,-0.454,-1.354,-1.128,Grape
0.719,-0.72,-0.874,-0.669,Orange
0.393,-0.761,-0.168,-0.017,Lemon
1.185,0.971,-0.022,-0.701,Apple
0.354,-0.847,-0.652,-0.223,Orange
1.042,-0.913,1.328,1.291,Watermelon
1.068,-0.755,-0.962,-1.209,Grape
-1.069,1.916,-0.936,0.458,Banana
0.753,-0.243,-0.734,-0.731,Grape
1.075,1.362,0.145,-0.201,Apple
0.96,-0.687,-0.616,-0.451,Orange
0.981,-1.609,1.29,0.663,Watermelon
0.835,-0.675,-0.986,-1.12,Grape
0.976,-1.021,0.844,0.729,Watermelon
1.379,-1.737,-0.372,-0.364,Orange
0.747,-1.509,-0.775,-0.536,Lemon
0.975,-0.884,-1.014,-0.671,Lemon
0.91,-1.42,-0.628,-0.503,Lemon
0.465,-0.056,-0.744,-0.343,Lemon
0.732,1.185,0.005,-0.506,Apple
-1.019,0.687,-1.401,0.663,Banana
0.406,-1.845,0.018,-0.781,Lemon
0.914,-0.026,-1.05,-1.057,Grape
0.17,-1.572,-0.658,-0.373,Lemon
1.107,0.832,-0.293,-0.943,Apple
1.161,-0.944,1.691,1.003,Watermelon
0.67,0.982,-0.415,-0.148,Apple
1.009,-1.441,-0.873,-0.108,Orange
1.084,-0.972,-0.315,-0.146,Lemon
1.093,-1.285,-0.232,0.222,Orange
-0.815,1.262,-1.162,0.229,Banana
0.958,-1.018,1.409,0.178,Watermelon
0.611,-1.028,-1.08,-0.265,Lemon
0.746,-0.725,-0.353,-0.647,Grape
1.201,-0.867,0.942,1.7,Watermelon
1.281,-1.262,-0.79,-0.002,Orange
0.98,-1.5,-0.15,-0.294,Orange
1.186,-0.845,-0.513,0.021,Orange
0.426,-1.152,-0.786,-0.104,Lemon
0.902,-0.52,1.624,0.741,Watermelon
-2.0,1.366,-1.12,-0.003,Banana
-1.206,0.855,-0.546,0.356,Banana
-0.551,1.173,-1.108,0.163,Banana
0.797,-0.713,-0.251,-0.592,Lemon
0.661,-0.796,-0.734,-0.897,Lemon
0.718,-1.084,1.232,1.441,Watermelon
0.525,0.791,-0.425,-0.022,Apple
-1.185,0.85,-1.494,0.469,Banana
-1.056,0.771,-1.091,0.694,Banana
-1.352,0.705,-0.562,0.327,Banana
-0.766,1.141,-1.012,0.178,Banana
1.291,-0.593,0.079,-0.615,Orange
1.057,-1.125,-0.864,-0.559,Lemon
1.291,1.189,-0.389,-0.007,Apple
1.049,-0.801,-1.248,-0.856,Grape
0.971,-1.481,-0.003,-0.368,Orange
1.557,-1.491,0.937,0.755,Watermelon
0.659,-1.17,1.62,1.05,Watermelon
-1.277,0.36,-1.602,0.112,Banana
-1.222,0.922,-1.795,0.268,Banana
0.96,-0.432,-1.263,-0.78,Lemon
0.301,-0.949,-1.027,0.089,Lemon
0.615,-1.043,-0.043,-0.506,Lemon
1.14,0.737,-0.78,-0.514,Apple
1.765,1.222,-0.204,-0.642,Apple
1.319,0.525,-0.848,-0.496,Apple
1.684,-0.336,-0.458,-0.436,Orange
0.426,-0.573,-0.943,-0.724,Grape
1.319,-0.669,-0.805,-1.245,Grape
1.188,-0.778,-0.839,-0.868,Grape
1.024,1.278,-0.85,-0.673,Apple
0.905,-1.505,0.858,0.869,Watermelon
1.458,-0.55,-0.64,-0.894,Grape
0.813,-0.953,-0.045,0.218,Orange
0.954,-1.177,-1.601,-1.114,Grape
0.182,1.628,-0.091,-0.522,Apple
0.212,-0.64,-0.99,-0.856,Lemon
0.732,-0.96,-0.083,0.217,Orange
0.966,-1.0,-0.243,-0.735,Lemon
-0.037,-1.235,-0.882,-0.721,Lemon
-1.336,0.839,-0.783,0.9,Banana
0.396,-1.451,-0.577,0.068,Orange
0.928,0.747,-0.049,0.035,Apple
0.993,-0.886,-0.905,-1.082,Grape
0.916,-0.779,-0.676,-0.913,Grape
0.962,-0.532,-0.439,-0.677,Lemon
1.364,-0.837,0.611,-0.091,Orange
1.244,1.102,-0.335,-0.391,Apple
1.103,-0.818,0.104,-0.092,Orange
0.438,-1.114,-1.063,0.081,Lemon
-1.189,1.339,-0.903,0.406,Banana
0.959,0.724,-0.639,0.305,Apple
1.04,-0.606,1.485,0.856,Watermelon
0.748,-0.984,-1.005,-0.565,Lemon
1.206,-1.175,-0.414,-0.261,Orange
1.739,-1.642,-0.124,-0.289,Orange
0.776,0.903,-0.066,-0.046,Apple
1.065,-0.618,0.144,0.086,Orange
0.409,-0.827,-0.425,-0.785,Lemon
0.451,0.292,-0.276,-0.196,Apple
0.586,1.366,-0.247,0.172,Apple
1.13,-1.373,1.16,1.235,Watermelon
0.808,-1.505,1.035,0.65,Watermelon
1.392,-1.143,0.304,-0.943,Orange
0.647,-0.5,-0.912,-0.556,Lemon
0.459,-1.239,-0.514,-0.953,Lemon
0.961,1.181,-0.375,-0.65,Apple
1.361,1.256,-0.664,-0.753,Apple
0.667,-0.809,-0.204,0.077,Orange
-1.114,0.676,-0.678,0.106,Banana
1.065,-1.542,0.801,1.353,Watermelon
0.749,-0.715,-1.116,-0.396,Orange
-1.06,1.61,-1.409,0.535,Banana
-0.63,0.747,-1.131,0.35,Banana
-1.519,0.841,-0.553,0.483,Banana
0.945,-0.96,1.203,1.27,Watermelon
0.805,1.537,0.161,-0.063,Apple
0.305,-1.357,-0.714,-0.479,Lemon
0.381,-0.427,-0.549,-0.798,Grape
0.763,-1.278,-0.195,-0.254,Orange
1.155,-0.789,0.082,-0.596,Orange
-0.922,0.873,-1.035,0.603,Banana
1.341,-0.511,1.149,0.961,Watermelon
0.911,0.393,0.169,-0.413,Apple
1.177,1.238,-0.736,-0.623,Apple
1.541,-0.898,0.797,0.956,Watermelon
1.38,-0.673,-0.813,0.372,Orange
-0.662,0.947,-1.417,0.669,Banana
-0.833,0.49,-1.081,1.394,Banana
1.006,-0.86,-1.353,-0.38,Grape
1.297,1.493,-0.213,0.139,Apple
0.703,1.057,-0.2,0.184,Apple
1.112,-0.819,-0.978,-1.587,Grape
-0.212,-0.709,-0.731,-0.591,Lemon
1.291,-0.111,-0.813,-0.325,Grape
1.176,1.106,-0.216,-0.75,Apple
0.935,-1.856,-0.805,-0.492,Lemon
0.724,-1.158,0.344,0.186,Orange
0.36,-1.164,-1.047,-0.253,Lemon
0.913,-1.288,-0.965,-0.846,Grape
1.337,0.974,-0.43,0.395,Apple
0.602,-0.748,-0.789,-0.259,Lemon
0.491,0.838,-0.723,-0.512,Apple
1.438,-0.814,-0.749,-0.469,Grape
-1.01,1.348,-0.814,0.341,Banana
0.863,-0.356,-0.823,-0.836,Lemon
0.644,1.348,0.095,-0.488,Apple
0.252,-0.836,-0.808,-1.023,Grape
1.063,-1.183,0.055,-0.08,Orange
0.805,-0.944,-0.416,-0.339,Lemon
0.675,-0.869,1.277,1.404,Watermelon
1.146,-1.338,0.716,0.848,Watermelon
1.066,0.957,-0.693,-0.695,Apple
0.266,-1.692,-1.046,-0.188,Grape
1.629,-0.942,-0.948,-1.513,Grape
0.541,-1.419,-0.379,-0.264,Orange
1.088,1.232,-0.418,-0.287,Apple
0.617,0.529,-0.825,-0.073,Apple
0.482,-1.655,-0.622,-0.937,Lemon
1.581,0.797,-0.061,0.081,Apple
0.666,-0.973,-0.106,-0.16,Orange
0.726,-1.465,-0.406,-0.67,Lemon
1.122,-0.678,1.234,1.122,Watermelon
0.825,-0.759,-0.077,-0.512,Lemon
1.057,-0.674,0.828,0.533,Watermelon
-0.827,0.928,-1.423,0.475,Banana
1.501,-1.17,-0.642,-1.888,Grape
0.86,0.044,-1.115,-0.969,Grape
0.867,-1.601,-0.575,-0.478,Lemon
1.652,-1.033,-1.134,-1.325,Grape
0.638,1.395,-0.291,-0.494,Apple
0.819,-1.197,-0.466,-0.643,Orange
0.909,-1.126,0.735,1.054,Watermelon
1.084,-1.195,0.95,1.756,Watermelon
-0.258,0.631,-1.32,-0.071,Banana
1.37,-1.139,1.084,1.699,Watermelon
0.996,1.247,-0.118,-0.506,Apple
1.371,-0.897,-0.531,-1.206,Grape
0.433,-1.381,-0.923,-0.649,Lemon
0.149,-1.082,-0.478,0.077,Orange
0.748,-1.248,-0.76,-0.582,Lemon
1.12,-1.288,-0.852,-0.895,Lemon
0.081,-0.893,-0.529,-0.051,Lemon
1.364,-0.161,-0.326,-0.291,Orange
-1.455,1.244,-0.959,0.528,Banana
0.201,-0.877,-0.528,-0.451,Lemon
-1.239,1.416,-0.282,-0.089,Banana
1.252,-2.0,-0.066,-0.855,Orange
0.816,-1.46,0.925,1.294,Watermelon
0.35,-0.726,-1.18,-0.447,Grape
1.151,0.588,-0.465,0.245,Apple
1.25,-1.321,0.907,0.918,Watermelon
-1.188,0.401,-1.237,0.786,Banana
0.867,0.964,-0.251,0.476,Apple
1.003,1.383,-0.509,-0.391,Apple
1.004,-0.871,-1.071,-0.689,Grape
-1.28,1.0,-0.752,0.011,Banana
0.983,-0.974,-0.658,-1.203,Lemon
0.869,-0.87,0.311,-0.001,Orange
1.394,-1.023,-1.044,-0.573,Grape
-1.311,1.338,-0.743,0.396,Banana
0.885,-1.345,1.621,1.221,Watermelon
1.119,-1.144,1.013,1.058,Watermelon
1.14,-0.743,-0.574,-0.713,Orange
0.629,-1.612,-0.713,-0.678,Lemon
1.172,-0.306,0.319,1.796,Watermelon
0.918,-0.878,-0.795,0.149,Orange
1.015,-1.022,0.322,1.026,Watermelon
0.896,-1.083,-0.189,-0.103,Lemon
0.776,-0.042,-0.984,-0.983,Grape
1.035,-0.576,-1.921,-1.065,Grape
0.523,-0.031,-0.445,-0.702,Grape
0.917,0.647,-0.53,0.38,Apple
0.758,-1.424,-0.639,-0.475,Grape
1.581,-0.637,1.421,1.019,Watermelon
-0.127,-0.99,-0.382,-0.547,Lemon
0.937,-0.937,-1.351,-0.357,Grape
1.656,-0.601,-0.901,-1.343,Grape
1.225,-0.384,-0.835,-0.038,Orange
1.189,-0.415,-0.425,-0.287,Grape
0.918,-0.764,-0.271,-0.421,Orange
1.095,-0.765,1.076,0.692,Watermelon
0.438,-1.16,-0.895,-0.39,Lemon
-0.854,1.343,-1.3,0.098,Banana
1.544,-1.058,1.011,0.939,Watermelon
1.397,1.41,0.09,-0.291,Apple
-1.305,1.674,-0.7,0.14,Banana
1.098,-1.187,-0.106,0.017,Lemon
0.677,-0.796,-0.026,0.715,Orange
0.74,-0.499,1.006,0.566,Watermelon
0.558,-0.999,-0.971,-0.391,Lemon
1.335,1.083,-0.49,-0.352,Apple
-1.002,1.076,-0.612,0.395,Banana
0.509,-0.797,-0.942,-0.607,Grape
1.454,1.621,-0.254,-0.033,Apple
0.491,-0.85,0.624,0.978,Watermelon
2.0,-0.494,-1.302,-0.857,Grape
0.819,-1.336,0.436,0.173,Orange
1.121,-0.737,-1.109,-0.46,Grape
0.707,-2.0,0.247,-0.436,Lemon
1.12,1.38,-0.137,-0.039,Apple
0.852,-1.03,-0.902,-0.499,Grape
-1.227,0.745,-0.573,0.14,Banana
-1.144,0.869,-1.023,-0.251,Banana
0.811,-0.919,-0.222,0.205,Orange
1.244,-0.471,-0.28,-0.552,Lemon
0.782,1.006,-0.095,-0.012,Apple
1.218,-1.042,-0.025,0.241,Orange
1.308,-0.611,-1.292,-1.3,Grape
0.362,-0.91,-0.418,-0.995,Lemon
0.424,-0.915,-0.915,-0.348,Lemon
-1.108,0.747,-0.981,0.437,Banana
0.703,-0.685,-0.836,-1.267,Grape
0.42,0.462,-0.446,-0.761,Apple
0.878,-0.417,-0.783,-0.299,Orange
1.746,-0.857,-0.429,-0.255,Orange
1.15,-0.406,0.814,0.735,Watermelon
-1.483,1.036,-1.492,0.138,Banana
0.682,1.376,-0.478,-0.161,Apple
0.039,-0.954,-1.021,-0.649,Lemon
1.374,-0.674,-0.645,0.62,Lemon
-1.32,1.408,-1.536,0.215,Banana
0.528,-0.51,-0.98,-1.108,Grape
1.382,-1.198,1.114,1.287,Watermelon
0.481,-0.862,-0.981,-0.779,Grape
1.497,-1.076,-0.411,-0.505,Orange
1.115,-1.104,-0.396,-0.233,Orange
1.193,-0.797,-1.27,-0.849,Grape
-0.059,-1.211,-0.703,0.221,Orange
0.846,-0.796,-1.017,-1.208,Grape
0.859,1.034,-0.448,-0.45,Apple
0.246,-1.404,-0.579,-0.393,Lemon
0.5,1.266,-0.033,0.041,Apple
-0.895,1.223,-0.235,0.194,Banana
0.634,-1.137,-0.386,-0.381,Grape
0.676,-1.255,-0.413,0.228,Orange
0.549,0.312,0.459,-0.191,Apple
1.159,-1.072,1.163,0.47,Watermelon
0.706,-0.963,0.205,0.894,Watermelon
0.873,0.894,-0.493,-0.649,Apple
-1.638,1.051,-1.105,-0.181,Banana
0.622,-1.103,-0.761,-1.255,Lemon
0.839,-1.432,-0.578,-0.783,Lemon
0.864,-0.197,-0.814,-0.604,Grape
1.116,-0.461,-1.623,-1.111,Grape
0.921,1.428,-0.477,-0.207,Apple
1.079,-0.595,0.953,1.29,Watermelon
0.403,-1.565,-1.099,0.075,Orange
1.236,-0.686,-0.537,-0.397,Orange
0.558,-0.495,-0.007,-0.222,Lemon
-0.884,1.467,-1.09,0.163,Banana
0.955,-1.343,-0.361,-0.591,Orange
1.359,-0.81,0.2,-0.77,Orange
1.666,-1.55,0.581,0.783,Watermelon
1.458,-0.921,0.915,0.723,Watermelon
0.518,-0.604,-0.02,0.273,Orange
1.139,-1.925,0.564,1.163,Watermelon
0.871,-1.196,0.614,1.332,Watermelon
1.16,-0.825,-0.522,-0.138,Orange
-1.468,0.955,-1.885,-0.249,Banana
0.887,1.831,-0.93,-0.735,Apple
1.076,-0.381,1.071,1.246,Watermelon
-1.118,0.821,-0.971,0.07,Banana
1.253,-1.562,0.011,-0.186,Orange
0.525,-1.575,-0.943,-0.08,Lemon
0.927,1.097,-0.608,-0.31,Apple
0.12,-0.965,-0.47,-0.388,Lemon
0.684,-1.12,-0.112,-0.274,Orange
0.899,-0.334,-0.633,0.178,Orange
0.596,-0.771,-0.052,-0.379,Orange
0.174,-1.69,-0.815,-0.316,Lemon
0.223,-0.966,-1.117,-0.582,Lemon
0.199,-1.027,-0.775,-0.917,Lemon
0.769,-0.927,-1.46,-0.621,Grape
0.874,0.229,-0.518,0.02,Apple
0.734,1.524,-0.6,-0.124,Apple
0.963,-0.842,-1.081,-0.83,Lemon
-0.59,0.718,-0.659,0.149,Banana
1.05,-1.485,-0.513,-0.506,Orange
0.679,-0.967,-0.438,-0.672,Lemon
0.674,-0.936,-0.66,0.177,Orange
-1.04,0.886,-0.838,0.273,Banana
0.42,0.628,0.07,-0.271,Apple
-1.589,1.123,-1.196,-0.006,Banana
0.199,-0.65,-1.288,-0.793,Lemon
0.642,-0.448,-0.406,-0.796,Lemon
-0.465,0.526,-0.907,0.471,Banana
0.692,1.244,-0.48,-0.057,Apple
-0.044,-0.883,-0.744,-0.098,Lemon
0.985,-0.163,-0.822,-1.045,Grape
-0.724,1.278,-0.835,-0.502,Banana
0.656,1.484,-0.74,0.009,Apple
1.247,0.746,-0.998,-0.499,Apple
1.727,0.698,-0.578,-0.649,Apple
1.425,-1.085,0.781,1.495,Watermelon
-0.797,0.678,-1.428,0.705,Banana
0.606,-1.542,-1.224,-0.891,Lemon
-1.434,0.284,-1.385,-0.022,Banana
-1.162,1.593,-1.093,0.241,Banana
-0.822,0.917,-0.86,0.398,Banana
-0.957,1.968,-0.681,-0.079,Banana
1.13,-1.277,1.156,0.519,Watermelon
0.612,-0.88,0.049,-0.024,Orange
0.899,-0.869,-0.54,-0.676,Lemon
1.285,-0.641,0.978,0.959,Watermelon
-0.443,0.993,-0.974,0.469,Banana
0.966,-1.287,1.132,0.986,Watermelon
1.645,1.276,-0.508,-0.045,Apple
-0.892,1.458,-1.184,0.366,Banana
0.965,-0.58,-1.31,-0.798,Grape
1.146,1.45,-0.304,-0.444,Apple
1.276,-0.878,-0.62,-0.621,Grape
1.44,1.132,-0.47,-0.262,Apple
1.133,-1.196,0.167,0.003,Orange
0.288,-0.341,-0.566,-0.883,Lemon
0.709,-0.479,0.339,0.153,Orange
1.062,-0.574,-0.405,-0.385,Lemon
0.789,-0.742,-0.86,-0.244,Lemon
1.511,0.928,-0.41,-0.133,Apple
0.773,-1.061,-0.598,-1.158,Grape
-0.994,0.786,-0.553,0.599,Banana
0.916,-1.013,-1.121,-0.8,Grape
1.066,-0.562,-0.926,-0.734,Grape
0.585,-0.842,-0.945,0.394,Lemon
-1.099,1.071,-0.802,0.156,Banana
1.003,-0.602,-1.32,-0.846,Grape
0.423,-0.387,-0.022,0.024,Orange
-1.608,0.723,-0.514,1.753,Banana
-0.582,1.363,-0.816,0.003,Banana
1.348,0.615,-0.724,-0.746,Apple
-0.658,0.98,-0.965,0.295,Banana
0.606,-1.235,0.783,0.508,Watermelon
0.824,-1.378,-0.098,0.031,Orange
0.547,0.896,0.35,-0.643,Apple
-0.851,1.037,-0.617,0.403,Banana
0.449,-0.977,-0.572,-0.532,Lemon
0.538,-0.165,-0.627,-1.365,Grape
0.895,0.921,-0.705,-0.953,Apple
0.365,-1.125,-1.104,-0.438,Lemon
1.407,-0.705,-0.344,-0.844,Orange
1.25,-0.949,1.149,1.678,Watermelon
0.711,-2.0,0.631,1.17,Watermelon
0.609,-1.425,-1.097,-0.624,Lemon
0.164,-0.818,-0.744,-0.719,Lemon
0.735,-0.508,-0.985,-0.929,Grape
1.063,-1.025,0.638,0.744,Watermelon
-1.138,1.723,-1.472,0.153,Banana
1.034,-1.106,1.376,0.892,Watermelon
0.918,-0.715,1.634,1.493,Watermelon
-1.048,0.983,-0.984,0.351,Banana
0.703,1.328,-0.228,-0.316,Apple
0.555,-0.978,0.337,0.796,Watermelon
0.403,-0.9,0.058,-0.3,Lemon
1.507,-0.774,0.094,0.45,Orange
-1.256,0.721,-0.766,0.299,Banana
1.077,0.913,-0.509,0.267,Apple
0.615,-0.36,-0.817,-1.553,Grape
-1.291,0.768,-0.802,0.172,Banana
0.97,-1.51,1.814,1.025,Watermelon
1.175,-1.189,0.772,1.669,Watermelon
-0.071,-0.902,-1.024,-0.642,Lemon
0.777,-1.345,1.012,0.101,Watermelon
0.89,0.968,-0.776,0.23,Apple
0.792,-1.083,-0.507,-0.229,Orange
1.458,0.266,-0.739,-0.619,Grape
1.601,-0.913,1.55,1.277,Watermelon
0.65,-0.877,-1.237,-0.398,Lemon
0.46,-1.169,-0.932,-1.39,Grape
0.998,-0.952,-0.236,-0.516,Orange
-0.685,0.969,-0.846,-0.119,Banana
0.538,-0.616,-0.26,-0.779,Lemon
-1.191,0.654,-1.23,-0.19,Banana
0.952,-0.778,-0.575,-0.232,Orange
0.923,-0.631,-0.514,-0.401,Orange
-1.296,0.602,-0.815,0.253,Banana
1.019,-0.554,0.166,-0.776,Orange
1.227,-0.921,0.838,1.115,Watermelon
0.396,-0.488,1.18,0.697,Watermelon
-1.205,0.404,-1.11,0.131,Banana
0.536,-0.728,1.447,0.99,Watermelon
0.893,-0.848,-0.307,-0.579,Orange
0.372,-1.104,-0.513,-0.497,Lemon
1.074,-1.534,1.233,1.001,Watermelon
1.893,-1.136,1.113,1.99,Watermelon
1.068,-1.024,0.655,1.535,Watermelon
0.594,1.149,-0.466,-0.366,Apple
-1.498,1.47,-1.097,-0.125,Banana
1.438,-1.176,-0.183,0.094,Orange
1.166,-1.769,1.243,0.965,Watermelon
-1.115,0.962,-1.564,0.367,Banana
0.522,-1.1,-0.245,0.176,Orange
0.713,-0.492,0.031,-0.35,Orange
0.612,0.495,-0.205,-0.558,Apple
1.42,-0.838,-1.315,-0.918,Grape
0.76,-0.997,0.045,-0.159,Orange
0.642,-0.928,-1.193,-0.363,Lemon
1.056,1.313,-0.088,-0.371,Apple
-0.639,0.898,-0.913,0.191,Banana
-0.838,0.868,-0.423,1.006,Banana
-0.694,1.539,-1.539,-0.197,Banana
0.887,1.014,-0.369,-0.875,Apple
-0.597,1.754,-0.552,0.68,Banana
0.679,-1.295,-0.575,0.237,Lemon
0.877,-1.159,0.088,0.211,Orange
0.303,-1.092,-0.776,-0.476,Lemon
1.386,-0.881,-0.619,-0.964,Grape
1.814,-0.888,-0.334,0.001,Orange
-1.118,0.372,-1.084,0.21,Banana
0.443,-0.626,-1.723,-1.122,Grape
-0.915,1.034,-1.144,0.27,Banana
-1.274,1.004,-0.98,-0.015,Banana
0.694,-0.908,-0.658,0.347,Lemon
0.951,-1.098,-0.448,-0.54,Orange
1.24,-1.24,0.801,0.812,Watermelon
0.655,-1.613,-0.462,0.106,Orange
1.069,-0.454,-0.037,-0.017,Orange
1.259,-1.034,-0.578,-0.504,Lemon
1.54,-0.599,-1.227,-0.794,Grape
-1.286,1.187,-0.855,0.234,Banana
1.198,-1.521,1.057,0.838,Watermelon
2.0,1.055,-0.509,-0.782,Apple
1.457,-1.123,0.723,1.118,Watermelon
-0.773,1.222,-0.993,0.356,Banana
1.081,-0.882,1.149,1.383,Watermelon
1.02,-1.286,0.949,1.264,Watermelon
-0.025,-1.623,-0.279,0.032,Lemon
0.557,-0.965,0.86,0.909,Watermelon
1.107,-1.453,0.612,0.895,Watermelon
0.549,-1.394,-0.324,-0.646,Lemon
-1.148,1.099,-1.045,0.593,Banana
0.673,-1.089,-1.108,-0.979,Grape
0.566,-1.486,1.064,0.735,Watermelon
0.492,-0.662,0.779,1.402,Watermelon
1.01,-0.897,0.926,0.071,Watermelon
0.602,-0.644,-0.872,-1.626,Grape
0.981,0.607,-0.218,-0.307,Apple
1.26,-0.627,-0.139,0.101,Orange
-1.123,1.988,-1.427,0.115,Banana
1.315,-0.737,1.171,1.236,Watermelon
0.271,1.556,-0.371,0.136,Apple
-1.712,1.09,-1.197,0.5,Banana
1.111,1.128,-0.671,-0.32,Apple
0.937,-0.427,-0.654,-0.947,Grape
0.153,-0.962,0.314,0.076,Lemon
-0.041,-0.978,0.026,-0.264,Orange
0.839,-1.093,1.193,0.598,Watermelon
-0.584,0.98,-1.327,0.694,Banana
0.059,-1.194,-0.8,0.25,Lemon
0.76,0.246,-0.504,-0.141,Apple
1.274,1.797,0.192,-0.234,Apple
0.688,-0.432,-0.429,-0.43,Orange
0.854,-1.438,0.837,0.918,Watermelon
0.856,-1.136,-1.044,-1.061,Lemon
1.073,-0.575,-1.194,-1.164,Grape
0.736,-0.513,-0.873,-0.469,Lemon
0.935,-1.272,-0.605,-0.513,Lemon
-1.459,1.059,-0.989,0.494,Banana
-1.415,1.003,-0.516,1.027,Banana
-0.552,0.588,-0.842,0.131,Banana
0.699,-1.27,-1.2,-0.621,Lemon
1.253,1.101,-0.159,-0.224,Apple
1.142,-0.815,-0.396,-0.171,Orange
1.21,-0.95,-0.585,-0.464,Lemon
0.924,0.848,-0.227,-0.477,Apple
0.549,-1.277,-0.562,-0.296,Lemon
0.526,-1.703,-0.393,-0.458,Lemon
0.652,-0.729,0.511,1.366,Watermelon
0.98,-1.794,-0.238,-0.342,Orange
0.805,-0.858,-1.045,-1.17,Grape
0.35,-0.155,-1.086,-1.256,Grape
0.605,-0.73,0.546,1.047,Watermelon
-1.204,0.816,-1.386,0.083,Banana
1.003,1.082,-0.575,-0.332,Apple
1.311,-1.182,-1.002,-1.333,Grape
0.632,-0.909,0.809,0.574,Watermelon
1.463,1.322,-0.976,-0.816,Apple
-0.792,0.9,-0.475,0.516,Banana
-0.895,0.642,-0.828,-0.147,Banana
1.457,1.148,-0.589,-0.018,Apple
1.785,-1.076,-0.107,-0.351,Orange
1.03,0.472,-0.3,-0.285,Apple
-0.37,0.372,-1.098,0.751,Banana
0.915,-0.66,-1.292,-1.326,Grape
0.361,-1.22,0.654,1.041,Watermelon
0.324,-1.168,-0.758,-0.517,Lemon
0.815,-1.372,1.03,1.374,Watermelon
1.045,-0.813,-1.043,-1.718,Grape
0.951,-1.14,-0.627,-0.463,Orange
0.856,-0.653,0.082,-0.525,Orange
0.819,-1.172,1.283,1.051,Watermelon
1.032,-0.412,-1.209,-0.523,Grape
0.999,-1.3,0.92,1.431,Watermelon
0.851,1.332,-0.519,-0.568,Apple
1.231,-0.906,-0.712,-0.877,Grape
0.294,-1.025,-0.792,-0.378,Lemon
1.661,-0.73,-0.813,-0.991,Grape
-0.992,0.942,-1.3,0.417,Banana
0.899,-0.917,-0.645,-0.965,Grape
0.92,-0.131,-1.643,-0.555,Grape
-1.308,1.074,-1.206,-0.023,Banana
1.46,-0.35,0.923,1.117,Watermelon
0.62,-0.394,-1.34,-0.368,Lemon
0.746,-1.825,0.874,1.647,Watermelon
0.77,1.277,0.12,-0.304,Apple
-0.958,0.399,-1.251,0.617,Banana
1.021,-0.871,1.047,1.767,Watermelon
0.849,-0.038,-0.953,-0.407,Grape
0.571,-0.935,0.862,1.049,Watermelon
1.428,-0.467,-0.573,-1.235,Grape
0.712,-0.594,-1.014,-1.065,Grape
0.664,-0.58,0.873,1.499,Watermelon
-0.996,1.227,-0.805,0.012,Banana
1.129,0.075,-0.912,-0.685,Grape
1.243,1.107,-0.235,-0.108,Apple
1.267,-1.473,1.087,0.936,Watermelon
0.463,-0.546,-0.857,-0.988,Lemon
-0.721,0.503,-1.675,0.618,Banana
1.056,-0.835,0.845,0.515,Watermelon
0.185,-1.095,-1.045,-0.393,Lemon
0.838,-0.935,1.054,1.135,Watermelon
1.175,0.88,-0.236,-0.217,Apple
-0.25,-0.774,-0.548,-0.303,Lemon
0.55,0.889,-0.682,-0.039,Apple
0.508,0.675,-0.113,-0.52,Apple
0.675,-0.683,0.032,0.053,Orange
1.297,-1.081,0.928,0.773,Watermelon
1.059,0.815,-0.452,-0.09,Apple
1.015,-0.861,0.028,-0.747,Lemon
0.357,-0.75,0.73,0.904,Watermelon
-0.019,-1.315,-1.126,-0.652,Lemon
0.862,-0.969,0.134,0.037,Orange
0.432,1.213,-0.261,-0.334,Apple
0.992,-0.928,0.758,0.936,Watermelon
1.414,0.754,-0.66,-0.322,Apple
-1.396,0.397,-1.121,0.807,Banana
-1.014,1.063,-1.746,0.453,Banana
1.033,-0.833,-0.937,-0.94,Grape
0.629,-0.884,1.419,0.92,Watermelon
0.696,-1.062,-0.001,-0.629,Orange
1.202,0.763,-0.215,-0.498,Apple
0.802,-0.467,0.507,1.17,Watermelon
-0.394,1.24,-1.466,-0.149,Banana
0.737,-0.945,-0.221,-0.645,Orange
0.695,0.716,-0.363,0.395,Apple
0.273,-1.342,-0.997,-0.278,Lemon
0.586,-1.314,-0.727,-0.777,Lemon
-0.896,1.94,-0.807,0.267,Banana
0.767,-1.47,1.257,1.238,Watermelon
0.837,-0.575,1.007,1.271,Watermelon
1.104,0.938,-0.634,-0.351,Apple
1.295,-1.178,1.154,0.621,Watermelon
-0.727,1.11,-1.421,0.222,Banana
0.926,-1.441,-0.975,-0.524,Lemon
1.347,-1.235,-0.427,-0.409,Lemon
0.394,-0.944,-0.757,-0.625,Lemon
-1.581,0.991,-0.685,0.32,Banana
1.382,1.203,-0.321,-0.52,Apple
0.83,0.485,-0.393,-0.249,Apple
-0.4,1.185,-1.303,-0.204,Banana
0.928,1.284,-0.377,-0.11,Apple
0.937,1.251,-0.859,0.261,Apple
0.611,-0.722,-0.395,-0.241,Orange
0.916,-0.511,-0.84,-0.63,Grape
1.493,-0.484,-0.4,-0.967,Grape
1.377,1.15,-0.492,-0.237,Apple
1.176,-0.611,-0.856,-0.697,Grape
0.992,-1.63,-0.413,-1.104,Grape
0.712,0.607,-0.418,-0.497,Apple
-1.258,0.761,-0.815,1.011,Banana
1.287,-0.207,-1.132,-0.963,Grape
1.149,-0.831,-1.149,-0.701,Grape
0.982,-0.976,-1.018,-0.603,Lemon
0.496,-0.974,1.089,0.905,Watermelon
1.085,-0.854,-0.21,-0.621,Orange
0.511,-0.857,-0.047,-0.595,Lemon
1.193,1.307,-0.369,0.102,Apple
1.021,-0.517,-0.44,0.326,Lemon
0.785,-0.257,1.269,1.469,Watermelon
0.888,-0.704,1.499,0.619,Watermelon
0.943,-1.349,-1.062,-1.286,Grape
0.924,0.023,0.301,-0.704,Orange
1.195,1.28,-0.418,-0.238,Apple
1.097,-1.471,-0.661,-0.14,Orange
1.035,-1.248,-0.578,-0.231,Orange
0.91,-1.027,-0.032,-0.744,Lemon
1.068,-1.124,1.206,0.726,Watermelon
1.675,-1.192,-0.4,-0.969,Grape
0.793,-0.533,-0.3,-0.756,Lemon
1.21,1.654,-0.611,0.441,Apple
1.135,-1.152,-0.613,-0.278,Orange
0.316,-1.145,0.908,0.624,Watermelon
1.262,-0.677,-1.223,-1.114,Grape
1.124,-0.974,-0.545,-0.156,Orange
0.982,-1.399,0.899,1.203,Watermelon
1.2,-1.08,-0.063,-0.543,Orange
0.268,-1.088,-0.076,-0.443,Lemon
-1.096,1.54,-1.1,1.082,Banana
-1.179,0.646,-1.058,0.213,Banana
0.717,0.311,-0.888,-0.838,Grape
-1.162,0.798,-0.641,-0.287,Banana
0.2,-1.087,-0.127,-0.631,Lemon
0.746,-0.99,-0.146,-1.055,Lemon
0.858,-1.07,-0.276,-0.787,Lemon
0.609,-1.036,-0.951,-0.948,Lemon
-1.203,1.045,-1.265,0.184,Banana
-1.66,0.87,-0.642,0.547,Banana
0.97,-0.915,-0.59,0.369,Orange
1.724,-0.942,0.607,-0.438,Orange
0.162,-1.248,-0.677,0.309,Lemon
0.902,-0.901,-1.314,-0.601,Grape
1.349,0.83,-0.957,-0.695,Apple
1.202,-0.759,-0.577,0.154,Lemon
1.685,0.987,-0.306,-0.504,Apple
0.9,-1.52,-0.822,-0.803,Orange
1.38,-1.546,0.382,-0.456,Orange
1.608,0.872,-0.848,0.149,Apple
1.491,-1.317,0.884,0.683,Watermelon
0.958,-0.562,-1.123,-1.637,Grape
0.797,1.246,-0.373,-0.415,Apple
0.674,-0.814,-0.507,-1.399,Grape
1.252,1.016,-0.214,-0.556,Apple
0.877,-0.602,-1.182,-0.884,Grape
0.76,-0.24,-0.503,-1.169,Lemon
1.407,0.929,0.404,0.215,Apple
0.823,-0.747,-0.508,-0.199,Orange
1.237,-0.61,1.313,1.026,Watermelon
1.869,-0.728,-1.563,-1.495,Grape
1.116,-1.027,-0.544,-0.69,Lemon
0.842,-0.875,-0.835,-1.034,Grape
0.752,-0.881,-0.749,-1.011,Lemon
0.059,0.059,-0.083,-0.031,Lemon
0.764,-0.597,-1.285,-1.459,Grape
0.794,1.464,-0.006,-0.64,Apple
0.89,-0.738,0.8,1.028,Watermelon
1.141,-0.863,1.089,0.771,Watermelon
-1.193,0.603,-1.546,0.26,Banana
1.286,-1.483,-0.204,0.075,Orange
0.357,-0.695,-0.424,-0.807,Grape
0.345,-0.77,-0.562,0.042,Orange
0.758,-1.019,0.812,1.001,Watermelon
-1.199,0.922,-1.411,0.472,Banana
0.661,-1.566,-0.252,-0.562,Lemon
0.657,-0.732,-0.485,-0.092,Lemon
0.897,-0.638,-0.257,-0.022,Orange
1.141,-0.166,-0.748,-1.155,Grape
0.776,-0.617,-1.266,-1.368,Grape
-0.145,-1.542,0.095,-0.73,Lemon
1.266,-0.859,-0.617,-1.025,Lemon
1.002,1.662,0.245,-0.204,Apple
0.598,-1.335,-0.598,0.247,Orange
1.571,1.069,-0.406,0.242,Apple
-1.343,1.018,-0.838,-0.002,Banana
0.777,-1.25,0.196,0.47,Orange
1.04,0.906,-0.51,-0.299,Apple
0.807,0.966,-0.155,-0.442,Apple
0.934,0.935,-0.411,-0.455,Apple
1.267,-1.62,0.251,-0.153,Orange
1.214,-0.746,-0.548,-0.52,Orange
0.639,-1.086,1.245,0.796,Watermelon
1.213,0.171,-0.435,0.108,Apple
0.94,0.71,-0.53,-1.36,Apple
0.246,-0.63,-0.804,-0.663,Lemon
0.184,0.429,0.117,-0.084,Apple
0.546,-1.221,-0.31,-0.619,Orange
0.299,-1.056,1.2,1.207,Watermelon
-0.694,0.456,-0.98,0.206,Banana
0.969,-1.074,-0.531,-1.256,Orange
1.407,-0.885,-0.82,-0.034,Orange
0.843,-1.147,-0.569,-0.012,Orange
0.72,-1.384,0.096,-0.263,Orange
0.948,-0.358,-1.234,-1.164,Grape
1.107,-1.539,1.077,0.736,Watermelon
-0.701,1.191,-0.855,-0.262,Banana
0.964,-1.412,0.987,0.19,Watermelon
-1.539,1.416,-0.871,0.176,Banana
0.682,-0.979,-0.93,-1.12,Grape
1.541,-1.065,1.021,0.514,Watermelon
0.874,-0.938,-0.43,-0.37,Orange
1.114,-0.47,1.051,1.4,Watermelon
0.818,-0.62,-0.813,-0.572,Lemon
0.929,-0.409,-0.723,-0.956,Grape
-0.693,0.803,-0.69,0.656,Banana
-0.763,1.047,-0.75,-0.013,Banana
1.069,-0.895,0.535,1.166,Watermelon
0.563,-1.15,-0.286,-0.456,Orange
1.029,-0.577,-1.287,-0.801,Grape
0.733,1.801,-0.338,-0.71,Apple
0.255,-0.598,-0.743,-0.977,Lemon
1.299,-1.145,-0.071,0.127,Orange
-0.904,1.839,-1.604,0.014,Banana
0.91,-0.209,0.329,0.251,Orange
-1.278,0.763,-1.29,0.026,Banana
1.122,-1.085,-0.639,-0.229,Lemon
-1.582,1.018,-1.384,0.197,Banana
0.795,-1.223,-0.221,-0.123,Orange
0.923,1.13,-0.604,-0.061,Apple
0.928,-1.169,0.722,0.916,Watermelon
1.655,-1.022,-0.701,0.122,Orange
0.835,-0.901,-0.512,0.248,Orange
-1.207,1.489,-1.367,0.197,Banana
1.49,-0.941,1.795,0.906,Watermelon
1.09,-0.333,0.47,0.427,Watermelon
0.722,-0.715,0.437,1.209,Watermelon
1.184,-0.295,0.066,-0.073,Orange
1.476,-0.811,0.839,0.599,Watermelon
0.401,-1.014,-0.539,-1.247,Lemon
-1.077,1.01,-0.808,0.869,Banana
1.065,0.682,-0.936,-0.06,Apple
0.696,-0.297,-0.511,-1.54,Grape
1.194,-0.548,0.057,-0.934,Orange
0.301,-1.448,-0.417,-0.355,Lemon
0.056,-1.105,1.28,1.052,Watermelon
-0.949,0.872,-1.371,0.294,Banana
-0.982,1.215,-0.756,0.33,Banana
1.383,-1.131,0.495,1.167,Watermelon
-0.956,1.174,-1.443,0.927,Banana
-0.751,0.899,-1.327,0.677,Banana
0.614,0.191,-1.215,-0.398,Grape
-1.065,1.553,-1.257,0.307,Banana
0.882,-0.768,-0.215,-0.671,Lemon
1.03,-0.163,-1.247,-0.8,Grape
0.523,-0.928,-0.57,-0.776,Lemon
0.909,-0.949,0.964,1.55,Watermelon
0.953,-0.899,-0.867,-0.788,Lemon
1.691,0.647,-0.26,-0.174,Apple
0.491,-1.351,-0.875,-0.691,Lemon
0.752,-0.535,-0.303,-0.383,Orange
0.637,-0.766,-0.721,-0.184,Lemon
0.555,1.41,-0.303,-0.317,Apple
0.757,-1.43,0.417,0.733,Watermelon
1.206,-1.336,-0.842,-0.518,Orange
0.865,-1.121,0.955,1.361,Watermelon
1.037,-0.298,-1.169,-0.8,Lemon
-0.756,0.841,-0.699,0.372,Banana
-0.447,1.365,-0.629,0.156,Banana
0.966,0.893,-0.827,0.215,Apple
1.261,-1.121,0.157,-0.421,Orange
0.357,-0.647,0.553,0.931,Watermelon
1.072,-0.465,-0.703,-0.797,Grape
0.792,-1.277,-0.497,-1.027,Lemon
1.547,-1.091,-1.121,-1.462,Grape
0.744,1.005,-0.485,0.1,Apple
1.079,-1.162,-0.347,0.227,Orange
1.318,0.601,-0.538,-0.134,Apple
1.124,0.632,-0.038,-0.612,Apple
1.456,-0.815,0.604,0.815,Watermelon
0.809,-0.944,0.929,0.599,Watermelon
-1.488,1.192,-0.9,0.337,Banana
1.095,-1.217,-0.236,0.688,Orange
1.411,-1.101,0.817,-0.001,Watermelon
1.374,-0.725,0.81,0.499,Watermelon
0.196,-0.844,-0.631,-0.258,Lemon
1.03,-0.662,-0.171,0.09,Orange
0.269,0.568,-0.428,0.078,Apple
1.658,0.943,-0.514,-0.984,Apple
1.302,-0.793,0.035,-1.259,Grape
1.737,-0.338,-1.36,-0.919,Grape
-0.73,0.921,-0.707,0.586,Banana
0.809,-1.006,-1.011,-0.527,Lemon
1.062,-1.657,-0.241,-0.234,Orange
0.146,-1.117,-0.709,0.176,Lemon
1.077,-0.637,-0.341,-0.856,Orange
1.235,-1.23,0.883,0.631,Watermelon
1.025,-0.227,-0.674,-0.445,Grape
1.605,-1.716,0.582,0.367,Watermelon
1.221,-0.843,-1.171,-1.076,Grape
1.134,-1.52,0.559,1.0,Watermelon
-0.58,0.991,-1.277,-0.452,Banana
1.333,0.742,-0.702,-0.9,Apple
0.096,-1.336,-0.684,-0.923,Lemon
1.065,-1.086,0.478,-0.797,Orange
1.057,-0.939,0.639,1.033,Watermelon
-0.731,1.034,-0.515,-0.462,Banana
0.305,-0.484,-0.281,-0.311,Lemon
1.432,-1.271,-0.722,-0.627,Grape
0.769,-0.08,1.069,0.233,Watermelon
1.133,-1.252,0.108,-0.008,Orange
-1.209,1.526,-0.671,0.01,Banana
-1.053,1.181,-1.127,0.183,Banana
0.613,-1.373,-1.381,-0.416,Lemon
0.304,0.652,-0.92,-0.877,Apple
-0.851,0.922,-1.09,-0.161,Banana
0.77,1.132,-0.318,-0.012,Apple
1.338,-1.088,-0.948,-0.465,Orange
0.966,-1.272,0.631,1.024,Watermelon
1.851,-1.171,-0.301,-0.659,Orange
-0.565,1.306,-0.718,0.776,Banana
-1.15,0.894,-0.402,0.521,Banana
-0.177,-0.841,-0.804,-0.186,Lemon
1.143,-1.209,-0.906,-0.926,Grape
1.127,-0.799,1.524,1.145,Watermelon
0.608,-0.598,0.185,-0.18,Lemon
1.072,1.151,-0.21,-0.294,Apple
1.358,-1.262,-0.196,-0.544,Lemon
0.482,-0.666,-1.191,-0.798,Grape
1.032,-1.358,0.215,0.182,Orange
1.555,1.083,-0.313,-0.054,Apple
0.798,1.046,-0.361,-0.811,Apple
1.045,-0.754,-1.085,-0.873,Grape
-0.555,0.703,-1.118,0.032,Banana
-1.291,0.792,-1.069,0.505,Banana
-0.888,0.63,-0.547,0.631,Banana
-1.315,1.428,-0.886,0.245,Banana
1.125,-1.009,1.191,1.066,Watermelon
0.882,-1.709,1.185,0.869,Watermelon
0.872,-0.831,-0.722,-0.142,Lemon
1.072,-0.943,0.952,1.589,Watermelon
0.35,-1.113,-1.033,-0.246,Lemon
0.796,-1.165,0.819,1.022,Watermelon
0.562,-1.385,-0.84,-1.74,Grape
-0.701,1.545,-1.057,0.755,Banana
0.992,1.56,-0.46,-1.128,Apple
-1.028,1.598,-0.813,0.12,Banana
1.115,-0.66,-0.33,0.719,Orange
0.819,-0.649,-0.033,-0.445,Orange
0.851,1.356,-0.249,-0.182,Apple
0.427,-0.77,-0.199,-0.222,Orange
1.126,0.857,-0.507,-0.385,Apple
0.838,0.163,-0.681,-1.339,Grape
1.713,-1.151,-0.29,0.114,Orange
0.311,-1.083,-0.501,-0.128,Orange
1.13,-1.027,0.957,1.373,Watermelon
1.106,-0.986,-0.248,0.443,Orange
1.06,-1.18,0.332,0.498,Watermelon
-1.163,0.962,-1.194,0.423,Banana
0.401,-1.32,-0.386,-0.021,Lemon
0.612,-0.915,0.333,0.484,Watermelon
0.794,-0.603,-0.573,-0.486,Orange
0.613,-0.987,-0.875,0.195,Lemon
0.507,-0.96,-0.741,-0.346,Lemon
1.432,-0.418,0.733,1.385,Watermelon
1.192,-0.659,0.968,0.935,Watermelon
1.328,-0.666,0.248,-0.131,Orange
0.963,0.139,-0.864,-0.438,Apple
0.215,-0.715,-1.059,-0.675,Lemon
-1.162,1.422,-1.213,0.458,Banana
1.068,-0.684,1.298,0.988,Watermelon
-1.594,0.919,-1.007,0.4,Banana
0.342,-0.601,-0.595,-0.822,Lemon
0.84,-0.325,1.233,1.367,Watermelon
0.635,-1.241,-0.538,-0.135,Orange
0.939,-1.171,0.873,0.722,Watermelon
0.937,-0.61,0.47,1.121,Watermelon
1.083,-1.064,-0.785,-0.177,Lemon
0.656,-1.008,0.636,0.345,Watermelon
-1.053,0.558,-1.004,0.69,Banana
1.249,-0.967,-0.243,-0.36,Lemon
0.866,0.326,0.269,-0.667,Apple
1.484,-0.812,0.658,1.109,Watermelon
1.747,-0.463,-0.479,-0.449,Orange
0.635,-1.058,-0.18,-0.241,Lemon
0.408,-0.839,-0.363,-0.187,Orange
1.087,1.42,0.042,-0.562,Apple
0.979,0.843,-0.889,-0.338,Apple
1.646,0.401,-0.308,-0.32,Apple
-0.899,0.663,-1.499,-0.183,Banana
1.066,-1.344,-0.775,0.237,Lemon
0.343,-0.88,-0.228,-0.144,Lemon
0.534,-1.25,1.106,1.675,Watermelon
0.733,-0.773,-0.853,-0.783,Grape
1.238,-0.896,-1.186,-0.925,Grape
1.442,-0.683,-1.008,-1.359,Grape
1.652,-0.946,0.077,-0.19,Orange
1.03,-1.525,-1.053,0.238,Orange
0.627,-0.928,-1.037,-0.816,Lemon
1.372,-0.391,0.783,1.235,Watermelon
1.067,-0.642,-0.352,-1.159,Grape
1.034,-0.867,-0.606,-0.02,Lemon
1.102,-0.634,-0.517,-0.563,Grape
1.421,-2.0,-0.146,-0.126,Orange
0.988,1.213,-0.209,-0.063,Apple
0.906,-0.476,1.273,1.19,Watermelon
0.773,-0.595,-0.242,-0.539,Lemon
1.347,-0.939,0.371,0.184,Orange
0.781,-0.184,0.264,1.223,Watermelon
0.756,0.059,-0.912,-1.278,Grape
0.907,0.75,-0.407,-0.415,Apple
0.737,1.095,-0.163,-0.649,Apple
0.42,-0.891,1.186,1.256,Watermelon
1.193,-0.05,-0.651,-0.062,Grape
2.0,0.385,-1.069,-0.303,Apple
1.176,-0.627,-0.754,-1.095,Grape
0.757,-0.79,-1.07,-0.705,Grape
-1.17,0.899,-0.8,0.23,Banana
-0.609,0.678,-1.398,0.407,Banana
0.742,-1.303,-0.13,0.174,Lemon
0.78,1.521,-1.134,0.077,Apple
0.7,-0.658,-0.636,-0.224,Orange
-1.284,0.925,-0.36,0.262,Banana
1.739,0.865,0.222,-0.869,Apple
0.9,-0.788,-0.462,-0.935,Grape
0.269,-1.459,0.646,1.327,Watermelon
1.282,0.895,-0.492,-0.049,Apple
0.205,-0.84,-0.47,-0.596,Lemon
-0.861,1.036,-0.826,-0.167,Banana
-0.785,1.359,-0.888,0.51,Banana
0.562,-0.688,-0.577,-0.902,Lemon
1.287,-1.572,1.099,0.866,Watermelon
0.843,-0.94,-0.548,-0.021,Orange
1.02,-1.216,0.168,-0.128,Orange
1.221,-0.104,-0.51,-0.797,Grape
0.894,-1.5,1.072,1.383,Watermelon
1.124,-2.0,0.005,0.126,Orange
0.895,-0.654,1.22,0.76,Watermelon
1.445,-1.044,-1.02,-1.055,Grape
0.711,1.106,0.159,0.137,Apple
1.253,-1.594,-0.768,-0.142,Orange
0.988,-1.174,0.367,-0.163,Orange
1.19,-0.654,1.019,1.907,Watermelon
0.271,-1.212,-0.93,0.047,Lemon
1.281,0.81,-0.602,0.185,Apple
-0.873,1.494,-1.021,0.479,Banana
1.105,-1.218,-0.35,-0.615,Orange
1.173,-0.334,-0.653,-0.767,Grape
0.955,-0.057,-0.688,-0.514,Grape
1.508,-1.044,-0.164,0.071,Orange
-1.402,0.606,-1.455,0.262,Banana
0.883,0.498,-0.248,-0.333,Apple
1.414,1.705,-0.14,-0.544,Apple
1.226,1.003,-0.384,-0.602,Apple
0.838,-1.062,1.281,1.179,Watermelon
1.639,-0.764,-0.151,-0.307,Orange
0.637,0.801,-0.545,-1.196,Apple
0.247,-0.439,-0.471,-0.632,Lemon
1.139,0.316,-0.201,0.147,Apple
0.958,-1.62,-0.445,0.248,Orange
1.091,0.504,0.529,-0.739,Apple
-1.085,0.637,-1.363,0.142,Banana
1.223,-0.548,0.865,0.646,Watermelon
1.168,-0.422,-0.916,-0.903,Grape
0.561,-0.966,-0.664,-0.125,Lemon
1.38,-0.937,-0.602,-0.41,Lemon
0.77,1.268,-0.146,-0.447,Apple
1.316,-0.993,0.66,1.123,Watermelon
0.683,-0.664,-0.309,-0.538,Lemon
0.835,-0.999,-0.173,-0.031,Orange
-0.895,0.968,-0.651,0.064,Banana
1.468,-0.733,-0.995,-0.435,Lemon
1.27,-0.722,-1.523,-1.364,Grape
1.19,-1.214,-1.507,-0.812,Grape
-1.078,0.756,-1.173,-0.215,Banana
0.77,-1.282,-0.788,-0.379,Lemon
0.91,-1.247,-0.996,-0.071,Orange
1.028,0.819,-0.663,-0.296,Apple
1.168,-0.566,-0.427,-0.753,Grape
0.962,1.258,-0.283,-0.284,Apple
-0.546,0.686,-0.992,0.716,Banana
-0.892,0.871,-1.597,-0.495,Banana
1.727,-0.892,-0.504,-0.078,Orange
0.268,-1.116,-0.929,-0.995,Lemon
0.263,-1.159,-0.643,-1.345,Grape
1.187,-0.665,-0.294,-0.304,Orange
1.047,-0.746,-0.579,-0.343,Grape
1.507,-1.353,-1.153,-0.999,Grape
1.162,-1.605,-0.91,0.257,Orange
0.804,-1.521,-0.686,-0.063,Orange
0.312,-0.915,-0.943,-1.11,Lemon
1.499,1.139,-0.417,-0.482,Apple
1.513,-0.793,1.401,0.796,Watermelon
1.018,-0.459,-1.193,-1.033,Grape
0.796,1.14,-0.762,-0.1,Apple
1.109,0.929,-0.143,-0.428,Apple
0.765,-0.41,-0.795,-1.178,Grape
0.392,-1.064,-0.793,0.034,Lemon
-0.889,1.005,-1.326,0.559,Banana
0.786,-1.228,-0.03,-0.064,Orange
-1.876,0.945,-0.956,0.181,Banana
1.056,0.367,-1.291,-0.641,Apple
1.099,-2.0,-0.595,-0.873,Orange
0.915,-0.315,-0.376,-0.238,Orange
1.294,-0.593,-1.075,-0.676,Grape
1.165,-0.899,-0.349,-0.321,Orange
1.321,-1.118,0.131,-0.567,Orange
1.502,-0.835,-0.639,-0.022,Orange
-1.228,1.012,-1.17,0.253,Banana
1.33,-0.819,0.606,0.626,Watermelon
1.095,-0.48,-1.236,-0.443,Grape
1.285,-1.219,0.747,0.92,Watermelon
-1.116,1.44,-0.655,0.312,Banana
1.237,-0.312,-0.98,-0.859,Grape
1.208,-0.829,0.727,0.763,Watermelon
0.899,0.753,-0.816,-0.063,Apple
1.121,-1.069,-1.084,-1.065,Grape
1.064,0.621,-0.774,-0.118,Apple
-1.537,0.919,-1.114,0.257,Banana
1.088,-0.441,0.44,1.307,Watermelon
-0.279,-0.512,-1.315,0.353,Lemon
-1.136,1.452,-0.621,0.147,Banana
0.874,-0.893,-0.724,-1.148,Grape
-1.287,1.188,-1.314,0.185,Banana
1.037,-1.225,0.828,1.537,Watermelon
0.929,-0.726,-1.061,-0.841,Grape
0.238,-0.85,-0.51,-1.126,Lemon
1.228,-0.489,-0.88,-0.893,Lemon
1.08,-1.099,-0.523,-1.164,Grape
-0.432,0.711,-1.039,0.744,Banana
0.487,-0.905,-0.218,-0.695,Lemon
0.558,-1.111,-0.796,-0.864,Grape
-0.628,0.904,-1.501,-0.523,Banana
2.0,-0.816,1.048,1.098,Watermelon
0.099,-1.278,0.01,-0.27,Lemon
-1.267,0.571,-1.18,0.19,Banana
1.717,-0.666,-1.416,-1.021,Grape
1.093,-1.448,1.141,1.423,Watermelon
-0.951,0.721,-1.185,-0.281,Banana
-1.047,1.109,-1.314,0.979,Banana
-0.723,0.373,-1.62,-0.044,Banana
1.551,-0.288,-0.432,-0.996,Grape
0.527,-1.437,-0.478,-0.569,Lemon
0.518,-0.434,-0.644,-0.034,Lemon
0.444,0.341,-1.131,-0.752,Grape
-0.697,0.826,-0.713,0.605,Banana
0.35,-1.245,-0.584,-0.54,Lemon
1.488,1.246,-0.325,-0.088,Apple
0.284,0.785,-0.199,0.09,Apple
1.07,-0.09,-0.696,-1.171,Grape
0.951,-0.457,-1.157,-0.464,Grape
0.212,-0.889,-0.343,-0.61,Lemon
0.811,0.973,-0.016,-0.475,Apple
0.626,1.403,-0.16,0.053,Apple
1.266,0.163,-0.61,-1.253,Grape
-0.835,0.805,-1.159,-0.194,Banana
-1.1,1.191,-1.023,-0.085,Banana
0.467,1.739,-0.186,-0.588,Apple
1.162,-0.234,1.217,0.025,Watermelon
-0.072,0.353,-1.072,-0.097,Banana
0.741,-0.5,-1.725,-1.032,Grape
1.002,-1.295,-1.087,-0.549,Lemon
0.882,0.792,-0.716,-0.118,Apple
1.208,-1.373,-0.625,-0.152,Orange
0.662,-0.937,0.214,-0.221,Orange
0.575,-0.463,-1.062,-1.053,Grape
1.166,1.242,-0.288,-0.321,Apple
1.722,-0.58,1.292,1.046,Watermelon
0.648,1.395,-0.249,-0.502,Apple
0.915,-1.338,0.07,0.039,Orange
1.064,-0.615,-1.238,-1.746,Grape
0.105,-1.26,-0.913,-0.399,Lemon
0.884,-1.045,-0.107,-0.774,Lemon
0.953,0.982,0.082,-0.263,Apple
1.047,-1.579,-0.615,0.184,Orange
0.274,-0.53,-0.125,-0.462,Orange
-1.291,1.664,-0.506,0.258,Banana
0.647,-1.226,-0.553,-0.736,Lemon
0.573,-0.366,-0.633,-0.867,Lemon
0.122,-0.956,-0.866,-0.414,Lemon
-1.567,1.242,-1.371,0.316,Banana
-1.118,1.601,-0.94,0.981,Banana
0.796,-0.501,-0.673,-0.379,Lemon
1.427,1.317,-0.114,-0.415,Apple
0.944,-0.202,-0.529,-1.208,Grape
0.74,-1.316,-0.01,-0.525,Orange
1.286,-0.809,-0.491,0.347,Orange
0.488,1.581,-0.188,-1.026,Apple
1.557,-0.26,-1.15,-1.338,Grape
0.451,-0.155,-0.623,-0.642,Orange
1.094,-1.173,-1.344,-0.652,Grape
-0.838,0.865,-0.994,0.145,Banana
0.978,-1.267,-0.503,-0.414,Orange
0.346,-0.635,-0.33,-0.826,Lemon
0.182,-1.055,0.154,-0.86,Lemon
0.544,-0.969,-0.638,-0.66,Lemon
-0.596,1.159,-0.704,0.506,Banana
0.913,-0.445,-0.134,0.314,Lemon
1.026,-1.234,-0.303,-0.251,Lemon
1.272,-1.339,-0.405,-0.738,Lemon
1.179,-1.075,1.168,0.506,Watermelon
1.278,-0.528,-0.947,-0.317,Grape
0.466,-0.88,-0.565,-0.431,Lemon
1.778,-0.578,-1.199,-0.345,Grape
-1.108,0.438,-1.259,-0.136,Banana
0.37,-0.727,-1.025,-0.587,Grape
1.22,-0.796,0.687,1.31,Watermelon
1.487,-0.862,-0.152,-0.643,Orange
1.369,1.623,-0.187,-0.508,Apple
0.943,-1.147,-0.426,0.027,Orange
1.098,-0.249,-0.87,-1.302,Grape
-1.175,0.803,-1.065,0.928,Banana
1.684,1.293,-0.258,-0.777,Apple
1.077,0.723,0.271,-0.862,Apple
1.135,0.694,-0.303,-0.067,Apple
-0.642,0.979,-0.734,0.068,Banana
-0.914,1.351,-0.884,0.115,Banana
-1.098,1.355,-1.382,-0.031,Banana
1.211,-1.154,-0.809,0.273,Orange
0.615,0.93,-0.517,-0.404,Apple
0.69,-0.75,-0.261,0.144,Orange
0.787,-0.253,-0.967,-0.755,Orange
-0.386,1.166,-0.881,0.451,Banana
-0.8,1.105,-1.338,0.586,Banana
1.231,1.5,0.317,-0.184,Apple
0.57,0.02,-1.356,-0.882,Grape
-1.09,0.849,-0.732,0.386,Banana
0.78,-1.285,-0.661,-0.769,Lemon
0.93,0.958,0.346,-0.391,Apple
-1.744,1.488,-0.843,0.254,Banana
0.847,-1.331,0.378,-0.182,Orange
0.392,-0.885,1.422,1.055,Watermelon
0.684,-1.347,0.679,1.533,Watermelon
0.975,-1.588,-0.166,-0.151,Orange
0.843,-1.357,-0.672,0.18,Orange
1.087,-0.432,-0.914,-0.885,Grape
0.836,-1.072,1.408,1.495,Watermelon
0.172,-1.073,-0.306,0.159,Lemon
-0.376,0.721,-0.554,0.321,Banana
1.366,-0.724,0.558,1.192,Watermelon
1.352,-0.607,-1.086,-1.55,Grape
1.239,-0.527,-1.323,-1.114,Grape
1.054,0.804,-0.299,-0.912,Apple
1.472,-0.994,0.615,0.139,Watermelon
1.36,-0.805,1.074,1.302,Watermelon
1.301,-0.932,-0.389,-0.346,Orange
1.147,-0.511,-0.336,0.317,Orange
0.731,-0.867,0.242,0.078,Lemon
-0.412,0.721,-0.233,0.271,Banana
-1.08,0.244,-0.886,-0.079,Banana
0.743,-1.407,0.029,-0.307,Lemon
1.798,-1.358,1.542,0.369,Watermelon
1.073,-1.221,0.843,0.819,Watermelon
0.68,-1.441,-0.455,-0.159,Orange
1.407,-0.897,0.108,-0.717,Orange
0.848,1.249,-0.18,-0.601,Apple
0.927,-1.186,-0.872,-0.33,Lemon
0.602,-1.183,-0.795,-0.874,Lemon
-1.139,1.385,-0.914,0.636,Banana
0.781,-1.214,-1.177,-0.824,Lemon
0.765,0.738,0.043,0.04,Apple
1.774,-1.267,1.559,1.557,Watermelon
0.519,-0.834,-0.166,-0.521,Lemon
0.952,-1.22,0.174,1.025,Watermelon
0.752,0.624,-0.152,-0.808,Apple
1.282,-0.431,-1.14,-1.022,Grape
-1.417,1.263,-0.934,0.392,Banana
-0.824,0.775,-1.532,0.635,Banana
1.241,-1.187,-0.157,0.24,Orange
0.999,-1.198,-1.121,-0.961,Lemon
-1.109,1.512,-1.255,0.091,Banana
0.784,0.814,-0.304,-0.748,Apple
1.38,-1.051,0.568,-0.611,Orange
1.556,-0.513,0.856,0.862,Watermelon
0.678,-0.918,-1.0,-0.993,Grape
0.439,0.203,-1.091,-0.977,Grape
0.781,0.907,-0.425,-0.301,Apple
-1.005,1.282,-0.92,0.546,Banana
0.997,-0.919,0.916,1.351,Watermelon
1.113,-1.055,-0.366,-0.238,Orange
1.011,0.98,-0.496,-0.032,Apple
1.29,1.624,-0.511,-0.067,Apple
-1.668,1.29,-1.51,-0.045,Banana
1.116,0.782,-0.565,-0.47,Apple
-0.745,0.673,-1.019,0.167,Banana
1.287,-0.303,-1.642,-0.634,Grape
0.786,-0.517,-1.329,-0.87,Grape
1.893,1.045,-0.461,-0.381,Apple
0.486,-0.493,1.11,0.633,Watermelon
0.244,-0.995,-0.274,-0.903,Lemon
1.39,-1.032,0.674,0.836,Watermelon
1.212,-1.486,-0.856,-0.167,Lemon
1.076,-1.277,1.338,1.354,Watermelon
1.116,0.786,-0.46,-0.2,Apple
0.541,-0.535,1.595,0.917,Watermelon
1.125,-0.585,1.684,1.545,Watermelon
0.393,-0.71,-0.825,-1.173,Grape
1.624,-0.03,-1.286,-1.057,Grape
0.738,-1.068,0.921,1.334,Watermelon
0.289,-1.916,-1.162,-0.86,Lemon
-1.229,1.066,-1.378,-0.124,Banana
-1.325,0.61,-1.194,0.091,Banana
-0.759,0.654,-1.125,0.109,Banana
1.283,-1.054,0.068,-0.603,Orange
-1.017,0.798,-1.429,0.276,Banana
1.607,-1.299,-0.345,-0.659,Orange
-1.511,0.724,-1.157,0.158,Banana
0.921,-1.577,0.781,1.176,Watermelon
0.525,-1.124,-0.198,-0.474,Orange
1.12,-1.132,-0.689,-0.872,Grape
1.019,-0.206,-1.115,-1.216,Grape
1.48,-0.356,-0.543,-0.24,Orange
-0.634,0.973,-0.792,0.573,Banana
0.803,-0.453,-1.002,-1.426,Grape
0.654,-0.828,-0.675,-0.664,Grape
1.262,-0.446,-0.856,-0.903,Grape
0.743,-0.834,-1.092,-0.777,Lemon
0.64,-0.212,-0.421,-1.759,Grape
1.148,-0.97,-0.246,-0.323,Lemon
1.504,-0.927,-0.777,-0.237,Orange
1.18,-1.076,-0.07,-0.223,Orange
-1.208,0.62,-1.137,0.372,Banana
-1.686,0.727,-1.699,0.084,Banana
1.419,-1.015,-0.754,-0.003,Grape
1.509,-0.553,-0.7,-1.479,Grape
0.449,-0.59,-0.86,-0.617,Grape
-1.199,1.068,-0.944,0.254,Banana
0.975,-1.299,-0.202,-0.132,Orange
-1.154,1.233,-0.64,0.537,Banana
0.235,-0.965,-0.919,-0.466,Lemon
-1.318,1.447,-0.726,0.704,Banana
1.368,-1.095,0.851,1.61,Watermelon
0.942,0.526,0.053,-0.25,Apple
1.127,-0.915,-0.607,0.034,Lemon
0.062,-1.205,-0.911,-1.268,Lemon
1.306,-1.195,1.317,1.136,Watermelon
-0.788,0.841,-1.267,0.331,Banana
1.322,-1.018,0.754,0.58,Watermelon
-0.929,0.806,-1.025,0.216,Banana
0.844,1.103,-0.106,0.388,Apple
-0.735,1.558,-1.287,-0.26,Banana
0.995,-0.7,1.245,1.424,Watermelon
0.112,1.439,-0.183,-0.84,Apple
1.253,-0.941,1.133,1.35,Watermelon
-0.849,0.485,-1.05,-0.266,Banana
1.227,-0.511,0.565,0.765,Watermelon
0.691,-1.159,1.144,0.845,Watermelon
1.228,-0.627,0.086,-0.591,Orange
1.085,-0.487,-0.057,-0.555,Lemon
0.737,-0.944,-1.386,-0.996,Grape
1.297,-0.543,0.83,0.986,Watermelon
0.964,-1.222,1.258,1.127,Watermelon
1.05,-0.875,-0.085,0.012,Orange
0.707,1.314,-0.211,-0.452,Apple
1.082,-0.479,-0.621,-1.366,Grape
1.464,-0.592,-1.177,-1.188,Grape
0.65,-1.609,-0.063,0.493,Orange
-1.566,0.667,-0.737,0.284,Banana
1.292,-1.036,0.797,0.921,Watermelon
0.166,-1.4,1.332,1.417,Watermelon
1.492,-0.846,0.21,0.778,Watermelon
1.064,-0.432,-0.123,-0.583,Lemon
-1.457,0.986,-0.995,0.848,Banana
1.08,-0.594,-0.974,-0.86,Grape
1.219,0.746,-0.67,0.18,Apple
0.426,1.573,-0.969,-0.505,Apple
1.34,-1.0,-0.761,-0.051,Orange
1.023,-0.676,-1.218,-1.012,Grape
0.796,-0.148,0.916,0.869,Watermelon
0.81,-0.378,0.426,1.126,Watermelon
0.916,-1.498,-0.587,-0.089,Orange
0.697,-0.909,0.305,-0.14,Orange
0.491,0.704,-0.4,-0.423,Apple
1.053,-0.491,-0.394,-1.001,Grape
0.597,1.404,0.142,-0.219,Apple
-1.086,1.218,-1.074,-0.419,Banana
-0.803,1.312,-0.496,0.044,Banana
1.079,-0.513,-0.97,-0.96,Grape
-0.987,1.074,-0.741,0.727,Banana
0.735,0.94,-0.448,-0.498,Apple
0.434,1.008,-0.132,-0.354,Apple
0.997,-0.454,-0.506,-1.147,Grape
0.59,-0.632,-0.341,-1.406,Grape
1.228,-0.595,-1.128,-0.056,Orange
-0.789,0.906,-1.226,0.093,Banana
0.885,-1.106,-0.472,-0.321,Orange
1.417,-1.425,-0.912,0.222,Orange
-1.067,0.864,-1.039,0.373,Banana
0.817,1.177,-0.637,-0.406,Apple
-1.775,1.41,-1.062,0.535,Banana
1.167,1.192,-0.303,-0.164,Apple
0.664,-1.01,-1.035,-1.238,Grape
1.099,-0.869,-0.851,-0.595,Lemon
1.047,-1.024,1.095,1.024,Watermelon
0.513,-1.353,-1.131,-0.804,Grape
0.873,-0.567,0.984,1.475,Watermelon
1.403,-0.632,-0.721,-0.194,Orange
-0.572,1.095,-0.806,-0.186,Banana
1.672,-1.277,0.302,0.877,Watermelon
-1.857,0.62,-0.105,0.167,Banana
0.5,-0.991,0.686,1.303,Watermelon
0.689,-0.505,-1.401,-0.09,Grape
1.176,-1.051,0.897,0.806,Watermelon
0.734,-1.276,0.287,-0.393,Orange
0.255,-1.008,-0.675,-1.088,Grape
0.553,-0.591,-0.872,-0.279,Lemon
0.366,-0.798,-0.737,-0.585,Lemon
1.287,-0.738,0.942,0.835,Watermelon
1.16,-0.794,-0.737,-0.729,Lemon
1.359,1.04,-0.357,-0.26,Apple
-0.882,0.98,-0.579,0.741,Banana
1.186,-0.519,-0.297,0.042,Orange
0.952,-0.643,-0.279,-0.279,Lemon
1.685,-1.189,-0.354,-0.275,Orange
-1.129,0.304,-0.519,-0.059,Banana
0.659,-1.498,-0.383,-0.775,Lemon
0.202,-0.932,-0.845,-0.701,Lemon
0.66,-0.72,-0.886,-0.847,Lemon
0.608,-0.811,-0.088,-0.875,Lemon
0.489,-0.588,0.091,-0.848,Lemon
0.741,-0.867,-0.502,-0.466,Orange
-0.914,1.542,-1.458,0.824,Banana
0.799,1.121,0.257,-0.186,Apple
-1.104,1.251,-1.061,0.482,Banana
0.928,-0.699,-0.788,-0.555,Orange
0.507,0.98,-0.835,-0.542,Apple
0.212,-0.482,-0.947,-0.95,Lemon
-0.913,1.59,-1.041,0.286,Banana
-0.548,1.307,-0.851,0.096,Banana
1.16,-1.076,-1.218,-0.499,Grape
1.456,-0.847,0.325,0.577,Watermelon
0.762,0.94,-0.738,-0.386,Apple
1.619,-0.46,-0.923,-1.356,Grape
0.426,0.57,-0.888,-0.274,Apple
1.134,-1.338,-0.248,0.314,Orange
1.685,-0.33,-1.061,-0.742,Grape
1.473,-1.703,0.219,-0.391,Orange
0.813,-0.724,-0.888,-1.389,Grape
0.9,-0.816,-0.224,-0.067,Orange
0.887,-0.757,1.37,1.349,Watermelon
1.15,1.329,0.005,0.637,Apple
1.426,-1.031,0.681,0.909,Watermelon
0.484,-0.821,-0.845,-0.083,Lemon
0.514,0.429,-0.347,-0.595,Apple
0.56,-1.223,-0.567,-0.196,Orange
0.783,-1.189,-0.302,0.155,Orange
1.515,1.052,-0.221,-0.364,Apple
-0.832,1.137,-0.536,-0.361,Banana
-1.082,1.119,-1.009,-0.029,Banana
0.545,-0.718,-0.565,-0.814,Orange
-0.7,1.161,-1.041,-0.02,Banana
0.96,-0.175,-1.565,-1.547,Grape
0.78,-1.009,0.826,1.225,Watermelon
1.381,-0.502,-0.804,-0.905,Grape
1.003,-1.453,-0.66,-0.673,Orange
0.948,1.081,-0.807,-0.275,Apple
0.694,-1.374,0.781,0.608,Watermelon
1.212,-1.059,-0.015,-0.355,Orange
0.858,0.056,-1.568,-0.55,Grape
-0.421,1.268,-1.116,0.799,Banana
0.887,-1.247,0.864,0.8,Watermelon
0.669,1.389,-0.571,-0.31,Apple
0.495,-0.989,0.595,0.587,Watermelon
-1.038,1.37,-0.846,0.478,Banana
0.955,-1.117,-0.023,-0.397,Orange
1.292,1.433,-0.594,-0.543,Apple
0.809,0.487,-0.464,0.156,Apple
0.634,-0.136,-1.152,-0.26,Grape
0.361,-1.05,-0.919,-0.741,Lemon
1.468,-0.834,1.36,0.54,Watermelon
1.229,-1.34,-0.768,-0.116,Orange
1.08,-0.981,1.251,1.306,Watermelon
1.514,-1.417,1.526,1.659,Watermelon
-1.128,0.416,-1.484,0.138,Banana
1.705,1.006,-0.516,-0.54,Apple
0.137,-0.694,-0.632,0.235,Lemon
1.22,-0.31,-1.085,-1.382,Grape
0.694,0.521,0.019,-0.435,Apple
1.333,-0.552,-1.102,-1.409,Grape
-0.894,0.923,-0.684,0.05,Banana
0.816,-0.426,-0.505,-0.225,Lemon
0.8,-0.336,-0.47,-0.255,Lemon
0.987,-1.271,0.577,1.443,Watermelon
0.647,-0.739,-0.154,0.121,Orange
0.82,-0.877,-0.868,-1.102,Grape
0.569,-0.322,-0.577,-0.548,Orange
0.515,-0.561,-1.358,-0.091,Lemon
0.281,-0.907,-0.837,0.197,Lemon
1.044,-1.248,-0.405,-0.169,Orange
1.062,-0.846,1.0,0.518,Watermelon
0.881,-0.788,-0.534,0.035,Orange
-0.989,0.924,-0.582,-0.308,Banana
0.764,-0.569,0.341,0.6,Orange
1.018,1.16,-0.014,0.146,Apple
1.11,-0.676,-0.139,-0.017,Orange
-1.321,0.885,-1.183,-0.116,Banana
-1.578,0.852,-1.092,0.337,Banana
1.195,-0.534,-1.09,-1.32,Grape
1.307,-1.036,0.848,0.935,Watermelon
-1.256,0.814,-1.197,0.199,Banana
0.83,-0.858,-0.059,-0.076,Lemon
1.685,-0.804,1.19,0.829,Watermelon
1.289,-1.23,-0.815,0.334,Orange
-1.437,1.154,-1.308,0.694,Banana
1.442,-0.815,1.436,1.003,Watermelon
1.782,-0.739,-0.615,-0.176,Orange
0.947,0.912,-0.88,-0.165,Apple
-1.485,0.116,-1.12,0.035,Banana
0.698,-2.0,0.702,0.939,Watermelon
0.778,-0.864,1.487,1.181,Watermelon
1.359,1.388,-0.657,-0.146,Apple
0.948,-1.153,-0.877,-0.314,Lemon
-1.519,0.619,-1.233,0.458,Banana
-0.923,1.361,-1.323,-0.041,Banana
1.183,-1.28,-0.511,-0.85,Orange
1.102,-0.461,-0.66,0.158,Orange
-1.021,0.382,-1.313,-0.035,Banana
0.889,-0.853,1.647,0.499,Watermelon
0.83,0.686,-0.744,-0.267,Apple
1.001,-1.635,-0.294,-0.622,Orange
1.004,-0.556,-0.138,-0.138,Orange
-1.185,1.023,-0.803,0.462,Banana
0.565,-0.924,-1.061,-0.757,Lemon
1.248,1.295,-0.267,0.218,Apple
1.178,-1.082,-0.727,0.304,Orange
-0.73,1.629,-0.242,-0.15,Banana
0.55,-1.602,-0.679,-0.77,Grape
0.634,-1.429,-0.631,-0.435,Lemon
1.274,-0.904,1.232,0.957,Watermelon
1.014,-0.779,-1.015,-0.014,Lemon
1.429,-0.437,-0.902,-0.419,Grape
0.428,-0.566,0.833,1.383,Watermelon
1.042,-1.035,-1.174,-0.642,Grape
0.926,-1.218,0.78,1.225,Watermelon
1.613,-1.749,1.98,1.071,Watermelon
1.203,-1.153,0.999,1.067,Watermelon
0.633,-1.282,0.115,-0.743,Orange
1.154,0.87,-0.636,0.39,Apple
0.666,-1.396,-0.365,-0.469,Orange
1.002,-0.946,1.082,0.957,Watermelon
-1.246,1.225,-1.039,0.127,Banana
1.118,-1.042,-0.218,-0.071,Lemon
1.051,-0.758,-0.6,-0.522,Lemon
0.915,-1.358,-0.748,-0.914,Grape
1.289,-1.041,1.233,0.518,Watermelon
0.591,-1.467,-1.047,-1.27,Grape
0.684,-0.483,-1.149,-1.502,Grape
1.891,0.987,-0.679,-0.534,Apple
0.939,-1.061,1.456,0.972,Watermelon
1.249,-1.151,-0.451,-0.142,Lemon
1.418,-0.541,-0.395,-0.202,Orange
0.132,-1.069,1.382,1.314,Watermelon
-1.03,1.595,-1.134,0.049,Banana
0.836,-1.393,-0.082,-0.099,Orange
1.213,-1.145,0.98,0.238,Watermelon
-0.868,1.035,-1.385,0.263,Banana
0.91,-0.382,-0.671,-0.084,Orange
0.218,-1.195,-0.503,-0.574,Lemon
0.998,-0.884,0.827,1.309,Watermelon
0.893,0.966,-0.174,-0.221,Apple
0.825,-0.889,-0.436,-0.614,Lemon
0.626,-1.1,-1.585,-0.383,Grape
-0.174,-0.582,-0.887,-0.085,Lemon
-1.771,0.918,-0.491,0.55,Banana
0.882,-1.28,-1.463,-0.514,Grape
0.478,-1.025,-0.501,-0.956,Lemon
-0.857,0.853,-0.897,0.098,Banana
0.449,-1.15,-0.076,-0.062,Orange
1.011,1.314,-0.371,-0.28,Apple
0.832,-0.665,-0.198,-0.395,Orange
-1.521,1.387,-1.26,0.325,Banana
1.423,-0.719,-0.036,-0.688,Lemon
0.975,-0.991,-0.472,0.207,Lemon
0.902,-0.993,-0.616,0.111,Orange
0.804,-0.242,-1.577,-0.808,Grape
0.775,-0.744,-0.305,-0.387,Orange
0.865,-0.898,-0.707,-1.367,Grape
0.907,1.121,0.265,-0.303,Apple
0.915,-0.904,-1.026,-0.62,Orange
0.869,-1.25,0.44,1.3,Watermelon
1.091,1.049,-0.543,-0.272,Apple
-0.82,0.907,-0.844,0.021,Banana
-0.966,1.4,-0.569,0.765,Banana
-0.9,1.011,-1.157,-0.333,Banana
0.129,-1.059,-0.638,-0.006,Lemon
1.46,-1.24,1.286,0.833,Watermelon
1.239,-0.318,-0.565,-1.172,Grape
0.955,-1.655,-0.146,-0.509,Lemon
0.999,-1.713,0.864,1.474,Watermelon
0.851,1.25,-0.288,0.072,Apple
1.067,0.674,-0.28,0.26,Apple
1.174,-1.041,0.49,0.206,Orange
1.286,-0.489,-0.744,-0.733,Grape
0.236,-0.862,-0.356,-0.375,Orange
0.932,-1.545,-0.932,0.236,Orange
1.162,-1.845,-0.502,0.108,Orange
0.902,-0.164,-0.633,-1.475,Grape
0.95,0.843,-0.786,-0.809,Apple
0.718,-1.224,-0.201,0.165,Orange
0.78,-0.737,-0.693,-0.289,Lemon
0.948,-0.755,-0.336,-1.816,Grape
-0.056,-0.866,-0.693,-1.003,Lemon
0.631,-0.924,-0.688,-0.576,Grape
1.574,-1.556,-0.778,-0.702,Orange
1.451,-0.454,-0.972,-0.92,Grape
-1.02,0.608,-0.82,0.235,Banana
-1.42,1.201,-1.149,0.38,Banana
0.956,-0.688,-0.223,-0.509,Orange
0.713,-0.876,-0.421,-0.137,Lemon
0.784,1.234,-0.904,-0.342,Apple
0.904,-0.493,-0.355,0.013,Orange
0.383,-1.123,-0.596,0.666,Orange
-1.233,1.026,-0.956,-0.256,Banana
0.816,1.142,-0.27,-1.105,Apple
0.802,-0.643,-0.094,0.226,Orange
0.655,1.448,-0.316,0.257,Apple
1.001,-1.717,-0.003,-0.355,Orange
-1.132,0.491,-0.432,0.118,Banana
1.151,-1.151,-0.925,-0.038,Lemon
0.974,-1.022,-0.749,-0.36,Orange
1.15,-1.455,0.811,0.853,Watermelon
1.023,-0.482,-0.405,-0.442,Orange
1.961,0.848,-0.367,-0.425,Apple
0.903,-0.973,1.322,1.141,Watermelon
-0.623,1.365,-0.927,0.432,Banana
1.388,-1.389,1.874,0.821,Watermelon
0.877,0.576,-0.714,0.041,Apple
1.795,-0.799,-0.878,-0.923,Grape
0.95,-0.223,-0.068,-0.584,Lemon
1.185,-0.78,-0.307,-0.584,Orange
0.32,-0.598,-0.162,-0.573,Lemon
-0.909,1.419,-1.596,0.144,Banana
1.706,-0.495,-1.395,-0.959,Grape
1.358,0.109,-0.238,-0.43,Apple
0.425,-0.571,-1.048,-1.008,Grape
0.878,-0.957,-1.509,-1.242,Grape
1.301,1.082,-0.324,-0.664,Apple
-1.131,1.258,-0.823,0.133,Banana
0.086,0.764,-0.469,-0.617,Apple
0.855,-0.314,-1.013,-0.654,Grape
0.072,-1.107,-1.279,-0.649,Lemon
0.234,-0.552,-0.457,-0.145,Lemon
-1.15,0.643,-1.368,0.393,Banana
1.634,1.144,-0.431,-0.366,Apple
0.989,-0.291,1.432,1.091,Watermelon
1.038,-0.495,-0.827,-1.145,Grape
0.305,-0.639,-0.592,-0.168,Lemon
1.576,-0.818,1.125,2.0,Watermelon
1.072,0.618,-0.398,0.243,Apple
0.147,-1.263,-0.213,-0.595,Lemon
0.561,-0.624,-0.851,-1.014,Lemon
0.514,-0.796,-0.209,-0.442,Orange
0.594,-1.095,1.391,0.707,Watermelon
0.368,-1.417,-0.729,-0.382,Lemon
1.34,-0.924,-0.619,-0.198,Lemon
1.244,0.798,0.506,-0.309,Apple
0.683,-0.807,-0.479,0.034,Lemon
0.794,-0.726,1.058,1.344,Watermelon
0.925,0.877,-0.044,-0.175,Apple
0.713,-0.529,1.256,0.974,Watermelon
0.436,-0.873,-0.369,-1.058,Lemon
1.131,-0.372,-1.823,-0.931,Grape
0.843,-0.797,-0.319,-0.615,Lemon
0.636,0.37,0.082,-0.054,Apple
1.409,-1.254,1.281,0.474,Watermelon
0.696,-0.956,1.232,1.588,Watermelon
0.916,-1.303,-0.621,-0.441,Orange
1.777,-0.335,-0.611,-1.084,Grape
0.999,-0.755,0.823,0.898,Watermelon
0.364,-1.157,-0.583,-0.788,Lemon
-0.9,1.1,-1.063,0.01,Banana
1.037,-1.177,-0.284,0.184,Orange
-1.439,1.761,-1.025,0.444,Banana
0.737,-0.6,-0.344,-0.338,Orange
0.799,-1.094,-0.154,-0.14,Orange
0.986,-1.249,0.731,0.839,Watermelon
1.161,1.232,-0.021,-0.301,Apple
1.134,-0.659,-1.61,-1.076,Grape
0.469,-1.364,-0.799,-0.453,Lemon
-1.397,0.751,-0.458,-0.261,Banana
0.536,-1.408,-0.863,-0.569,Lemon
0.254,-0.799,-0.127,-0.205,Lemon
0.959,-1.483,-0.685,-0.336,Lemon
1.305,-0.386,0.074,0.114,Orange
1.522,-0.966,-0.701,-0.438,Lemon
0.68,1.024,-0.904,-0.485,Apple
0.96,-0.668,1.389,0.663,Watermelon
-0.273,1.052,-0.916,-0.266,Banana
0.783,-0.233,-0.941,-0.962,Grape
1.08,-1.505,0.966,1.493,Watermelon
1.38,-1.044,0.247,-0.641,Orange
0.66,0.052,-0.798,-1.101,Grape
0.981,-1.282,1.097,1.069,Watermelon
1.007,-1.406,-0.207,-0.385,Orange
-1.345,1.443,-0.241,0.98,Banana
1.228,0.907,-0.325,-0.158,Apple
-1.147,1.462,-1.713,0.196,Banana
0.88,-1.296,-0.684,-0.292,Lemon
1.531,-1.453,0.521,0.669,Watermelon
0.062,-1.513,-0.94,-0.068,Lemon
0.891,-0.589,-1.334,-0.778,Grape
1.257,-1.311,0.004,-0.372,Lemon
0.606,-0.86,-0.463,0.15,Lemon
-0.818,1.189,-1.148,0.594,Banana
0.265,-0.962,0.409,-1.376,Lemon
1.082,1.095,-0.38,-0.372,Apple
0.632,-1.088,-0.522,-0.671,Lemon
1.308,-1.088,-0.401,-0.734,Lemon
1.327,1.257,-0.153,-0.66,Apple
0.737,-0.41,-0.567,0.024,Orange
0.669,-0.647,0.76,0.663,Watermelon
0.751,-1.194,1.142,1.024,Watermelon
0.617,-1.01,-0.7,0.025,Orange
1.289,-0.608,-0.905,-0.387,Grape
0.945,0.67,-0.097,-0.696,Apple
0.926,-1.21,-0.546,-0.288,Orange
-0.685,1.387,-0.676,0.418,Banana
0.91,0.175,-0.171,-1.098,Apple
0.327,0.943,-0.207,-0.458,Apple
1.137,-0.838,-0.687,-0.015,Lemon
1.548,-0.421,-1.271,-1.193,Grape
0.494,0.985,-0.668,-0.415,Apple
0.691,-1.694,-1.042,-0.677,Lemon
0.982,-1.173,-0.395,-0.447,Orange
0.093,-1.187,-0.675,-0.609,Lemon
1.039,-0.853,-0.061,-0.422,Orange
0.448,-0.555,1.135,0.666,Watermelon
1.097,-0.626,0.305,-0.112,Orange
1.371,-1.423,0.987,0.883,Watermelon
1.12,-0.436,1.087,0.672,Watermelon
0.158,-0.424,-0.42,-0.343,Lemon
0.88,-0.506,-1.345,-0.864,Grape
-1.411,0.874,-1.225,-0.84,Banana
0.479,-1.315,-0.674,-0.499,Lemon
1.619,-0.893,1.117,1.173,Watermelon
-0.695,1.159,-0.901,0.549,Banana
0.151,0.131,-0.444,-0.924,Grape
-1.495,1.424,-1.243,0.487,Banana
0.551,0.179,-1.505,-0.976,Grape
-0.143,-1.014,-0.749,-0.102,Lemon
0.851,-0.601,0.642,0.901,Watermelon
0.908,-0.827,1.129,1.253,Watermelon
0.693,-0.769,-0.914,-0.364,Lemon
1.563,0.412,-0.129,-0.063,Apple
1.511,1.254,-0.265,-0.149,Apple
0.743,-1.136,-0.767,0.32,Orange
1.158,-1.321,-0.205,0.206,Orange
1.347,-0.925,-2.0,-0.862,Grape
0.69,1.218,0.033,0.09,Apple
1.611,-0.567,1.612,1.483,Watermelon
1.513,0.986,-0.751,0.569,Apple
1.022,-0.17,-1.193,-0.663,Grape
0.144,-1.144,0.966,1.162,Watermelon
1.375,-1.383,-0.069,0.229,Orange
1.821,-0.353,-1.161,-1.445,Grape
1.64,1.258,-0.308,-0.867,Apple
0.674,-0.779,1.124,0.319,Watermelon
1.221,-1.549,1.474,1.073,Watermelon
0.838,1.347,-0.176,0.164,Apple
1.028,-0.951,-0.4,-0.108,Orange
1.194,-1.176,-0.373,-0.808,Lemon
0.277,1.073,-0.17,-0.339,Apple
0.076,-0.893,-0.507,-0.811,Lemon
-1.474,0.912,-0.771,0.446,Banana
0.692,-0.952,0.01,-0.61,Orange
1.022,-0.531,0.554,1.404,Watermelon
1.567,0.922,-0.42,0.062,Apple
-1.065,0.176,-1.035,0.465,Banana
1.259,-1.308,-0.394,0.142,Orange
0.979,-1.535,0.133,-0.275,Orange
-0.618,0.512,-1.042,0.478,Banana
0.969,-1.414,0.165,1.533,Watermelon
1.087,1.408,0.025,-0.091,Apple
0.488,-0.829,-0.099,-0.471,Lemon
-0.334,0.475,-1.562,0.646,Banana
0.713,-0.285,0.168,0.356,Orange
-0.69,0.677,-1.581,0.823,Banana
0.475,-0.045,-0.766,-1.027,Grape
1.155,-0.837,-0.371,0.299,Orange
1.087,-0.946,-0.81,-0.043,Lemon
-1.708,1.155,-0.741,0.01,Banana
1.341,-1.009,0.809,1.337,Watermelon
0.62,1.304,-0.994,-0.2,Apple
1.015,0.811,-0.164,-0.328,Apple
0.969,-0.804,-0.442,-0.398,Lemon
0.435,-1.106,-0.513,-0.561,Lemon
0.989,-0.967,-0.468,-0.991,Lemon
1.33,0.797,-0.665,0.276,Apple
1.244,-0.658,-0.141,-0.233,Orange
0.902,-0.727,0.096,-0.224,Orange
1.725,-1.069,0.512,0.397,Watermelon
0.409,-1.145,-0.381,0.039,Orange
0.99,-0.705,-0.284,-0.195,Orange
0.798,-0.502,0.464,1.105,Watermelon
-1.064,1.274,-1.007,0.303,Banana
0.907,1.488,-0.299,0.389,Apple
1.095,-0.992,-0.351,-0.003,Orange
0.394,-0.949,-0.597,-0.386,Lemon
1.123,-0.859,-0.267,0.349,Orange
0.748,-0.088,-0.583,-0.164,Lemon
0.746,1.49,-0.546,-0.14,Apple
0.907,-0.842,0.918,0.724,Watermelon
-1.095,1.54,-0.836,-0.151,Banana
1.383,-0.912,-0.74,-0.806,Grape
1.216,1.649,-0.59,-0.086,Apple
-0.559,0.775,-1.261,0.199,Banana
1.114,0.506,-0.107,-0.793,Apple
1.053,-0.82,0.07,-0.266,Lemon
0.893,-1.28,-0.216,-0.211,Orange
1.415,-1.325,1.707,1.446,Watermelon
-1.071,1.629,-1.274,0.372,Banana
0.153,-0.354,-1.177,-1.004,Lemon
0.778,-0.137,-0.666,-0.957,Grape
0.957,-1.04,-0.452,0.078,Lemon
0.514,-1.268,-0.435,-0.241,Lemon
1.039,-0.649,0.93,1.045,Watermelon
-0.869,1.101,-0.435,0.429,Banana
0.894,-0.815,1.353,1.271,Watermelon
1.252,-1.524,0.128,1.446,Watermelon
0.754,-1.008,-0.357,0.175,Lemon
1.095,-0.663,-0.91,-0.765,Lemon
0.165,-0.778,1.388,1.417,Watermelon
1.236,-0.654,-1.197,-1.289,Grape
0.943,0.658,0.315,-0.756,Apple
0.931,-1.678,1.104,0.999,Watermelon
0.475,-1.326,-0.599,-0.691,Lemon
0.552,-0.315,-0.54,-0.313,Lemon
0.837,0.725,-0.308,0.576,Apple
0.899,-0.473,-1.29,-1.964,Grape
0.724,-0.167,-0.092,0.374,Orange
0.878,-1.425,-1.388,-0.861,Grape
1.083,-1.004,-0.486,0.129,Orange
0.425,-0.892,-0.532,-0.629,Lemon
0.692,-1.15,1.656,1.389,Watermelon
-0.643,0.725,-1.503,0.684,Banana
0.917,-0.952,-0.73,-1.012,Lemon
-0.696,1.415,-1.238,0.033,Banana
-0.566,0.775,-0.377,0.262,Banana
0.865,-0.584,-1.135,-0.606,Grape
-0.69,1.381,-0.935,0.14,Banana
0.997,0.851,0.213,0.051,Apple
-1.032,0.676,-0.461,0.348,Banana
-1.046,1.542,-1.178,0.188,Banana
0.519,-1.461,-0.489,-0.767,Lemon
-1.2,0.753,-1.205,0.006,Banana
1.087,-1.054,1.017,1.824,Watermelon
0.946,-0.388,-0.748,-1.022,Grape
0.696,-0.993,-0.529,-0.705,Lemon
0.827,-0.994,0.31,1.524,Watermelon
1.756,-0.54,-0.767,-0.622,Grape
0.536,1.325,-0.449,0.502,Apple
0.934,-0.282,-1.062,-0.231,Grape
0.821,-0.592,1.219,1.142,Watermelon
0.68,-1.233,-1.505,-0.124,Lemon
0.829,1.409,-0.177,0.12,Apple
0.881,-1.863,-0.385,-0.62,Lemon
1.408,-0.793,-0.089,-0.295,Orange
0.281,-1.152,-1.23,-0.707,Lemon
0.488,0.497,-0.259,-0.113,Apple
0.989,-1.175,0.668,0.889,Watermelon
0.312,-1.022,-1.133,-0.255,Lemon
0.802,-0.468,-0.689,-0.885,Grape
-0.72,0.277,-1.172,0.686,Banana
1.178,1.647,0.297,-0.195,Apple
0.912,-1.335,-0.467,-0.343,Orange
0.792,0.679,-0.159,0.294,Apple
0.927,-1.113,-0.245,-0.379,Lemon
0.586,-1.036,-0.67,-0.272,Lemon
-0.951,0.745,-1.272,0.407,Banana
0.75,-1.11,-0.996,-0.062,Lemon
1.364,-1.696,0.169,-0.273,Orange
1.066,-0.202,-0.422,-0.649,Grape
1.084,-1.081,-1.709,-0.693,Grape
1.47,-1.285,-0.394,-0.395,Orange
0.796,-0.624,-0.224,-0.28,Orange
1.93,-1.502,-0.108,-0.567,Orange
0.545,-0.948,-0.304,-0.591,Lemon
0.872,-1.098,-0.678,0.021,Orange
-0.902,1.152,-1.024,0.232,Banana
1.411,-0.642,0.195,-0.07,Orange
-0.527,0.854,-1.07,0.718,Banana
1.295,-1.102,-0.666,-0.271,Orange
0.76,-0.396,1.266,0.732,Watermelon
0.634,-1.272,0.804,0.942,Watermelon
1.39,-0.938,-0.199,-1.33,Grape
0.507,-0.409,1.462,0.936,Watermelon
1.133,1.142,-0.252,-0.754,Apple
0.131,-0.896,-0.364,-0.351,Grape
0.908,-0.935,-0.903,-0.846,Grape
1.21,-1.884,0.805,0.196,Orange
-1.069,0.749,-0.654,0.473,Banana
0.632,-0.84,-0.639,-0.359,Lemon
0.854,-0.88,-0.498,-0.012,Lemon
0.441,0.721,-0.291,-0.555,Apple
0.861,-0.549,0.948,0.36,Watermelon
0.852,-0.98,1.014,1.195,Watermelon
-0.834,0.951,-1.418,0.146,Banana
0.782,-1.1,1.242,1.141,Watermelon
0.888,-1.134,-0.072,-0.265,Lemon
-0.961,1.211,-1.237,-0.438,Banana
-1.212,1.262,-0.972,0.252,Banana
0.303,-1.685,-0.101,-0.573,Lemon
0.85,-0.835,-0.561,-0.692,Grape
-1.339,1.408,-1.051,0.086,Banana
0.897,-1.274,-0.762,0.072,Orange
0.923,1.216,-0.199,-0.108,Apple
0.284,0.697,-0.101,-0.746,Apple
0.731,-1.487,-0.594,0.063,Lemon
0.871,-1.648,-0.303,0.138,Lemon
1.579,-0.834,-1.078,-0.348,Lemon
1.559,-1.065,1.365,0.706,Watermelon
-0.87,0.129,-1.333,0.298,Banana
0.873,0.545,-0.475,-0.185,Apple
0.97,-0.979,1.256,0.88,Watermelon
1.476,-1.346,0.375,0.19,Orange
0.875,-1.101,1.072,1.21,Watermelon
0.983,-1.469,-0.447,-1.241,Lemon
0.938,-0.491,0.504,0.44,Watermelon
1.077,-0.514,1.114,0.333,Watermelon
-1.589,1.034,-1.413,0.348,Banana
1.069,-1.171,1.635,1.207,Watermelon
1.424,1.322,-0.353,-0.368,Apple
0.896,-0.762,-0.528,0.404,Orange
0.339,-0.925,-0.68,-0.658,Lemon
-0.24,0.846,-1.107,0.068,Banana
1.014,0.965,-0.692,-0.449,Apple
1.213,1.359,-0.292,-0.279,Apple
0.874,0.824,-0.622,-0.845,Apple
0.754,-0.284,-1.149,-1.121,Grape
-1.128,1.436,-1.325,0.397,Banana
0.976,1.024,-0.214,-0.28,Apple
1.278,-0.61,-0.389,-0.984,Grape
0.004,-0.777,-0.463,-0.489,Lemon
0.909,0.26,-0.981,0.277,Apple
0.795,1.338,-0.861,-0.666,Apple
0.838,-1.036,-0.412,-0.505,Lemon
0.927,0.762,-0.718,0.191,Apple
1.149,-1.364,-0.986,-0.622,Lemon
1.119,-1.064,1.175,0.983,Watermelon
0.96,-0.155,-0.484,0.374,Orange
1.506,-0.824,0.326,1.011,Watermelon
0.82,-0.993,0.628,1.265,Watermelon
1.345,-0.59,-0.434,-0.571,Orange
-0.877,1.615,-0.976,0.458,Banana
0.918,-1.176,-0.07,-0.237,Orange
1.141,-0.822,-0.178,-0.005,Orange
0.701,0.68,-0.315,-0.306,Apple
0.417,-0.916,-0.282,-0.084,Lemon
1.094,-1.46,-1.007,-0.601,Lemon
1.028,-1.083,-0.493,-0.307,Orange
-0.831,0.535,-0.18,0.307,Banana
1.368,-0.803,-0.799,-0.965,Grape
1.3,-1.07,1.543,0.478,Watermelon
1.332,1.042,-0.656,0.383,Apple
1.647,-1.726,-0.238,0.047,Orange
-0.845,1.53,-0.542,0.393,Banana
1.797,1.328,-0.423,-0.493,Apple
-0.565,0.722,-1.143,0.216,Banana
-0.876,0.932,-1.461,0.707,Banana
0.858,1.707,-0.194,0.144,Apple
-0.779,1.46,-0.8,0.382,Banana
1.383,0.27,-1.094,-0.722,Grape
0.998,-0.823,1.015,0.245,Watermelon
0.93,-0.65,-0.568,0.122,Orange
1.064,-0.667,-0.683,-0.762,Grape
-0.853,1.356,-0.929,-0.276,Banana
0.868,-1.232,-0.77,-0.686,Grape
1.33,-0.429,-0.661,-1.552,Grape
0.562,-1.495,-0.725,0.066,Lemon
-0.617,1.232,-1.064,-0.048,Banana
1.065,-0.211,-0.857,-1.555,Grape
0.637,-1.67,-0.319,-0.743,Lemon
0.572,-0.314,-0.804,-0.919,Grape
-0.233,1.222,-1.226,0.482,Banana
0.9,-0.157,-0.902,-0.867,Grape
0.495,-0.979,0.98,0.642,Watermelon
0.922,1.153,-0.302,-0.794,Apple
0.904,-1.164,-0.232,-0.17,Orange
0.856,0.842,-0.276,0.037,Apple
1.098,1.498,0.097,0.224,Apple
1.479,-0.453,0.596,1.227,Watermelon
1.426,1.49,-0.57,-0.07,Apple
0.626,-0.354,-1.086,-0.769,Lemon
0.366,-0.949,0.492,-0.216,Orange
-0.965,1.193,-1.041,0.428,Banana
0.737,-1.296,-0.633,-0.24,Lemon
1.325,-0.546,1.117,1.125,Watermelon
1.263,-1.208,-0.523,-0.244,Orange
0.554,1.142,0.067,-0.549,Apple
1.152,-1.22,-0.656,0.519,Orange
0.249,-1.448,-0.525,-0.406,Lemon
1.234,-0.3,-0.572,-0.402,Orange
1.163,-0.671,-0.32,-0.706,Lemon
1.394,-0.719,1.066,0.795,Watermelon
1.037,-0.023,-1.383,-1.28,Grape
0.78,0.856,-0.306,0.035,Apple
-0.839,1.021,-0.903,0.518,Banana
-1.589,1.375,-1.289,0.145,Banana
1.119,-0.626,-0.83,-0.95,Grape
0.899,1.535,-0.052,-0.194,Apple
1.242,0.753,0.461,-0.681,Apple
1.04,-1.1,0.886,0.841,Watermelon
0.73,1.416,-0.722,0.044,Apple
0.827,-1.133,-0.414,-0.555,Lemon
0.615,-1.382,1.229,1.211,Watermelon
1.085,-1.137,-0.367,-0.314,Orange
0.389,-0.979,-0.117,-0.176,Orange
1.219,-1.352,-0.831,-0.453,Lemon
-0.915,0.335,-0.789,0.387,Banana
0.258,-1.041,-0.583,-0.359,Orange
0.532,-0.454,-0.383,-0.907,Grape
0.244,-0.9,0.932,0.615,Watermelon
1.124,-0.292,-1.234,-1.575,Grape
0.296,-0.833,-1.054,-1.181,Grape
0.761,-0.401,-0.838,-0.93,Grape
1.286,0.77,-0.683,-0.483,Apple
0.793,-1.318,-1.191,-0.613,Grape
1.28,-0.416,-0.954,-0.493,Grape
0.229,-1.338,-0.206,-0.49,Lemon
0.765,-0.807,-0.453,-0.493,Orange
0.697,-0.887,-0.228,0.331,Orange
0.898,0.892,0.204,0.045,Apple
-0.949,0.454,-1.284,-0.069,Banana
0.613,-1.178,-0.039,-1.05,Lemon
0.594,-0.514,-0.817,-1.905,Grape
0.393,0.908,0.175,0.361,Apple
-1.145,0.94,-1.293,0.522,Banana
1.535,-0.56,-0.31,-0.493,Orange
1.003,-0.517,-0.44,-0.835,Orange
0.874,0.902,-0.937,-0.219,Apple
1.177,0.051,-1.466,-0.744,Grape
1.338,-0.418,-1.352,-1.373,Grape
0.634,-0.968,-0.796,-0.048,Lemon
0.46,-1.663,-0.678,-0.332,Lemon
1.12,-0.483,-0.477,-1.39,Grape
0.852,-0.459,-0.989,-0.219,Orange
1.43,1.425,-0.069,-0.06,Apple
0.636,-0.519,-0.72,-0.599,Orange
1.136,0.827,-0.228,-0.149,Apple
1.622,-0.448,-1.216,-0.763,Grape
0.709,-0.68,-0.277,-0.06,Orange
0.377,0.212,-0.825,0.311,Apple
0.598,-0.744,0.775,0.916,Watermelon
0.984,-0.025,-0.795,-0.865,Grape
1.454,-1.222,0.074,0.115,Orange
1.311,-1.054,-0.453,-0.504,Orange
0.717,0.679,-0.172,-0.38,Apple
-0.849,1.171,-1.371,-0.081,Banana
0.92,0.729,-0.608,0.293,Apple
0.463,0.108,-0.899,-0.655,Grape
1.304,-0.784,0.282,-0.579,Orange
0.945,-1.298,0.406,0.769,Watermelon
1.655,-1.061,0.394,0.53,Orange
0.048,1.667,-0.175,0.414,Banana
1.08,-0.897,-0.3,-0.148,Orange
1.263,0.837,-0.782,-0.173,Apple
0.758,-1.206,0.95,0.87,Watermelon
1.389,-0.658,-0.594,-0.928,Grape
-1.031,1.055,-1.452,0.418,Banana
0.897,-0.653,-1.073,-1.032,Lemon
0.812,-0.115,-0.923,-1.271,Grape
-1.509,0.761,-1.263,0.627,Banana
1.354,0.633,-0.036,-0.072,Apple
0.587,-1.029,1.119,1.057,Watermelon
0.401,-0.954,1.223,1.553,Watermelon
0.366,-1.191,-0.673,-0.398,Lemon
1.034,-0.388,-1.394,-0.861,Grape
0.74,-1.05,1.598,0.511,Watermelon
-1.098,0.554,-0.946,0.667,Banana
-0.941,0.959,-0.535,0.416,Banana
1.287,-0.75,-1.307,-0.227,Orange
-1.377,0.71,-0.484,0.169,Banana
-0.338,0.507,-1.379,0.567,Banana
0.881,1.108,-0.339,-0.35,Apple
-1.106,1.063,-0.775,0.865,Banana
0.529,-1.138,-0.783,0.014,Lemon
1.242,-1.265,-1.68,-1.291,Grape
1.081,-0.612,-0.82,-1.061,Grape
-0.511,1.27,-0.973,0.701,Banana
0.423,-0.63,-0.952,-0.789,Grape
-0.0,-1.091,-0.46,-0.333,Lemon
-0.585,1.267,-1.021,0.536,Banana
0.93,-0.549,-0.722,-1.016,Grape
1.127,-0.664,-0.051,0.232,Orange
1.815,-0.354,-1.161,-0.821,Grape
1.164,-0.785,0.223,-0.789,Orange
1.53,0.048,-0.801,-0.793,Grape
0.915,-0.998,1.244,1.222,Watermelon
1.252,-0.781,0.014,0.075,Orange
-1.359,1.291,-0.349,0.291,Banana
-0.475,0.679,-1.01,0.076,Banana
-0.517,1.574,-1.035,0.71,Banana
1.578,-1.012,-0.255,0.057,Orange
0.705,-0.961,1.75,0.825,Watermelon
1.299,-0.417,-1.057,-0.922,Grape
1.613,1.194,-0.052,0.26,Apple
0.899,-0.966,-0.381,-0.952,Grape
1.313,-0.867,-0.864,-1.384,Grape
1.022,-1.227,0.693,0.894,Watermelon
0.197,-1.406,1.274,1.122,Watermelon
0.624,-0.808,-0.607,0.053,Orange
0.96,-1.114,-0.332,0.696,Orange
-1.266,1.079,-0.727,-0.037,Banana
0.442,-0.81,-0.734,-1.12,Grape
0.919,1.319,-0.582,-0.331,Apple
0.47,-0.488,-0.92,-0.722,Grape
0.599,-1.067,0.553,0.914,Watermelon
1.519,-0.712,-1.478,-1.238,Grape
-1.564,0.546,-0.765,-0.206,Banana
1.109,-0.991,-0.486,-0.12,Orange
0.672,-0.706,-0.544,-0.335,Orange
0.823,-0.359,-0.809,-1.918,Grape
-0.911,0.389,-1.119,0.262,Banana
-1.123,1.175,-0.748,0.029,Banana
0.717,-1.013,-0.84,-0.367,Orange
1.472,-1.527,-0.419,-0.407,Orange
-0.298,0.812,-1.168,-0.061,Banana
-0.997,1.095,-1.31,0.646,Banana
-0.905,1.298,-1.115,0.385,Banana
0.925,-0.49,-0.259,-0.197,Orange
0.84,-1.181,-0.217,0.087,Orange
0.76,-0.956,-0.236,-0.075,Orange
0.402,-0.924,-1.478,-0.988,Grape
-1.315,0.826,-1.418,0.159,Banana
0.207,-0.735,-0.432,-0.447,Lemon
0.894,-1.313,-1.16,-1.267,Grape
-0.913,1.217,-0.886,0.742,Banana
-1.199,0.787,-0.637,0.358,Banana
-1.086,1.646,-0.798,0.233,Banana
-1.24,1.464,-0.928,0.309,Banana
1.237,-0.692,-0.108,0.109,Orange
1.158,-0.806,0.744,1.634,Watermelon
0.568,-0.892,0.532,0.966,Watermelon
0.8,-0.952,-0.18,-0.535,Orange
0.99,-0.112,-1.459,-1.299,Grape
-0.699,1.027,-0.947,0.658,Banana
0.322,-1.182,-0.825,-0.622,Lemon
1.469,-1.595,-0.718,-0.678,Orange
1.091,-1.215,-0.714,-1.065,Lemon
-1.092,1.303,-0.911,0.262,Banana
0.452,0.885,-0.249,-0.647,Apple
1.229,-0.29,-1.185,-0.746,Grape
0.962,-0.599,1.712,0.617,Watermelon
0.869,-0.543,-0.94,-0.701,Lemon
0.795,-1.046,-0.425,-0.269,Orange
1.293,-1.664,-0.641,0.034,Orange
1.193,0.63,-0.104,0.164,Apple
0.983,0.647,0.006,0.303,Apple
0.69,-0.986,1.382,1.04,Watermelon
-0.012,-0.845,-0.943,-0.945,Lemon
0.395,1.417,-0.592,-0.183,Apple
0.803,-0.943,-0.496,-0.367,Lemon
1.048,-1.266,-0.597,-0.237,Orange
0.956,1.15,0.086,-0.18,Apple
0.716,-1.763,-0.569,-0.671,Orange
0.344,-0.915,-0.57,0.15,Lemon
1.169,0.068,-0.75,-0.62,Grape
0.474,-1.376,-0.757,-0.504,Lemon
0.78,0.65,-0.154,-0.652,Apple
0.463,-0.993,-1.082,-1.347,Grape
0.92,-0.79,-0.099,-0.431,Orange
0.544,-1.201,-0.071,0.111,Orange
1.124,-0.179,-0.395,-1.169,Grape
1.52,-1.091,1.357,1.248,Watermelon
0.308,-0.938,-1.427,-1.624,Grape
1.308,-0.276,0.91,1.299,Watermelon
1.52,1.073,-0.309,-0.386,Apple
1.188,-0.694,-0.138,-0.05,Orange
0.982,-1.558,0.014,-0.65,Orange
1.217,-0.735,-0.699,-0.413,Orange
1.743,-1.028,-0.727,0.08,Orange
0.73,-1.672,-0.118,-0.521,Orange
1.112,-1.284,-0.052,-0.136,Orange
0.094,1.134,-0.401,0.196,Apple
1.138,-0.335,-1.249,-1.277,Grape
0.991,0.874,0.168,-0.354,Apple
0.571,0.71,0.038,-0.359,Apple
0.523,-0.629,-0.92,-1.282,Lemon
0.301,-0.915,-0.687,-1.046,Lemon
1.356,-0.943,1.136,1.147,Watermelon
0.546,-0.494,-0.682,-0.601,Grape
-0.748,1.18,-1.608,0.295,Banana
-1.335,1.449,-0.604,-0.033,Banana
0.984,-0.513,-0.685,-1.586,Grape
0.227,-0.987,0.114,1.056,Watermelon
0.807,-0.567,-0.818,-0.444,Lemon
1.228,-1.012,-0.68,-0.904,Grape
0.388,-0.951,-0.649,-0.227,Lemon
0.874,-0.521,-1.217,-1.328,Grape
0.66,-1.314,-0.32,-0.293,Lemon
0.732,-0.925,0.731,0.438,Watermelon
0.391,-1.018,-0.418,-0.448,Lemon
1.318,-1.343,0.868,1.576,Watermelon
-1.676,0.842,-1.375,0.232,Banana
0.848,-0.789,1.089,0.543,Watermelon
0.794,-1.0,-0.041,0.652,Orange
1.246,-0.954,-1.033,-0.937,Grape
-1.182,1.165,-1.795,0.494,Banana
0.833,-0.638,-0.487,-1.442,Grape
1.095,1.278,-0.24,-0.865,Apple
1.473,0.926,-0.485,-0.409,Apple
0.466,-1.417,-0.542,-0.709,Lemon
1.235,-0.819,0.269,-0.274,Orange
0.719,-1.514,0.468,0.032,Orange
0.358,-0.407,-0.125,-0.973,Lemon
0.736,0.954,-0.675,-0.334,Apple
1.249,0.519,-0.197,0.109,Apple
-0.86,0.974,-1.234,0.591,Banana
-1.412,1.085,-0.991,0.694,Banana
-1.204,0.826,-1.435,0.453,Banana
-1.148,0.698,-1.268,0.488,Banana
-1.386,0.645,-0.686,0.242,Banana
1.334,-0.726,-1.0,-0.945,Grape
1.486,-0.543,1.404,0.78,Watermelon
0.655,1.266,0.182,0.107,Apple
0.605,-0.745,-0.339,-0.448,Lemon
1.067,-0.566,-1.276,-1.24,Grape
0.754,-1.56,-0.25,-0.214,Orange
1.267,-0.559,1.464,1.496,Watermelon
0.335,-1.501,-0.274,-0.016,Lemon
1.545,-0.83,0.301,1.128,Watermelon
1.194,-0.162,-0.5,-0.682,Grape
0.794,-0.96,-0.813,-1.277,Grape
-0.484,0.403,-0.802,0.412,Banana
0.928,-0.924,-1.722,-1.186,Grape
-1.18,1.389,-1.274,0.458,Banana
-1.452,1.168,-1.783,1.033,Banana
0.951,-1.578,-1.251,-1.306,Grape
0.37,-1.128,-0.832,-0.786,Lemon
-1.406,1.288,-0.58,0.211,Banana
0.594,-1.394,-0.575,-0.42,Lemon
0.523,-0.861,-0.492,-0.869,Lemon
1.418,-0.673,-0.414,-0.853,Grape
1.69,-0.589,1.08,0.747,Watermelon
-1.246,1.187,-0.95,0.094,Banana
1.292,-0.586,-0.706,-1.341,Grape
0.95,-0.825,-0.181,-0.158,Lemon
0.97,-0.658,-0.376,-1.102,Grape
1.262,-1.133,-0.952,-0.63,Orange
-0.858,1.245,-0.857,0.701,Banana
0.737,-1.271,-0.392,-0.441,Lemon
-1.201,1.165,-0.972,0.088,Banana
0.938,-0.505,0.183,-0.134,Orange
0.62,-1.502,0.002,-0.137,Lemon
1.263,0.204,-0.286,-0.344,Apple
-0.761,0.842,-1.081,0.517,Banana
0.729,-1.201,1.068,1.468,Watermelon
1.283,-0.624,-0.278,0.323,Orange
-0.009,-0.292,0.153,-0.34,Lemon
1.291,-1.013,-0.373,-0.414,Orange
0.983,-0.405,-0.853,-0.305,Grape
-0.965,0.479,-0.424,-0.127,Banana
0.804,-0.505,-0.854,-1.506,Grape
0.739,-1.118,-0.782,-0.586,Grape
0.572,1.348,0.026,-0.531,Apple
0.306,-0.975,-1.208,-0.46,Grape
0.959,0.648,-0.248,-0.753,Apple
1.18,-1.342,-0.591,-0.069,Orange
1.613,0.169,-1.364,-1.209,Grape
0.78,-0.591,-1.357,-0.469,Lemon
0.429,-1.673,-1.068,-0.699,Lemon
-0.979,1.353,-0.876,0.632,Banana
1.009,-0.847,-1.064,-0.757,Grape
1.361,-1.052,0.675,1.117,Watermelon
1.167,1.431,-0.538,-0.534,Apple
1.265,0.857,-0.457,0.139,Apple
0.52,-0.28,-0.514,0.103,Orange
0.562,-0.905,-0.692,-0.2,Lemon
0.478,-1.201,0.035,-0.49,Lemon
0.764,-1.522,1.653,0.807,Watermelon
-0.278,1.14,-0.95,0.359,Banana
-0.224,0.233,-0.925,0.207,Banana
0.525,-0.948,-0.693,-0.434,Lemon
0.992,0.54,-0.167,-0.049,Apple
0.81,0.054,-0.533,-0.705,Grape
1.291,-0.589,-0.601,-0.45,Grape
1.283,-0.8,-1.014,-0.799,Grape
1.293,-1.027,0.802,1.554,Watermelon
0.625,-1.329,0.536,0.67,Watermelon
1.437,-0.552,-0.326,-0.026,Orange
0.996,-1.417,0.476,0.281,Orange
1.124,-0.9,-1.079,-1.242,Grape
1.034,-0.892,0.881,0.491,Watermelon
1.746,-0.917,-0.14,-0.348,Orange
-1.547,0.971,-1.113,0.548,Banana
-0.683,1.268,-0.654,0.931,Banana
-0.864,1.385,-0.827,-0.365,Banana
-1.054,0.696,-0.919,0.023,Banana
1.212,1.343,0.121,0.267,Apple
0.413,-1.42,0.725,0.153,Orange
1.079,-0.989,-0.32,-0.877,Orange
0.73,-1.039,-0.551,-0.405,Orange
1.896,-0.688,-0.903,-0.915,Grape
0.806,-1.167,-0.164,-0.345,Lemon
0.549,0.962,-0.36,-0.376,Apple
1.178,1.222,-0.119,-0.181,Apple
1.03,-1.353,-0.728,-0.829,Grape
0.655,-0.502,-0.773,-0.59,Grape
1.179,-0.887,1.331,0.893,Watermelon
0.744,-1.217,-0.211,-1.063,Lemon
1.286,-0.994,1.338,0.727,Watermelon
1.031,-0.979,-0.148,-0.567,Orange
1.223,0.354,-0.534,-0.847,Apple
1.29,-0.86,-0.14,0.316,Orange
-1.111,1.213,-0.977,0.27,Banana
1.057,-0.271,-0.751,-0.208,Lemon
1.112,-0.884,1.087,0.883,Watermelon
-2.0,1.537,-1.243,0.215,Banana
0.523,-1.274,-0.516,-0.516,Lemon
0.749,-0.548,-1.012,-0.675,Grape
0.531,-1.282,1.254,0.776,Watermelon
0.684,-0.807,-1.035,-1.034,Grape
0.527,-1.36,-0.329,-0.036,Lemon
0.331,-1.544,1.351,1.549,Watermelon
0.255,-0.715,0.273,-0.502,Orange
1.553,-1.062,-0.19,-0.452,Orange
1.35,-0.708,1.604,1.504,Watermelon
-1.003,2.0,-0.527,0.489,Banana
-1.349,0.464,-1.506,-0.027,Banana
-0.518,1.17,-1.215,0.252,Banana
0.91,-0.72,-0.608,-0.078,Orange
1.105,-1.297,0.256,-0.303,Orange
-1.347,1.299,-0.981,0.443,Banana
-1.415,1.284,-0.24,-0.142,Banana
-0.876,0.725,-0.059,0.734,Banana
1.099,-1.03,-1.345,-0.739,Grape
-1.477,0.534,-0.997,0.347,Banana
0.733,-1.154,-0.278,-0.802,Lemon
1.219,1.075,-0.09,0.114,Apple
0.841,-0.831,-1.591,-1.707,Grape
0.938,0.962,-0.68,-0.605,Apple
-0.467,1.307,-1.442,0.145,Banana
1.142,0.781,-0.583,-0.418,Apple
-0.618,1.413,-1.257,0.461,Banana
0.998,-1.353,0.896,0.558,Watermelon
-0.593,1.543,-1.144,0.073,Banana
-0.631,1.426,-1.39,0.248,Banana
0.979,-1.27,1.135,0.755,Watermelon
0.811,-1.035,0.479,0.28,Watermelon
0.921,-1.259,0.147,0.19,Lemon
0.823,1.819,0.028,-0.526,Apple
0.096,-0.759,-0.289,-0.049,Orange
0.52,-1.4,-0.749,-0.253,Lemon
-1.124,0.874,-1.532,0.332,Banana
0.611,-0.679,-0.557,-0.303,Orange
1.357,-1.107,-0.754,-0.295,Lemon
0.375,1.438,0.048,-0.116,Apple
-0.182,-1.091,-0.746,0.193,Orange
-0.632,1.136,-1.421,0.823,Banana
0.908,-0.368,1.093,1.177,Watermelon
0.839,-0.508,1.213,1.505,Watermelon
1.062,-1.016,1.208,1.505,Watermelon
1.356,-0.552,-1.65,-0.716,Grape
0.496,1.012,-0.341,-0.796,Apple
1.13,-0.246,-0.409,0.068,Orange
1.824,-0.298,-1.226,-0.917,Grape
1.168,-0.498,1.425,0.031,Watermelon
-1.3,0.975,-1.355,-0.995,Banana
0.746,-1.001,-0.484,-0.549,Orange
0.615,-0.88,-0.764,-0.02,Lemon
1.02,0.695,-0.694,-0.375,Apple
0.99,-1.288,-0.391,-0.467,Lemon
-0.302,1.137,-1.244,0.558,Banana
0.87,-1.139,-1.007,-0.312,Lemon
1.022,-1.531,1.089,0.777,Watermelon
-1.53,0.877,-0.551,0.723,Banana
1.331,1.094,-0.091,-0.265,Apple
0.613,-1.317,0.787,1.49,Watermelon
0.977,-1.378,-0.581,-0.641,Lemon
0.546,-1.188,-0.108,-0.507,Lemon
1.076,1.078,-0.66,-0.262,Apple
-0.628,1.515,-1.402,-0.232,Banana
1.022,-0.612,1.126,1.238,Watermelon
0.524,0.8,-1.069,-0.35,Apple
0.243,1.466,0.244,-0.251,Apple
0.471,-0.469,-0.349,-0.833,Grape
1.415,0.83,-0.605,-0.325,Apple
0.326,-0.208,1.049,1.303,Watermelon
0.838,-1.54,1.499,0.607,Watermelon
1.122,-0.445,-0.974,-1.275,Grape
0.948,-1.333,1.283,1.2,Watermelon
0.593,-1.199,0.138,-0.956,Lemon
0.459,-1.029,0.91,1.384,Watermelon
1.226,-0.59,-0.825,-0.831,Grape
1.336,-0.911,-0.838,-0.431,Lemon
0.083,-1.011,0.083,0.011,Orange
1.104,-0.773,1.386,1.499,Watermelon
0.757,-1.111,-1.41,-0.158,Lemon
-0.82,1.053,-1.241,0.638,Banana
0.91,0.988,-0.32,-0.143,Apple
0.198,-0.803,-0.852,-0.74,Lemon
1.31,-0.948,-0.691,-0.965,Grape
0.423,-0.522,1.109,1.138,Watermelon
1.353,-0.075,-0.93,-0.784,Grape
1.13,-1.12,0.446,1.075,Watermelon
1.483,-0.396,-1.374,-0.616,Grape
0.892,0.268,0.056,-0.631,Apple
-0.377,1.402,-1.08,0.461,Banana
1.848,-0.65,-0.217,0.811,Orange
1.041,-0.796,0.672,0.414,Watermelon
0.499,-0.987,-0.485,-0.997,Lemon
-0.769,0.709,-0.787,0.627,Banana
-1.138,0.663,-0.46,0.606,Banana
1.053,1.514,-0.271,-0.517,Apple
0.649,-0.638,-0.73,-0.514,Grape
1.008,1.425,-0.375,-0.574,Apple
0.543,0.823,-0.744,0.403,Apple
1.154,0.967,0.303,-0.756,Apple
0.552,-0.3,-0.65,0.356,Lemon
1.275,-0.543,0.167,-0.199,Orange
0.829,-0.64,-1.345,-1.023,Grape
0.998,-0.009,-0.792,-0.173,Grape
-0.156,-1.426,-0.724,0.022,Lemon
0.562,-1.514,-0.686,-0.919,Lemon
0.512,0.1,-1.123,-0.939,Grape
-1.033,0.912,-1.294,0.191,Banana
1.118,-0.103,-0.668,-1.427,Grape
1.346,-0.434,-1.219,-0.936,Grape
-0.8,1.016,-0.832,-0.002,Banana
1.697,-1.275,-0.798,-0.872,Grape
-0.775,0.752,-0.591,0.262,Banana
0.585,0.617,-0.256,-0.859,Apple
1.63,-0.233,-0.361,-0.398,Grape
-1.123,0.696,-1.937,0.158,Banana
1.618,-1.29,-0.373,-0.394,Orange
1.131,-0.15,-1.539,-1.472,Grape
1.52,-0.743,-0.391,0.397,Orange
0.122,-0.674,-0.624,-0.288,Lemon
0.164,-1.091,1.258,0.978,Watermelon
1.439,-0.172,-1.335,-0.712,Grape
0.653,-0.581,-0.77,-1.292,Grape
0.875,-1.177,-0.803,-0.253,Lemon
0.707,-1.31,1.364,1.038,Watermelon
0.091,-0.701,-0.742,-0.991,Lemon
0.122,-0.684,-0.601,-0.635,Orange
1.224,-0.718,-0.575,0.119,Orange
1.719,-0.529,0.117,-0.09,Orange
0.845,0.98,-0.146,-0.74,Apple
0.731,0.5,-0.218,-0.271,Apple
0.772,-0.713,-0.666,-0.441,Orange
1.273,-0.675,0.721,1.081,Watermelon
0.327,-1.069,-0.55,-0.304,Lemon
-0.889,1.096,-1.377,0.436,Banana
1.193,-0.759,0.748,1.32,Watermelon
0.539,0.849,-0.396,-0.742,Apple
0.898,-0.922,-0.939,-0.338,Orange
0.388,1.715,-0.226,-0.256,Apple
0.681,-0.788,-0.258,-1.047,Lemon
1.459,-0.564,0.977,0.958,Watermelon
-2.0,0.565,-0.818,0.72,Banana
1.255,0.973,0.374,0.052,Apple
0.862,0.164,-1.384,-1.515,Grape
0.853,0.734,-0.428,-0.021,Apple
0.988,-1.003,-0.279,-1.009,Orange
0.47,0.865,-0.595,-0.381,Apple
1.091,-1.026,-1.063,-0.778,Lemon
1.599,-0.464,-0.091,-0.747,Orange
0.707,-0.866,-0.591,-0.7,Lemon
0.873,-0.824,-1.401,-0.522,Grape
-0.691,0.9,-0.877,0.436,Banana
-0.18,1.305,-0.708,0.313,Banana
0.848,-0.116,-0.772,-1.29,Grape
-0.841,1.293,-1.734,-0.023,Banana
1.127,-1.674,-0.918,-0.295,Orange
-0.828,1.188,-0.446,0.329,Banana
0.87,0.542,-0.435,-0.052,Apple
-0.737,1.093,-0.809,0.747,Banana
1.026,1.479,-0.554,-0.326,Apple
0.432,-0.723,-0.955,-0.613,Lemon
0.349,-0.392,-0.564,-0.681,Grape
0.884,-0.706,-0.355,-0.285,Lemon
1.238,-1.229,0.93,1.025,Watermelon
0.883,-1.548,-0.732,-0.12,Orange
-0.683,1.003,-0.032,-0.022,Banana
0.756,-0.548,-0.227,-0.271,Lemon
1.375,-0.581,-0.418,-0.551,Grape
-1.298,1.113,-1.542,0.833,Banana
1.078,1.472,-0.338,-0.95,Apple
1.923,1.046,-0.65,0.101,Apple
1.713,-1.071,-0.335,-0.117,Orange
0.611,-1.242,0.324,-0.246,Orange
0.707,-1.158,1.375,0.308,Watermelon
1.089,-0.138,0.411,0.001,Orange
1.461,-0.543,-0.344,0.124,Orange
1.626,-1.042,-0.798,-0.873,Grape
0.636,-0.995,-0.519,-0.39,Lemon
1.392,-0.433,-1.062,-1.294,Grape
0.835,-0.909,0.753,1.331,Watermelon
0.751,-0.6,-0.824,-0.791,Lemon
1.398,-0.955,-0.371,0.045,Orange
1.232,-1.44,0.185,-0.344,Orange
1.195,-1.467,-0.489,-0.565,Lemon
-0.091,-0.77,-1.273,-0.602,Lemon
1.386,-1.186,0.684,1.28,Watermelon
0.913,-1.142,0.146,-0.609,Orange
0.839,-0.297,-1.431,-0.379,Grape
0.924,1.306,0.005,-0.353,Apple
-1.168,0.985,-0.751,-0.045,Banana
0.579,1.519,-0.557,-0.176,Apple
0.529,-1.055,-0.099,-0.53,Lemon
-1.125,0.906,-1.176,0.065,Banana
0.825,-0.018,-0.751,-1.121,Grape
1.344,-1.156,-0.519,-0.547,Grape
1.383,-0.646,-0.447,-0.048,Lemon
-1.219,0.862,-1.022,0.779,Banana
-1.3,0.663,-0.917,0.551,Banana
0.754,1.235,0.179,0.12,Apple
1.124,0.968,0.307,-0.295,Apple
1.329,-0.315,-0.008,-0.549,Orange
0.566,-0.704,-0.752,-0.844,Grape
1.772,-0.448,-1.115,-1.397,Grape
-0.587,0.998,-1.527,0.308,Banana
0.651,-0.749,-0.998,-1.317,Grape
-1.171,0.74,-1.251,-0.053,Banana
0.831,-1.313,-0.095,-0.13,Orange
1.418,-0.34,1.237,1.157,Watermelon
1.259,-0.837,-0.282,-0.21,Orange
0.242,-0.706,-0.611,0.007,Lemon
1.32,-1.219,0.136,-1.096,Orange
1.676,-1.068,-0.827,-0.85,Grape
1.393,-1.115,0.249,0.885,Watermelon
0.923,0.283,-0.284,-0.677,Apple
1.227,-1.086,0.386,-0.29,Orange
1.151,-0.675,-1.568,-1.072,Grape
0.864,-0.789,-0.703,-1.01,Lemon
1.226,1.147,-0.005,-0.396,Apple
0.41,-0.813,0.997,1.487,Watermelon
1.01,-1.016,-0.154,-0.409,Orange
0.774,-1.034,0.678,0.92,Watermelon
1.679,-0.635,-0.192,0.343,Orange
0.711,-0.128,0.839,1.701,Watermelon
1.7,0.386,0.213,-0.399,Apple
-1.199,1.184,-1.353,0.476,Banana
-1.329,1.062,-0.533,0.435,Banana
0.874,-0.811,0.508,0.706,Watermelon
0.449,-0.725,-0.458,-0.313,Lemon
0.59,-1.276,-0.079,-0.744,Lemon
1.147,-0.639,-0.803,-1.212,Grape
1.368,-0.518,1.347,1.055,Watermelon
0.848,-0.012,-0.647,0.108,Orange
0.716,-1.022,-0.535,-0.679,Lemon
1.149,1.111,0.637,0.075,Apple
1.181,-0.799,1.644,0.66,Watermelon
0.936,-1.667,1.196,1.297,Watermelon
-1.348,1.502,-1.252,0.18,Banana
0.642,-0.442,-0.9,-0.398,Lemon
-0.729,1.199,-0.788,0.567,Banana
0.406,-0.409,-0.639,-0.585,Lemon
1.472,-0.821,-0.888,-1.253,Grape
1.482,-0.192,-0.639,-0.318,Lemon
1.002,-0.722,-0.958,-1.014,Grape
-1.532,1.092,-1.015,0.409,Banana
0.973,-0.726,-0.694,-0.813,Grape
-0.511,1.173,-1.069,0.516,Banana
-1.693,1.736,-0.904,1.065,Banana
-1.304,0.609,-0.872,0.427,Banana
1.118,-0.935,0.78,0.48,Watermelon
1.099,-1.449,0.518,0.867,Watermelon
-0.849,1.696,-0.657,0.802,Banana
1.229,-0.872,1.877,0.537,Watermelon
0.855,-1.117,0.013,-0.543,Orange
1.267,-0.797,1.285,1.278,Watermelon
1.538,-1.017,1.186,0.742,Watermelon
0.262,-0.382,-0.884,-0.276,Lemon
1.186,-0.589,0.42,1.312,Watermelon
0.98,-1.21,0.912,1.363,Watermelon
1.256,-1.045,0.601,0.626,Watermelon
1.264,-1.447,0.959,1.938,Watermelon
1.161,1.26,-0.671,-0.73,Apple
1.279,-0.699,-0.589,-0.95,Grape
2.0,-0.765,-0.864,-1.278,Grape
1.396,1.189,-0.601,-0.376,Apple
1.515,-0.527,0.54,0.872,Watermelon
1.672,-0.624,-0.901,-0.606,Grape
0.569,-1.294,0.922,1.457,Watermelon
1.392,1.287,-0.314,0.13,Apple
0.982,-0.763,0.054,0.429,Orange
0.615,-1.092,-0.112,0.015,Lemon
-1.155,0.648,-0.538,-0.24,Banana
0.443,0.941,-0.264,-0.671,Apple
1.078,-0.907,-0.468,0.512,Orange
1.15,1.395,-0.81,-0.813,Apple
0.761,-0.351,-0.953,-0.45,Lemon
0.568,-0.852,-0.932,-1.172,Grape
0.543,-1.465,-0.96,-0.033,Orange
1.209,-0.793,-0.618,0.152,Orange
1.247,-0.597,-1.055,-1.227,Grape
1.067,-0.434,0.098,-0.29,Orange
-0.811,0.614,-0.744,0.009,Banana
1.242,0.039,-0.5,0.823,Orange
1.172,-1.262,0.722,1.828,Watermelon
-0.827,0.802,-1.071,0.451,Banana
0.997,-0.879,0.321,-0.595,Orange
1.226,-0.626,-1.175,-0.625,Grape
0.489,-1.428,-0.921,-1.048,Grape
-1.473,0.401,-0.324,0.462,Banana
1.007,-0.232,0.058,0.419,Orange
0.587,-1.426,1.216,1.145,Watermelon
1.437,-1.171,-0.754,-0.654,Grape
-0.672,0.858,-0.818,0.029,Banana
0.897,-0.965,-1.266,-1.084,Grape
0.428,-1.266,-1.055,0.186,Lemon
0.825,-0.485,-1.616,-0.525,Grape
-0.941,0.845,-1.152,0.604,Banana
-0.434,-1.288,-0.642,-0.546,Lemon
1.877,-0.718,-0.653,-0.366,Grape
1.235,0.764,-0.75,-0.039,Apple
1.176,-0.809,-0.168,0.407,Lemon
0.893,-1.385,-0.582,-0.02,Lemon
0.913,-0.473,0.977,1.117,Watermelon
0.477,-0.944,-0.526,-1.063,Lemon
0.845,-1.032,-1.142,-1.278,Grape
-0.646,1.358,-0.804,-0.144,Banana
-1.034,0.528,-1.052,0.527,Banana
1.347,-0.435,-0.56,-0.909,Grape
-1.082,1.306,-0.683,0.117,Banana
1.133,-1.103,-1.003,-0.046,Orange
0.547,-0.485,-1.537,-1.252,Grape
0.848,1.421,-0.487,-0.676,Apple
0.728,-1.076,-0.323,-0.854,Lemon
1.074,-0.136,0.916,1.065,Watermelon
-1.581,0.701,-0.839,0.185,Banana
0.815,-0.851,-1.061,-0.145,Lemon
0.565,0.732,-0.22,0.248,Apple
-1.351,1.052,-0.945,0.53,Banana
-0.586,0.859,-0.646,0.766,Banana
1.624,-0.824,-0.245,-0.366,Orange
0.489,0.903,-0.261,-0.338,Apple
-0.791,0.491,-1.064,0.998,Banana
1.348,1.216,-0.163,-0.428,Apple
0.386,-0.84,-1.157,-0.314,Orange
0.999,0.843,0.46,0.339,Apple
1.361,-1.324,1.672,1.217,Watermelon
0.67,1.011,0.036,-0.51,Apple
0.649,-0.889,-0.985,-0.595,Lemon
0.641,-0.696,0.682,1.102,Watermelon
-1.487,0.603,-1.414,0.199,Banana
1.063,-0.472,-1.62,-1.059,Grape
0.737,1.187,-0.394,-0.328,Apple
0.739,0.004,-1.449,-1.14,Grape
1.038,0.912,-0.567,-0.934,Apple
0.758,-0.936,-0.412,-0.207,Grape
0.982,0.508,-0.042,-0.643,Apple
0.808,-1.22,0.825,0.876,Watermelon
0.54,-0.846,-0.643,-1.012,Grape
1.044,-1.781,0.032,-0.44,Orange
1.393,-0.946,0.803,0.413,Watermelon
1.761,-0.719,0.002,0.437,Orange
1.078,-0.527,-0.468,0.058,Orange
0.779,-1.176,1.034,0.556,Watermelon
0.715,-1.109,-1.296,-0.66,Lemon
-1.121,1.298,-0.9,0.807,Banana
-0.818,0.806,-1.02,0.178,Banana
1.171,-0.979,-0.52,-0.197,Orange
1.161,-0.952,-0.889,-1.553,Grape
1.387,-0.415,-0.43,-1.391,Grape
1.397,-0.272,-1.064,-1.132,Grape
-1.38,0.529,-1.263,-0.14,Banana
1.159,-1.526,-0.548,-0.348,Lemon
1.125,-0.444,-0.669,-1.156,Grape
1.031,-1.103,0.156,0.535,Orange
0.582,0.289,-0.101,0.075,Apple
1.685,-0.742,1.489,1.581,Watermelon
1.513,-0.292,-1.449,-1.003,Grape
0.705,-1.035,-0.613,0.049,Lemon
0.735,-0.72,-0.189,-0.5,Orange
0.623,0.405,-0.13,-0.322,Apple
0.711,-1.657,-0.149,-0.261,Orange
0.75,-1.337,0.916,1.164,Watermelon
0.885,0.584,-0.32,0.066,Apple
1.014,-0.576,-1.114,-1.311,Grape
0.277,-1.582,-0.187,-0.338,Lemon
0.629,-0.897,-0.481,-0.757,Lemon
0.886,-1.166,0.579,0.157,Orange
0.659,-0.522,-0.166,-0.983,Lemon
0.922,0.994,-0.086,-0.378,Apple
0.966,0.839,0.067,-0.805,Apple
0.85,0.355,-0.66,-0.189,Apple
0.718,-1.11,-0.207,-0.026,Lemon
0.976,-0.512,-1.158,-0.781,Grape
0.582,-0.371,1.399,0.58,Watermelon
0.724,-0.853,0.882,1.191,Watermelon
0.874,-0.466,-0.297,0.647,Orange
1.211,0.528,0.43,0.085,Apple
1.133,-0.374,-1.416,-1.632,Grape
0.985,-0.517,-0.162,0.398,Orange
1.462,1.007,0.114,0.233,Apple
0.572,-1.075,-0.551,-1.344,Lemon
1.098,-0.748,-0.249,-0.079,Orange
0.985,-1.699,0.282,-0.329,Orange
0.784,1.475,0.043,-0.204,Apple
1.269,-1.404,-0.328,0.253,Orange
0.363,-1.349,-0.572,-0.464,Lemon
0.827,-1.482,-1.492,-0.178,Lemon
0.621,0.787,-1.064,0.058,Apple
1.123,-0.891,-0.194,-0.921,Orange
0.655,0.842,-0.562,-0.395,Apple
-0.914,1.352,-1.518,0.297,Banana
1.249,-1.323,-0.367,-0.037,Orange
-0.996,1.236,-0.967,0.191,Banana
0.59,-0.913,1.035,0.653,Watermelon
1.204,-0.556,0.769,0.745,Watermelon
0.733,0.412,0.402,-0.457,Apple
0.7,-1.394,0.864,0.757,Watermelon
1.503,0.563,-0.838,-0.107,Apple
0.962,-1.078,-0.104,-0.152,Orange
0.984,-1.492,-0.884,-0.445,Orange
0.62,-0.506,-1.63,-1.157,Grape
0.939,0.986,-0.16,-0.414,Apple
0.766,-0.164,-1.112,-0.503,Grape
0.886,-0.606,-1.049,-0.919,Grape
0.853,-0.966,1.536,1.367,Watermelon
-0.63,0.53,-1.413,0.376,Banana
1.27,0.818,-0.544,0.188,Apple
0.84,-0.63,-0.755,-0.682,Lemon
1.332,-1.092,0.786,0.68,Watermelon
0.821,-0.694,0.472,1.22,Watermelon
0.352,-1.074,-0.651,-0.577,Lemon
0.5,-1.156,-0.8,-0.038,Lemon
-0.991,0.956,-1.226,0.157,Banana
0.776,-0.732,-0.564,-0.986,Orange
1.02,0.902,-0.505,0.019,Apple
-1.957,1.552,-0.631,0.08,Banana
-1.158,1.177,-0.814,0.078,Banana
0.434,-0.26,0.035,-0.145,Orange
1.062,1.217,-0.041,-1.03,Apple
-1.123,0.841,-1.057,0.57,Banana
0.373,-1.472,-0.539,-0.146,Orange
-0.709,1.571,-1.1,0.591,Banana
1.249,-0.41,-1.008,-1.14,Grape
0.627,-1.396,1.121,0.981,Watermelon
-1.145,1.233,-1.07,-0.02,Banana
-1.093,1.287,-1.358,0.373,Banana
0.581,-1.266,-0.703,-1.05,Lemon
0.638,-1.478,-0.225,-0.532,Lemon
0.8,1.406,-0.661,-0.562,Apple
0.36,-0.542,1.656,0.414,Watermelon
0.714,-0.576,-1.18,-1.011,Grape
0.959,-0.857,-0.636,-0.133,Orange
0.209,-1.144,-1.208,-0.642,Lemon
0.8,-0.67,-0.321,-0.157,Orange
0.592,-1.745,-1.299,-0.612,Lemon
1.097,-0.682,-1.302,-1.084,Grape
-1.114,1.273,-0.747,0.106,Banana
0.983,-0.503,-0.851,-0.422,Grape
-1.01,1.409,-1.406,0.077,Banana
0.252,-0.947,-0.073,-1.094,Orange
-0.934,1.211,-0.808,-0.119,Banana
1.271,-0.597,-0.793,-1.044,Grape
-0.867,1.388,-1.071,0.399,Banana
1.437,0.953,-0.694,-0.063,Apple
1.502,1.451,-0.05,-1.12,Apple
0.777,-0.805,-0.984,-0.409,Grape
0.222,-0.215,-0.734,-0.768,Lemon
1.296,-0.676,1.227,0.731,Watermelon
0.776,-1.362,-0.879,-0.533,Lemon
0.713,-0.632,0.798,0.923,Watermelon
0.692,1.363,-0.533,0.1,Apple
1.374,-1.156,-0.29,-0.366,Orange
1.191,0.932,-0.446,-0.284,Apple
0.446,-0.627,-0.773,-0.952,Grape
0.933,-1.132,-0.761,-0.891,Lemon
0.858,-0.312,-0.204,-0.405,Orange
0.248,-1.559,-0.891,-0.234,Lemon
-1.149,0.665,-1.297,0.527,Banana
-1.028,0.78,-1.108,1.072,Banana
1.427,-0.486,-0.913,-0.253,Orange
0.774,1.19,0.071,-0.186,Apple
0.695,-0.831,-0.783,-0.748,Grape
1.049,-0.555,-0.982,-0.906,Grape
-0.749,1.221,-0.992,0.283,Banana
-1.031,0.727,-1.278,0.49,Banana
0.35,-0.715,-0.618,-0.213,Lemon
1.223,-0.705,-0.467,-0.057,Orange
-0.742,0.457,-0.404,1.093,Banana
0.932,-0.718,-0.394,-0.613,Lemon
0.961,-0.662,-0.641,-0.571,Orange
0.461,-0.77,-0.903,-0.579,Lemon
0.563,-1.354,-1.454,-0.859,Lemon
0.691,-0.83,-0.427,-0.287,Lemon
0.781,0.706,-0.169,-0.374,Apple
1.317,-0.467,-0.551,-1.163,Grape
0.974,-0.288,-0.581,-0.325,Lemon
-1.326,1.313,-0.605,0.127,Banana
1.205,-0.902,1.137,1.284,Watermelon
-0.818,0.951,-0.708,0.689,Banana
0.806,0.999,-0.919,-0.096,Apple
1.428,0.91,-0.253,-0.377,Apple
0.866,-0.919,0.726,0.918,Watermelon
0.683,1.206,-0.216,-0.451,Apple
-0.987,0.923,-0.6,0.146,Banana
1.222,0.753,-0.015,0.063,Apple
1.38,1.515,-0.198,0.133,Apple
1.568,0.607,-0.511,-0.823,Apple
1.371,-1.528,-0.923,-0.584,Orange
0.392,-0.905,-0.68,-0.792,Orange
0.985,-0.594,-1.654,-1.25,Grape
0.974,-0.725,-1.115,-0.587,Grape
1.751,-0.71,-1.463,-1.082,Grape
1.068,-1.019,-0.086,0.574,Orange
0.4,-1.177,0.239,-0.383,Orange
-0.724,1.221,-0.567,0.97,Banana
1.117,0.389,-0.545,0.465,Apple
0.505,-0.826,0.12,0.527,Watermelon
1.31,-0.987,-0.432,-0.485,Orange
-1.699,1.243,-1.099,-0.233,Banana
1.011,1.203,-0.37,-0.259,Apple
0.613,-1.247,-0.581,-0.243,Lemon
0.962,-0.723,-0.836,-0.277,Lemon
1.163,-1.248,-0.463,0.038,Orange
1.482,-1.634,1.574,1.407,Watermelon
-0.93,0.916,-0.863,0.076,Banana
0.938,-1.516,0.39,1.816,Watermelon
1.022,-0.529,-1.011,-1.29,Grape
0.493,-0.968,-0.669,-0.763,Lemon
1.168,1.066,-0.162,-0.053,Apple
-1.06,0.941,-0.481,-0.03,Banana
0.344,-0.806,0.78,0.623,Watermelon
0.91,-1.051,-1.042,0.177,Lemon
-1.564,0.97,-1.661,0.395,Banana
0.776,-0.713,0.994,1.473,Watermelon
-1.15,0.438,-0.917,0.212,Banana
-1.637,0.631,-1.258,0.844,Banana
1.248,0.878,-0.135,-1.014,Apple
0.402,-0.86,-0.542,-0.689,Lemon
-1.013,1.118,-1.003,0.601,Banana
1.112,-0.421,-0.4,-0.71,Grape
1.609,-1.235,0.443,0.951,Watermelon
0.921,-0.489,0.604,0.972,Watermelon
1.142,-0.965,0.94,1.125,Watermelon
0.978,-0.462,-0.589,-0.786,Lemon
1.537,0.623,0.327,0.17,Apple
1.521,-0.36,-1.739,-1.364,Grape
1.107,-1.236,0.89,1.214,Watermelon
0.941,-1.427,1.31,1.18,Watermelon
0.513,-0.751,-0.567,-0.034,Lemon
1.053,-0.537,0.344,1.161,Watermelon
0.861,-1.301,1.405,1.311,Watermelon
0.298,1.25,-0.092,-0.553,Apple
0.708,0.443,-0.418,-0.362,Apple
-0.721,1.094,-1.371,0.384,Banana
0.911,-1.327,-0.856,0.019,Orange
1.156,-0.405,-1.255,-0.94,Grape
0.519,-1.345,-0.288,-0.108,Orange
0.43,-1.37,-0.428,0.135,Orange
0.715,-0.951,1.086,0.913,Watermelon
1.094,-1.471,-0.53,0.302,Orange
1.527,-0.305,-0.615,-1.639,Grape
0.668,0.891,0.545,-0.41,Apple
0.861,-0.868,-0.475,-0.508,Lemon
0.58,-1.945,1.449,0.784,Watermelon
0.347,-0.847,1.147,1.269,Watermelon
1.391,0.678,-0.606,-0.412,Apple
-0.712,0.264,-0.955,0.626,Banana
1.312,1.248,0.072,-1.262,Apple
1.165,-0.884,-0.133,-0.911,Lemon
0.386,-0.375,-0.624,-0.309,Orange
1.185,1.271,0.077,-0.222,Apple
0.631,-0.353,-0.747,-1.635,Grape
1.497,-1.87,1.362,0.778,Watermelon
0.847,-0.821,-0.613,-0.342,Lemon
-1.03,1.25,-0.235,-0.169,Banana
-0.116,-0.745,-1.169,-1.132,Grape
0.676,1.305,-0.783,-0.142,Apple
1.223,-0.889,1.171,1.332,Watermelon
1.019,-0.721,-0.83,-0.79,Grape
-0.689,0.401,-1.064,-0.073,Banana
1.196,1.254,-0.396,-0.555,Apple
0.809,-1.047,-0.101,0.121,Lemon
0.95,-0.919,0.039,-0.416,Lemon
0.432,-1.236,-0.846,-0.502,Lemon
1.162,-1.495,-0.457,-0.126,Orange
1.225,0.991,-0.214,-0.733,Apple
-1.319,0.979,-0.821,0.381,Banana
0.303,-1.083,-0.071,-0.31,Lemon
0.943,-1.359,-0.55,-0.198,Orange
1.097,-0.402,-0.864,-1.13,Grape
0.821,-0.284,-0.495,-0.652,Orange
0.426,-0.724,-0.671,-1.202,Grape
-0.483,0.997,-0.612,0.035,Banana
0.74,-0.568,-0.831,-1.063,Grape
1.102,-0.794,0.503,0.881,Watermelon
0.818,-1.165,1.142,0.823,Watermelon
0.298,-1.083,-0.673,-0.026,Orange
1.282,-1.761,-0.571,-0.076,Orange
0.507,-0.326,-0.633,-1.057,Grape
0.729,-1.809,-0.015,0.501,Orange
1.628,-1.068,0.618,1.293,Watermelon
-1.044,1.167,-0.894,0.333,Banana
1.36,-0.627,-0.483,-0.523,Orange
0.125,0.879,-0.683,-0.153,Apple
0.882,0.92,-0.016,-0.161,Apple
-1.041,1.59,-0.742,0.154,Banana
0.87,1.276,-0.229,-0.692,Apple
1.313,1.44,0.113,0.24,Apple
1.724,0.005,-0.881,-1.073,Grape
0.36,1.004,-0.118,-0.285,Apple
0.339,-0.7,-0.774,-1.359,Grape
-0.942,1.151,-0.609,0.899,Banana
0.868,-0.536,-0.925,-0.773,Grape
1.188,-0.501,0.184,1.146,Watermelon
1.171,-1.082,0.208,0.979,Watermelon
0.351,-0.413,-0.469,-0.778,Lemon
0.282,-0.793,-0.056,-0.276,Orange
1.211,0.878,0.074,0.047,Apple
0.426,0.512,0.411,0.026,Apple
0.558,-1.15,-0.927,-1.4,Grape
-1.111,0.983,-1.032,0.694,Banana
-0.358,0.832,-1.396,0.436,Banana
1.571,-1.141,1.298,0.707,Watermelon
0.607,-1.407,-0.596,-0.541,Lemon
-0.787,1.622,-1.136,-0.4,Banana
0.929,1.105,-0.229,-0.355,Apple
1.521,-0.952,-0.337,-0.472,Orange
0.389,-0.885,1.086,0.629,Watermelon
0.984,-1.05,-0.519,-0.478,Orange
1.142,-1.079,0.793,0.698,Watermelon
-1.045,1.324,-0.928,0.217,Banana
1.108,-0.522,1.172,1.091,Watermelon
1.223,-0.655,-0.936,-1.171,Grape
0.457,1.12,-0.179,-0.401,Apple
0.963,-1.253,-1.22,-0.744,Lemon
0.461,-0.882,-0.563,0.145,Orange
-0.663,0.676,-1.283,0.487,Banana
1.343,0.296,-0.201,-1.069,Apple
0.408,-0.617,0.453,-0.584,Lemon
0.564,0.82,-0.277,-0.535,Apple
0.676,-1.149,1.138,0.941,Watermelon
-1.309,0.765,-1.145,-0.05,Banana
0.352,-0.775,-0.681,-1.114,Lemon
1.359,1.146,-0.784,-0.428,Apple
0.323,-0.763,-0.73,-0.525,Lemon
0.934,0.482,0.192,-0.068,Apple
0.738,-0.933,1.341,1.02,Watermelon
1.145,0.021,-0.644,-0.704,Lemon
0.654,-1.375,-0.563,-1.124,Grape
1.306,-0.223,-1.378,-1.326,Grape
1.211,-1.025,-0.831,-0.866,Lemon
-1.05,1.528,-0.76,0.364,Banana
1.156,-0.511,-0.483,0.472,Lemon
-1.087,1.384,-1.138,0.616,Banana
0.513,-0.839,0.237,-0.167,Lemon
-0.833,0.729,-0.934,-0.053,Banana
1.31,1.302,-0.363,0.282,Apple
1.533,-0.548,-0.802,-1.206,Grape
0.905,-1.377,0.833,0.963,Watermelon
0.419,-0.798,1.358,0.997,Watermelon
-0.344,-1.089,-1.088,-0.713,Lemon
1.508,-1.852,0.714,1.29,Watermelon
0.754,0.728,0.411,-0.168,Apple
0.927,-0.827,-0.543,-0.058,Lemon
1.667,0.411,-0.312,-0.315,Apple
0.85,-0.657,-0.21,0.474,Orange
1.385,-0.522,-0.72,-0.482,Orange
0.747,1.463,-0.639,-0.628,Apple
0.608,1.964,-0.35,-0.115,Apple
0.601,1.336,-0.921,-0.643,Apple
0.744,-0.923,0.722,1.533,Watermelon
1.176,0.759,0.049,-0.438,Apple
0.793,-0.286,-1.858,-0.743,Grape
0.75,-0.85,-0.315,-1.186,Grape
1.335,-0.902,1.134,0.912,Watermelon
0.894,-0.065,-0.674,-1.175,Grape
0.634,-0.805,-0.656,-0.587,Grape
-0.806,0.434,-0.736,0.756,Banana
0.661,-0.307,-1.062,-0.26,Lemon
0.643,1.37,-0.085,0.33,Apple
1.175,-1.141,-0.472,-0.288,Orange
0.821,-0.129,-0.554,-1.524,Grape
1.013,1.022,-0.573,-0.147,Apple
1.511,1.312,0.171,-0.551,Apple
-0.987,0.732,-0.916,0.415,Banana
0.936,-0.54,-0.359,-0.801,Lemon
0.127,-0.818,-0.075,-0.509,Lemon
0.465,-0.27,1.171,1.06,Watermelon
0.591,-0.594,-0.76,-0.824,Grape
0.762,-1.02,0.784,1.582,Watermelon
1.313,-1.184,-0.709,-0.103,Orange
0.428,-1.146,-0.997,-0.854,Lemon
-0.943,0.907,-0.126,0.508,Banana
0.597,-1.537,-0.161,-0.339,Orange
-0.534,1.099,-1.694,-0.057,Banana
0.764,-0.445,-1.368,-0.947,Grape
0.532,-0.998,-0.17,0.312,Orange
1.086,0.714,0.223,-0.364,Apple
0.871,-1.215,-0.568,-0.78,Lemon
1.113,1.281,-0.473,-0.493,Apple
1.125,-0.889,-1.531,-0.876,Grape
0.962,-1.045,1.182,1.231,Watermelon
-1.056,0.607,-1.224,0.505,Banana
0.648,-1.192,-0.875,-0.284,Lemon
0.522,-0.737,-0.292,-0.609,Lemon
1.332,1.048,-0.206,-1.066,Apple
0.66,-1.321,-0.412,-0.16,Orange
-0.946,1.1,-1.24,0.542,Banana
1.233,-1.124,-0.832,-0.74,Lemon
1.03,-0.784,-1.606,-1.51,Grape
-0.643,1.449,-0.44,0.379,Banana
0.653,0.847,-0.822,-0.835,Apple
1.089,1.189,0.385,-0.329,Apple
0.525,-1.043,-0.399,-0.372,Orange
0.72,-1.425,-0.554,-0.272,Lemon
1.497,-0.891,1.365,0.845,Watermelon
-1.107,1.472,-1.48,0.159,Banana
1.395,-1.074,0.9,0.907,Watermelon
1.041,-0.22,-0.677,-0.996,Grape
1.382,1.12,0.001,-0.66,Apple
1.208,-0.923,-1.562,0.081,Lemon
1.002,0.862,-0.512,-0.146,Apple
0.689,-1.202,0.806,0.898,Watermelon
0.82,-0.702,-0.205,-0.062,Orange
1.214,-1.033,0.643,1.632,Watermelon
1.325,-0.036,-0.638,-1.161,Grape
0.178,-1.03,-0.777,-1.036,Grape
0.453,-1.873,-0.605,-0.879,Lemon
0.746,-0.702,-0.66,-0.527,Orange
-0.935,1.305,-1.141,0.814,Banana
0.552,-1.509,0.461,0.422,Watermelon
1.118,-1.342,-0.794,-0.067,Orange
1.288,-0.632,0.006,-0.521,Orange
1.097,-0.426,-1.166,-0.942,Grape
0.562,-0.82,-0.87,-0.472,Grape
1.403,-0.769,1.028,0.974,Watermelon
-1.507,0.708,-1.281,0.501,Banana
1.331,1.258,0.114,-0.275,Apple
0.656,-1.017,-0.554,0.03,Orange
0.874,-1.034,1.243,0.741,Watermelon
0.937,-1.472,-0.493,-0.532,Lemon
1.29,-1.081,-1.536,-0.737,Grape
0.863,0.968,-0.531,0.019,Apple
-0.895,1.084,-1.409,0.476,Banana
0.253,-1.23,-1.078,-0.555,Lemon
1.373,-0.921,0.845,1.038,Watermelon
1.036,-0.977,-0.238,-0.564,Orange
1.037,-1.214,-0.799,-1.386,Grape
1.012,-1.856,-0.014,-1.074,Lemon
-1.42,1.105,-0.783,0.201,Banana
1.312,0.721,-0.44,-0.406,Apple
-1.188,0.323,-1.009,0.26,Banana
1.377,-1.45,0.776,1.421,Watermelon
1.103,-0.808,-0.141,-0.04,Orange
1.237,-0.968,-0.954,-0.276,Lemon
0.802,-0.638,-0.87,-1.287,Grape
0.821,-0.833,-0.492,0.141,Orange
-1.345,0.654,-0.333,-0.236,Banana
0.991,-0.352,0.99,1.471,Watermelon
-0.772,0.997,-1.046,-0.442,Banana
0.888,-0.919,1.081,1.863,Watermelon
-0.902,1.221,-0.592,0.489,Banana
0.97,-0.628,-1.123,-0.845,Grape
0.94,-0.781,0.647,1.051,Watermelon
1.543,-1.079,1.645,1.057,Watermelon
0.98,1.041,-0.409,-0.993,Apple
-0.692,1.767,-0.832,0.489,Banana
0.936,-0.595,-0.314,-0.106,Orange
0.452,-1.185,1.129,1.318,Watermelon
-0.673,0.447,-1.517,0.504,Banana
0.739,-0.687,-0.871,-0.234,Orange
0.988,-0.432,-1.361,-1.688,Grape
1.06,-0.816,0.053,-0.325,Orange
1.271,1.17,0.163,-0.319,Apple
0.395,0.976,-0.269,-0.119,Apple
-1.536,0.891,-0.696,0.264,Banana
-1.107,1.667,-1.375,0.732,Banana
1.357,-1.079,-0.312,-0.213,Orange
1.064,-1.208,0.85,0.876,Watermelon
0.887,-0.709,-1.784,-0.966,Grape
0.815,0.347,-0.423,-0.433,Apple
-0.554,0.811,-0.766,0.784,Banana
0.78,-1.017,0.305,-0.12,Orange
-0.869,0.857,-0.76,0.286,Banana
0.359,0.876,-0.714,-0.261,Apple
0.679,-0.433,-0.984,-1.437,Grape
0.828,-0.783,1.402,0.684,Watermelon
0.616,-0.317,-0.303,-0.168,Orange
0.741,-0.925,1.6,1.089,Watermelon
1.373,-0.99,-0.659,-0.439,Orange
-1.391,1.076,-0.572,0.356,Banana
0.892,-1.276,-0.176,-0.633,Orange
0.603,-0.685,-0.397,-0.304,Orange
-1.059,1.254,-0.942,0.04,Banana
0.753,-1.068,-0.194,-0.212,Orange
0.956,-0.584,-1.013,-1.273,Grape
1.387,-0.769,-0.955,-1.721,Grape
0.925,-1.385,0.657,1.848,Watermelon
1.087,-0.571,-0.001,0.144,Orange
0.53,-0.438,-0.304,-0.486,Lemon
1.092,0.952,-0.282,-0.315,Apple
-0.866,1.609,-1.422,0.7,Banana
0.871,1.444,-0.417,-0.156,Apple
0.944,-1.606,1.609,0.67,Watermelon
1.029,-1.368,0.532,0.928,Watermelon
0.792,0.591,-0.312,-0.819,Apple
1.044,0.955,-1.168,-0.483,Apple
1.164,-0.972,-0.821,-0.849,Grape
0.644,-1.004,-0.011,-0.507,Orange
0.528,-0.597,-0.9,-0.339,Lemon
0.622,-1.056,-0.144,-1.042,Orange
0.813,-0.45,-0.921,-1.183,Grape
0.613,-0.78,0.887,1.191,Watermelon
1.133,-1.157,1.375,0.792,Watermelon
1.417,-0.138,-0.632,-1.063,Grape
1.491,-0.947,-0.516,-0.508,Lemon
0.205,-0.547,-0.8,-0.178,Lemon
-0.594,1.211,-1.242,0.181,Banana
0.063,-1.041,1.281,0.917,Watermelon
0.393,-1.104,-0.175,-0.519,Lemon
1.65,0.8,-0.224,-0.452,Apple
-0.274,1.063,-0.255,0.153,Banana
1.535,-0.559,-0.707,-1.427,Grape
0.722,-1.374,-0.51,-1.031,Lemon
-1.033,1.383,-0.808,-0.132,Banana
0.336,-0.426,-0.447,-1.337,Grape
1.734,-0.602,-1.686,-1.546,Grape
1.269,1.045,0.219,-0.719,Apple
1.041,1.002,-0.35,-0.434,Apple
-1.127,1.061,-0.894,0.388,Banana
1.022,-1.42,-1.234,-0.144,Lemon
0.27,-1.133,-0.814,-0.722,Lemon
0.09,-1.199,-0.373,-0.501,Lemon
1.177,-0.774,-0.684,-1.178,Grape
0.262,-0.889,1.269,0.804,Watermelon
1.42,-1.298,-0.065,0.411,Orange
1.013,-1.079,-0.337,0.37,Orange
0.741,-0.25,-0.502,-0.729,Lemon
0.796,1.022,-1.014,-0.466,Apple
0.842,1.084,0.38,-0.281,Apple
0.327,-1.32,1.092,1.033,Watermelon
1.569,-0.264,-0.674,-1.076,Grape
1.385,-1.314,0.039,-0.299,Orange
0.493,-0.792,1.489,0.858,Watermelon
1.147,-1.58,-1.019,-0.551,Lemon
-1.13,0.767,-0.953,0.115,Banana
0.874,-0.903,0.766,0.963,Watermelon
0.774,-1.422,1.267,1.598,Watermelon
1.373,-0.884,-0.525,-0.3,Orange
1.37,-1.799,0.873,1.257,Watermelon
0.202,-0.852,-0.468,-1.009,Lemon
1.03,0.784,-0.154,-0.066,Apple
-0.86,1.025,-0.899,-0.112,Banana
0.989,-1.279,1.361,1.239,Watermelon
1.238,-0.4,-0.415,-0.392,Orange
0.876,-1.561,0.467,1.217,Watermelon
0.112,-1.376,-0.636,-0.644,Lemon
-0.69,1.021,-1.279,0.64,Banana
1.255,-1.494,-0.212,-0.45,Orange
0.74,-0.346,1.043,0.924,Watermelon
1.03,-0.694,0.754,0.814,Watermelon
-0.77,0.469,-0.653,-0.262,Banana
0.914,-1.56,0.63,1.454,Watermelon
1.366,-0.197,-1.507,-1.368,Grape
0.719,-0.75,-0.88,-0.703,Lemon
0.204,-0.42,-0.766,-0.489,Lemon
-0.971,1.387,-1.333,0.709,Banana
0.552,-0.192,-1.6,-1.037,Grape
1.569,1.244,-0.153,-0.667,Apple
0.743,-0.529,1.165,1.312,Watermelon
1.026,-1.099,1.268,1.091,Watermelon
0.941,0.505,0.034,-0.146,Apple
0.788,-0.587,-0.215,-0.108,Orange
1.309,-0.766,1.103,0.934,Watermelon
1.294,-1.257,-0.339,-0.529,Lemon
1.159,-0.168,-1.109,-0.789,Grape
1.093,0.776,0.14,-0.051,Apple
0.448,-0.614,-0.891,-0.51,Lemon
0.45,-0.737,-0.768,-0.235,Lemon
0.808,-1.131,0.04,-0.761,Lemon
-1.493,1.3,-1.752,0.822,Banana
0.636,-1.499,-0.932,-1.072,Lemon
1.134,0.536,-0.124,-0.407,Apple
0.834,-0.422,-0.782,-0.599,Grape
0.378,-1.01,-0.822,-0.443,Lemon
0.728,-1.148,0.853,1.103,Watermelon
1.001,-0.823,-0.337,-0.403,Orange
1.067,-1.321,1.199,0.9,Watermelon
-0.928,1.077,-0.439,0.434,Banana
1.026,-1.242,-0.019,-0.295,Orange
0.066,-1.068,-0.533,-0.786,Lemon
0.559,-1.025,-0.62,-0.068,Lemon
0.541,-0.288,-0.311,0.003,Orange
-0.955,0.396,-1.37,0.117,Banana
1.348,0.515,-0.6,-0.242,Apple
0.765,-0.845,-0.944,-1.059,Lemon
0.789,-0.498,-0.721,-0.901,Lemon
-1.15,1.138,-1.082,0.793,Banana
-0.676,1.065,-1.684,0.058,Banana
0.808,-0.861,-0.933,-0.926,Grape
-1.586,1.282,-0.994,0.425,Banana
-0.739,0.732,-0.559,0.25,Banana
1.529,-1.313,1.503,0.684,Watermelon
1.892,-1.333,0.07,-0.327,Orange
1.25,-1.014,-0.682,-1.179,Orange
1.878,1.026,-1.33,-0.194,Apple
-0.759,0.75,-1.248,0.293,Banana
1.421,-0.565,-0.488,-0.604,Grape
0.92,-1.15,-1.079,-0.816,Grape
1.021,-0.778,0.002,-0.014,Orange
-1.096,1.182,-0.218,-0.221,Banana
1.171,1.641,-0.711,0.05,Apple
1.397,-1.117,-0.751,-1.095,Grape
0.979,-1.114,0.159,-0.239,Orange
-1.162,0.844,-1.119,-0.078,Banana
0.835,1.041,-0.158,0.121,Apple
1.084,-1.166,-0.654,-0.097,Orange
0.959,-1.03,-0.208,-0.018,Orange
1.094,-1.06,-0.58,-0.414,Orange
-0.703,0.852,-1.471,0.706,Banana
0.67,-0.588,-0.828,-0.999,Grape
0.133,-0.863,0.164,0.075,Orange
0.257,-0.255,-0.764,-0.577,Orange
1.274,1.158,-0.272,-0.499,Apple
1.466,-1.014,-0.848,0.231,Orange
1.077,-0.61,1.2,1.837,Watermelon
0.492,-0.994,-0.348,-0.606,Lemon
1.281,-2.0,0.975,0.964,Watermelon
0.951,0.693,0.017,-0.477,Apple
-0.93,0.987,-0.825,0.801,Banana
-0.932,1.294,-0.949,0.123,Banana
0.95,-1.099,1.199,1.037,Watermelon
0.322,-1.078,-1.134,-0.565,Lemon
1.0,-0.367,0.172,-0.562,Orange
1.071,-0.923,-0.381,-0.258,Orange
0.876,0.055,-1.146,-0.881,Grape
0.115,-0.712,1.414,0.632,Watermelon
0.821,1.158,-0.293,-0.137,Apple
0.899,-0.348,-0.534,0.742,Orange
1.435,1.291,-0.664,0.018,Apple
1.211,-1.742,0.508,1.125,Watermelon
0.553,-1.181,-0.222,-0.809,Lemon
-1.159,0.774,-0.821,-0.302,Banana
0.826,-1.203,-1.11,-0.747,Grape
1.259,-0.855,-0.813,-1.065,Grape
1.476,-1.045,-1.341,0.113,Orange
0.839,-1.096,1.118,0.501,Watermelon
-0.974,1.187,-0.873,0.09,Banana
1.347,-0.949,-1.219,-1.048,Grape
0.703,-1.114,-0.17,-0.397,Lemon
0.626,-0.909,-0.343,-0.416,Lemon
-1.633,1.381,-0.958,0.54,Banana
0.858,0.361,-1.098,-0.631,Apple
1.181,-0.546,1.106,0.632,Watermelon
0.726,-0.124,-1.459,-0.264,Grape
1.657,-0.253,-0.167,-0.32,Orange
1.125,-0.282,-1.228,-1.385,Grape
0.901,-0.87,-0.566,-1.216,Grape
0.633,-0.656,-0.152,-0.427,Lemon
1.135,-1.356,0.058,0.242,Orange
0.345,-0.383,-0.545,0.008,Orange
1.027,0.979,-0.372,-0.647,Apple
1.183,-1.1,0.542,0.638,Watermelon
0.548,-1.184,1.17,0.751,Watermelon
1.341,0.958,-0.401,-0.294,Apple
1.488,-1.08,-0.42,-0.664,Grape
0.992,1.414,-0.413,-0.2,Apple
0.811,-0.262,-1.248,-1.018,Grape
-0.762,1.367,-1.287,0.564,Banana
0.656,-1.753,-0.562,0.092,Orange
0.996,0.813,-0.281,-0.292,Apple
1.218,-1.564,-0.336,-0.157,Orange
0.522,-1.483,0.872,1.003,Watermelon
1.004,-1.195,0.791,0.862,Watermelon
0.704,-0.564,-1.377,-0.282,Lemon
0.961,1.184,0.115,-0.564,Apple
-0.669,0.561,-0.955,0.215,Banana
-0.984,0.654,-0.847,0.855,Banana
0.66,-0.934,1.3,0.896,Watermelon
1.076,-1.15,-0.641,-0.848,Lemon
1.044,-0.999,1.223,0.777,Watermelon
0.761,-0.438,-0.511,-0.78,Grape
-0.353,1.194,-0.818,0.538,Banana
1.521,-0.567,-0.68,0.08,Orange
-0.907,0.932,-1.621,-0.239,Banana
0.872,-1.113,-1.12,-0.75,Grape
0.797,-0.971,0.626,1.105,Watermelon
1.178,-1.498,-0.563,-0.644,Orange
-0.822,1.057,-1.017,0.255,Banana
-0.887,1.12,-1.173,0.078,Banana
-1.021,0.934,-0.279,0.166,Banana
0.701,-0.837,-0.11,-0.784,Lemon
1.469,-1.052,0.575,-0.073,Orange
0.57,-1.069,0.168,-0.171,Orange
0.979,-0.748,-0.421,-0.274,Orange
0.269,-0.395,-1.028,-0.441,Lemon
1.168,-1.005,-0.739,-0.55,Orange
1.183,-1.273,-1.025,-0.065,Orange
-1.305,1.221,-1.071,0.213,Banana
-0.982,0.602,-1.289,0.209,Banana
0.599,-0.75,0.892,0.493,Watermelon
0.804,1.035,-0.456,-0.16,Apple
1.201,-0.159,1.403,0.427,Watermelon
-1.126,0.907,-0.799,-0.027,Banana
-1.186,0.564,-1.211,0.102,Banana
-1.11,0.585,-0.656,0.465,Banana
0.493,-0.591,-1.548,-0.53,Grape
1.565,0.98,-0.598,-0.532,Apple
0.441,-1.037,-0.12,-0.166,Lemon
1.34,-0.94,-0.704,-0.47,Orange
0.621,-1.42,-0.494,-0.218,Lemon
1.191,-0.823,0.347,1.467,Watermelon
0.451,0.947,-0.084,-0.174,Apple
0.553,-0.984,-0.9,-0.821,Grape
0.612,1.137,-0.83,-0.081,Apple
0.291,-0.972,-0.631,-0.094,Lemon
-0.915,0.79,-0.874,1.05,Banana
1.259,-1.021,0.708,0.784,Watermelon
1.238,-0.91,-0.999,-0.497,Grape
1.053,-1.378,1.762,1.617,Watermelon
1.175,-0.153,-1.093,-0.746,Grape
0.852,-1.074,-0.093,-1.492,Grape
0.704,-0.9,-0.419,-0.531,Lemon
0.972,-0.952,-0.132,-0.201,Orange
0.576,-1.462,0.105,-0.313,Lemon
-0.927,0.781,-1.351,0.601,Banana
0.944,-0.783,-0.773,0.341,Orange
1.315,-1.028,1.164,1.259,Watermelon
0.532,-0.013,-0.831,-1.246,Grape
0.616,-0.255,-0.926,-0.831,Grape
1.009,-0.951,-0.822,-1.069,Grape
0.992,0.232,-0.696,-0.676,Grape
-0.048,1.135,-0.958,0.062,Banana
0.842,-1.716,1.277,0.557,Watermelon
0.916,-1.015,-0.555,-0.515,Lemon
1.485,-0.577,-0.31,-0.515,Orange
1.323,-1.341,0.456,1.174,Watermelon
1.026,-1.142,-0.458,-0.645,Lemon
0.853,-0.617,-0.692,-0.86,Lemon
0.49,-0.676,-0.698,-0.07,Orange
1.272,-0.775,-1.058,-0.65,Grape
0.717,-1.318,0.918,1.447,Watermelon
1.564,-1.035,0.751,1.372,Watermelon
-1.584,1.087,-1.015,0.753,Banana
1.488,0.67,-0.241,-0.5,Apple
0.897,-0.784,0.883,1.068,Watermelon
1.335,-0.47,1.101,1.041,Watermelon
0.612,-0.045,-0.827,-0.952,Grape
1.03,-0.474,-0.73,-0.687,Grape
1.564,-0.515,-0.386,-0.63,Grape
0.979,-1.184,-0.97,-0.455,Grape
0.729,-0.571,-0.942,-0.67,Grape
0.864,0.696,-0.1,-0.56,Apple
0.358,1.644,0.024,0.359,Apple
0.906,-0.762,-0.471,-0.565,Lemon
1.179,-1.194,-0.674,-0.316,Orange
1.452,-1.431,0.574,1.207,Watermelon
0.855,-0.43,-0.654,-0.838,Grape
-1.221,1.449,-0.74,0.309,Banana
0.592,-0.869,-0.709,-1.071,Lemon
1.263,-0.758,-1.105,-0.021,Orange
1.215,-1.395,-0.626,-0.564,Lemon
1.581,-0.608,0.693,1.12,Watermelon
1.806,0.781,-0.304,-0.12,Apple
0.786,-0.383,-0.465,-0.686,Orange
0.816,-0.771,-0.579,-0.094,Orange
-0.803,0.577,-1.197,0.422,Banana
0.846,-1.189,-0.547,-0.599,Lemon
1.255,-0.818,-0.431,-0.033,Orange
0.456,-0.84,-0.435,0.33,Lemon
0.882,-1.049,-0.527,-0.561,Orange
0.84,-0.767,1.258,1.103,Watermelon
0.496,-1.173,-0.921,-0.695,Lemon
-1.453,1.475,-0.357,-0.378,Banana
-0.899,1.095,-0.927,0.093,Banana
0.958,-0.856,-0.238,-0.758,Lemon
0.116,-0.848,-0.937,-0.131,Lemon
-0.144,-1.164,-0.816,-0.616,Lemon
1.091,-0.861,-0.076,0.064,Orange
0.94,0.138,-0.515,-1.109,Grape
-1.048,0.883,-0.873,-0.04,Banana
0.724,-1.359,-1.14,-0.627,Grape
0.947,0.966,-0.203,-0.651,Apple
1.009,-0.688,1.107,1.342,Watermelon
1.442,-0.768,-0.55,-0.32,Orange
1.676,-0.89,-0.237,-0.501,Orange
-1.032,1.251,-0.995,0.118,Banana
0.899,-0.583,-0.066,-0.013,Orange
1.154,0.586,-0.205,0.074,Apple
0.909,-0.658,1.191,1.29,Watermelon
1.018,-0.69,0.487,1.012,Watermelon
1.25,-0.496,-0.617,-1.055,Grape
0.808,-1.574,-0.396,-0.019,Orange
1.266,0.51,0.111,-0.641,Apple
0.958,0.801,-0.154,-0.267,Apple
1.237,1.645,-0.161,-0.502,Apple
1.161,-0.319,-0.07,0.131,Orange
0.442,-0.865,-0.394,-0.438,Orange
0.992,-0.562,-1.219,-0.934,Grape
0.539,-0.754,-0.52,-0.368,Lemon
-0.657,1.194,-1.002,-0.43,Banana
1.18,-0.919,-1.03,-0.87,Grape
1.067,-0.355,-0.922,-0.961,Lemon
1.114,-0.915,0.579,0.994,Watermelon
1.209,-1.031,-1.348,-1.225,Grape
0.926,-0.757,-0.414,-0.181,Orange
1.386,-1.335,-0.829,-0.263,Lemon
1.346,1.145,0.333,-0.189,Apple
-0.092,-0.966,-0.8,-0.016,Lemon
1.338,-1.556,1.473,1.329,Watermelon
0.886,-1.027,1.487,0.31,Watermelon
0.756,-0.617,-0.631,-0.273,Lemon
1.036,0.726,-0.583,-0.051,Apple
0.778,0.466,-0.257,-0.48,Apple
-1.42,1.025,-0.731,0.307,Banana
-1.373,1.169,-0.638,1.075,Banana
1.505,-0.952,-0.7,-0.91,Grape
-1.403,1.099,-0.328,0.719,Banana
0.645,1.005,-0.128,-0.905,Apple
-1.593,1.054,-0.941,-0.344,Banana
-0.864,1.38,-1.076,0.321,Banana
1.2,-0.846,0.416,0.683,Watermelon
0.461,-1.301,-0.087,-0.278,Lemon
0.212,-1.075,-0.204,-0.726,Lemon
1.298,-0.516,1.426,1.063,Watermelon
1.438,-1.183,0.57,-0.116,Orange
1.401,0.873,-0.125,-0.11,Apple
0.675,-1.335,-0.372,0.187,Orange
0.359,-0.727,-0.542,-1.431,Grape
-0.561,0.605,-1.321,0.248,Banana
1.656,-1.224,0.393,0.509,Watermelon
1.326,-1.474,0.116,-0.176,Orange
0.989,1.104,-0.58,-0.252,Apple
-1.418,1.472,-1.36,0.454,Banana
0.638,-0.787,-1.131,0.043,Grape
0.995,-1.288,0.844,0.473,Watermelon
0.943,-0.352,1.118,1.316,Watermelon
0.682,0.929,-0.229,-0.554,Apple
1.14,1.215,-0.11,-0.353,Apple
-0.618,0.91,-1.122,0.805,Banana
-1.387,0.404,-1.304,0.436,Banana
1.449,-1.231,1.635,1.01,Watermelon
0.96,0.703,0.383,-0.353,Apple
0.534,-0.14,-0.162,0.08,Orange
1.589,-0.785,1.341,1.019,Watermelon
1.257,-1.012,-0.307,-0.158,Orange
0.461,-0.823,-0.424,-0.213,Lemon
-0.776,1.7,-0.632,0.227,Banana
0.759,-0.506,-0.932,0.205,Lemon
-1.271,1.315,-0.998,0.282,Banana
-1.456,1.318,-1.451,-0.205,Banana
-0.594,1.626,-1.234,0.651,Banana
-0.721,0.968,-0.532,0.243,Banana
1.181,-1.439,0.576,1.409,Watermelon
1.193,0.95,0.368,0.364,Apple
1.154,-1.509,-0.339,-0.491,Orange
1.031,-0.928,-1.419,-1.792,Grape
1.059,-1.805,-0.412,0.043,Orange
0.747,-1.38,-0.324,-0.49,Orange
1.065,-1.361,-0.337,-0.321,Orange
0.996,-0.428,1.07,1.177,Watermelon
0.781,-0.522,-1.096,-0.99,Grape
1.227,-1.175,0.861,0.83,Watermelon
0.823,-0.539,-1.127,-0.476,Grape
1.538,-1.199,-0.497,-0.137,Lemon
0.907,-0.948,-0.392,-0.76,Grape
1.112,-0.492,-0.03,-0.217,Orange
-1.342,0.827,-0.578,0.539,Banana
0.535,-0.382,-0.655,-0.154,Lemon
-0.923,1.677,-0.736,0.316,Banana
0.937,-1.005,-0.554,-0.678,Orange
1.108,-0.787,-1.188,-1.031,Grape
0.618,-0.997,0.008,-0.268,Lemon
1.338,-1.154,-0.326,-0.634,Lemon
0.804,-0.249,0.731,0.219,Watermelon
0.352,-1.703,-0.933,-0.801,Lemon
1.012,-1.717,1.419,0.343,Watermelon
0.955,0.887,-0.011,-0.177,Apple
1.015,-1.127,-0.763,-0.356,Lemon
1.36,1.289,-0.187,-0.219,Apple
0.587,-0.857,0.112,-0.585,Lemon
0.872,-1.154,-0.164,-0.943,Orange
-1.047,1.308,-1.184,0.365,Banana
-0.262,1.116,-1.784,-0.193,Banana
0.912,-1.281,-0.264,-0.303,Orange
1.408,-0.982,-1.073,-0.924,Grape
1.119,-0.949,-1.144,-0.171,Orange
0.947,-0.298,-0.747,-0.916,Grape
1.11,-0.527,0.103,-0.104,Orange
-0.249,0.78,-1.415,0.296,Banana
-1.131,0.137,-1.228,0.42,Banana
0.98,0.728,-0.285,-0.257,Apple
0.85,-1.225,-0.294,-0.882,Lemon
0.424,-0.405,-0.958,-0.731,Lemon
-1.439,0.71,-0.952,0.547,Banana
0.993,-1.114,-0.735,-0.454,Orange
0.459,-0.342,-0.718,-1.014,Grape
1.155,1.307,-0.265,0.188,Apple
0.642,-1.122,0.836,1.227,Watermelon
0.498,1.507,-0.103,0.313,Apple
0.986,-1.193,1.23,1.361,Watermelon
0.75,-1.699,0.361,1.091,Watermelon
1.539,0.545,-0.395,-0.422,Apple
1.672,-0.209,1.149,1.314,Watermelon
1.305,-1.448,-0.056,-0.557,Orange
0.94,1.399,-0.272,0.086,Apple
1.455,0.385,-1.062,0.107,Apple
1.421,-0.91,-0.163,0.113,Orange
1.306,-1.106,1.335,0.879,Watermelon
1.085,-0.53,-1.301,-1.26,Grape
1.382,-1.312,-0.471,-0.297,Lemon
0.581,-0.765,-0.485,-0.805,Lemon
1.188,-0.791,-0.391,-0.85,Grape
0.755,-0.88,-0.624,-0.11,Orange
0.521,-1.289,-0.894,0.352,Lemon
1.032,-1.151,-0.512,-0.035,Orange
0.777,-1.383,0.989,0.986,Watermelon
0.454,-1.312,-0.737,-0.664,Lemon
-1.213,1.097,-0.221,0.766,Banana
1.28,-1.199,-0.014,-0.42,Lemon
1.345,-0.84,-0.42,0.052,Orange
0.77,-1.619,-0.643,-0.195,Lemon
1.097,1.164,-0.563,-0.21,Apple
0.966,-1.071,-0.538,0.12,Orange
-0.879,1.086,-0.282,0.466,Banana
1.02,-0.904,-0.724,-0.871,Lemon
1.084,-1.932,1.095,1.11,Watermelon
0.924,-1.032,-0.738,0.285,Orange
0.882,-1.34,-0.109,-0.161,Orange
0.875,0.838,-0.302,0.171,Apple
-0.836,0.988,-0.702,0.31,Banana
1.141,1.053,-0.094,-0.455,Apple
0.601,-0.683,0.227,-0.582,Orange
-0.937,0.843,-0.691,0.386,Banana
0.165,0.894,-0.462,0.872,Banana
1.187,-0.587,-0.967,-0.996,Grape
-0.603,0.695,-1.056,0.201,Banana
-1.604,1.301,-0.628,0.078,Banana
1.361,0.446,-0.292,-0.344,Apple
-0.969,1.029,-1.027,0.164,Banana
0.962,-0.523,-0.503,0.589,Orange
-1.222,1.084,-0.8,0.198,Banana
1.484,-0.809,-0.372,0.28,Orange
0.645,-0.798,-0.803,-0.719,Grape
1.113,0.955,-0.388,0.096,Apple
0.684,-1.305,-0.925,0.03,Lemon
0.748,-0.505,-0.527,-0.81,Grape
0.735,-1.355,1.654,0.636,Watermelon
0.806,-0.87,-0.377,0.001,Orange
-1.514,0.926,-0.763,0.538,Banana
0.8,0.642,-0.225,-0.759,Apple
-0.551,1.055,-1.244,-0.069,Banana
0.378,-1.547,-0.427,-0.781,Lemon
-0.86,1.188,-0.662,0.388,Banana
1.394,1.485,-0.21,-0.189,Apple
0.805,-1.346,1.449,1.212,Watermelon
0.84,-1.207,-0.032,-0.58,Lemon
0.319,-1.201,-0.05,-0.889,Lemon
0.737,0.414,-0.671,-1.257,Grape
0.621,-1.585,-0.266,0.055,Orange
1.532,-1.663,0.536,0.958,Watermelon
1.976,-0.29,-0.87,-1.429,Grape
0.258,-0.986,-0.335,-0.294,Orange
0.467,-1.262,-0.942,-0.014,Lemon
0.69,-0.697,-1.014,-0.753,Grape
0.702,1.342,-0.503,-0.357,Apple
1.175,-1.339,-0.348,-0.148,Lemon
1.108,-0.641,-0.256,-1.005,Grape
1.071,-1.118,-0.247,0.137,Orange
0.904,-1.738,1.18,0.623,Watermelon
1.26,-1.0,1.33,0.668,Watermelon
0.813,-1.119,-0.819,0.189,Orange
0.431,1.384,-0.151,-0.37,Apple
1.121,-0.889,0.86,1.104,Watermelon
1.256,-1.331,1.121,0.081,Watermelon
0.325,-0.402,-1.146,-1.299,Grape
0.981,-0.739,-1.346,-1.574,Grape
0.311,-0.741,0.852,1.339,Watermelon
0.849,1.124,-0.344,-0.284,Apple
1.033,-1.156,0.57,1.268,Watermelon
1.558,-0.019,-1.194,-1.257,Grape
0.406,-1.062,-0.618,-0.849,Lemon
0.082,-0.983,-1.836,-0.535,Lemon
0.669,1.273,0.067,0.075,Apple
0.879,0.603,-0.585,-0.199,Apple
0.024,-0.512,-0.716,-0.325,Lemon
0.377,0.676,-0.967,0.057,Apple
0.944,-0.8,-0.278,-0.036,Orange
0.882,-0.671,-1.032,-0.858,Grape
1.151,1.984,0.289,-0.923,Apple
0.55,-1.142,-0.152,-0.611,Lemon
1.163,0.182,-0.83,0.432,Apple
0.618,-1.349,-0.515,-0.869,Lemon
0.901,-1.508,0.724,0.854,Watermelon
1.392,-0.838,1.223,0.991,Watermelon
1.288,-1.306,0.744,1.143,Watermelon
0.902,0.995,-0.357,0.139,Apple
1.457,-0.819,-1.616,-1.249,Grape
-1.314,1.291,-0.678,-0.061,Banana
0.736,-1.518,1.047,0.984,Watermelon
0.876,-0.826,-0.386,-1.04,Lemon
0.781,-0.268,-1.189,-1.57,Grape
1.283,0.798,0.072,-0.306,Apple
0.903,-0.523,-0.756,0.302,Orange
0.776,-0.943,-0.24,-0.349,Orange
0.733,-1.129,0.645,1.687,Watermelon
-1.168,1.406,-0.64,0.427,Banana
0.553,-0.932,-0.4,-0.465,Lemon
0.452,-1.636,0.228,-1.122,Orange
1.068,-0.682,-0.944,-1.399,Grape
1.123,-0.528,-0.034,-0.955,Grape
-0.528,0.475,-0.643,0.379,Banana
-0.906,1.099,-0.403,0.389,Banana
0.726,-0.816,-0.714,-0.843,Grape
0.464,-0.82,0.621,1.153,Watermelon
0.718,-1.099,-0.491,0.332,Orange
0.741,-0.559,0.413,-0.484,Lemon
1.526,-0.845,-0.561,-1.283,Grape
0.994,-0.412,-0.757,-1.445,Grape
0.697,-0.786,0.871,0.511,Watermelon
-1.025,0.958,-0.938,0.485,Banana
-0.837,0.731,-1.144,0.625,Banana
-1.19,0.862,-1.526,0.29,Banana
-0.879,0.309,-1.375,-0.198,Banana
0.876,-1.669,-0.628,-0.249,Lemon
1.066,-1.154,1.121,1.363,Watermelon
0.962,-1.384,-0.598,-0.86,Grape
0.988,0.307,-0.404,-0.606,Apple
0.574,0.952,-0.488,-0.465,Apple
-0.741,1.089,-1.173,0.082,Banana
-1.159,0.913,-0.796,-0.065,Banana
1.51,1.205,-1.258,-0.27,Apple
-0.636,1.136,-1.144,0.279,Banana
1.062,-0.331,-1.495,-1.212,Grape
1.574,-0.988,1.535,2.0,Watermelon
0.828,-1.419,0.907,1.385,Watermelon
1.434,0.195,-1.013,-0.829,Grape
0.751,0.123,-0.314,-0.704,Apple
1.225,-1.658,0.741,1.094,Watermelon
0.73,-1.017,0.054,0.049,Lemon
0.76,-0.437,1.617,0.957,Watermelon
0.616,-1.018,-0.826,-0.691,Lemon
1.462,-0.447,-1.194,-1.324,Grape
0.335,-1.057,-0.28,-0.801,Lemon
0.916,-0.931,-0.55,-0.141,Lemon
-0.705,0.508,-1.379,0.22,Banana
1.125,-0.122,-0.977,-0.404,Grape
-1.247,0.812,-1.107,0.014,Banana
1.406,-1.969,-0.476,0.202,Orange
-1.109,1.376,-0.231,0.328,Banana
1.409,-0.153,-0.159,-0.217,Orange
0.916,-0.586,-0.614,-0.669,Lemon
1.601,-1.095,0.118,-0.108,Orange
1.639,-1.297,0.702,1.299,Watermelon
-1.396,1.041,-0.458,-0.325,Banana
1.141,-0.176,-1.009,-1.324,Grape
0.908,0.707,-0.276,-0.397,Apple
0.82,1.163,0.253,-0.185,Apple
1.47,-0.447,-0.505,-0.104,Orange
-1.149,0.481,-0.875,-0.068,Banana
1.17,0.455,-0.24,-0.85,Apple
1.236,0.862,-0.471,0.094,Apple
0.487,-0.961,-0.67,-0.322,Lemon
1.365,1.292,-0.463,0.123,Apple
0.279,-1.26,-0.645,-0.134,Lemon
0.59,-0.288,-1.019,-1.152,Grape
1.384,-1.281,1.8,0.938,Watermelon
1.052,-0.46,-0.238,0.216,Orange
0.316,-1.155,-0.161,0.178,Orange
1.269,-0.763,1.371,1.166,Watermelon
-1.75,1.505,-1.293,0.41,Banana
1.063,-0.583,-1.387,-1.679,Grape
0.649,-0.711,-0.806,-0.508,Orange
1.146,-1.36,0.81,1.029,Watermelon
-0.901,0.633,-0.951,0.44,Banana
-1.446,1.075,-1.251,0.343,Banana
-0.747,0.938,-0.68,0.577,Banana
1.318,-0.859,1.385,1.135,Watermelon
0.416,-0.877,-1.074,-1.031,Grape
1.125,-0.882,-0.297,-1.036,Grape
0.997,-1.235,-0.651,-0.244,Orange
1.01,0.97,0.279,-0.344,Apple
0.57,-0.715,-0.66,-0.311,Lemon
0.152,-1.445,-0.557,-0.581,Lemon
0.717,-0.957,1.073,0.752,Watermelon
0.418,-0.924,-0.957,-0.711,Lemon
1.187,-1.008,0.833,0.684,Watermelon
0.645,-1.046,1.709,1.198,Watermelon
0.533,-0.752,-0.566,-0.202,Orange
0.794,0.108,-1.397,-0.89,Grape
0.76,-0.741,1.103,1.439,Watermelon
-0.749,0.757,0.021,0.494,Banana
-1.193,1.072,-0.779,0.507,Banana
1.174,-0.662,0.004,-0.497,Orange
1.338,-0.311,-0.32,-0.486,Lemon
-0.98,0.887,-1.068,-0.465,Banana
-0.464,1.412,-1.587,0.611,Banana
0.997,-1.07,1.172,0.39,Watermelon
-1.004,1.028,-0.972,-0.179,Banana
1.156,-0.629,1.143,0.92,Watermelon
1.941,0.676,-0.029,-0.215,Apple
1.704,-0.865,-0.09,-0.023,Orange
0.63,-1.304,-0.396,0.135,Orange
1.082,-0.672,-0.52,-1.694,Grape
0.546,0.126,0.123,-0.334,Apple
1.338,-1.038,1.358,0.956,Watermelon
1.143,-0.908,-0.182,0.39,Orange
-1.569,0.976,-0.931,0.317,Banana
0.861,-0.787,-0.464,-1.025,Grape
-0.147,1.185,-1.101,0.493,Banana
1.038,-0.53,0.591,0.37,Watermelon
1.126,-0.308,-0.9,-0.765,Grape
1.184,-1.518,-0.202,0.261,Orange
1.06,-1.458,0.883,1.195,Watermelon
1.628,-1.285,-0.874,-1.326,Grape
-0.822,1.206,-1.082,0.521,Banana
0.999,-1.058,-1.068,-0.001,Lemon
1.29,-0.403,-1.242,-0.655,Grape
1.715,-1.042,-0.267,-0.573,Orange
0.748,0.624,-0.254,-0.419,Apple
1.13,0.688,-0.359,-0.634,Apple
1.066,0.429,-0.247,-0.398,Apple
1.063,-1.578,1.229,0.895,Watermelon
-0.924,0.345,-1.435,0.163,Banana
-0.519,1.185,-0.955,-0.024,Banana
0.613,-0.503,-0.755,-0.927,Grape
1.598,-1.239,1.063,0.407,Watermelon
1.074,1.514,-0.665,-0.005,Apple
1.504,-0.841,-0.837,-0.447,Grape
0.681,-0.725,-1.221,-0.291,Lemon
-0.819,0.536,-1.338,0.511,Banana
0.894,-0.611,1.109,1.02,Watermelon
0.94,-0.498,-0.719,-0.813,Grape
0.852,-0.566,1.23,1.135,Watermelon
1.032,-0.825,0.359,1.084,Watermelon
1.174,-0.923,-0.571,-0.709,Lemon
0.772,-1.068,-0.142,-0.802,Lemon
0.842,-0.81,-0.358,-1.066,Grape
0.408,-1.732,-0.919,-0.315,Lemon
1.183,-1.228,0.792,1.651,Watermelon
1.944,-0.598,1.546,1.62,Watermelon
-0.225,0.894,-1.307,0.942,Banana
0.662,-1.36,0.648,0.954,Watermelon
-0.095,-1.502,-0.818,-0.919,Lemon
1.372,-0.998,1.202,1.164,Watermelon
0.928,1.346,-0.142,-0.411,Apple
0.011,-0.818,-1.041,-0.367,Lemon
1.028,-1.076,-0.91,-0.933,Grape
-0.932,1.051,-1.228,0.507,Banana
0.759,-1.376,-0.064,0.128,Orange
1.212,0.927,-0.979,0.219,Apple
0.316,-0.395,-0.261,-0.948,Grape
1.102,-0.867,-0.231,0.623,Orange
-1.295,0.661,-1.115,0.909,Banana
0.798,-0.449,-0.625,-0.727,Grape
0.956,-0.504,-0.492,-0.66,Lemon
1.052,-1.119,0.583,-0.386,Orange
1.169,-1.525,1.046,0.9,Watermelon
1.236,1.246,0.196,0.168,Apple
0.577,-1.331,-0.889,-0.394,Lemon
0.655,-0.91,-0.787,0.003,Lemon
0.485,-1.207,-0.677,-0.273,Orange
1.436,-1.101,1.036,1.232,Watermelon
0.883,1.134,-0.212,-0.696,Apple
0.837,-0.476,-0.551,-0.552,Grape
1.333,-0.83,-0.745,-0.522,Lemon
0.96,-1.143,1.134,1.15,Watermelon
-1.411,1.381,-1.643,0.222,Banana
1.402,-0.787,-0.425,0.489,Orange
0.846,-1.701,1.158,0.378,Watermelon
0.309,-0.782,-0.761,-0.297,Lemon
0.595,-0.7,0.408,1.462,Watermelon
0.834,1.536,-0.594,0.374,Apple
0.265,-1.628,-0.585,-0.068,Lemon
1.277,-0.193,-0.716,-1.287,Grape
1.268,-0.568,-1.248,-0.937,Grape
-1.02,1.496,-1.18,0.103,Banana
0.755,0.064,-1.225,-0.546,Grape
0.639,-0.823,-0.208,0.232,Orange
1.381,-0.971,0.812,1.569,Watermelon
0.777,-1.794,-0.95,-0.765,Orange
1.208,-0.225,-1.014,-0.474,Orange
1.031,1.541,-0.576,-0.093,Apple
-1.088,1.913,-0.949,0.424,Banana
1.029,-1.145,0.032,-0.606,Orange
0.299,-1.053,-0.015,-0.403,Orange
-0.935,0.573,-0.628,0.528,Banana
1.007,-0.541,-1.488,-1.472,Grape
-1.043,1.18,-0.802,0.173,Banana
1.261,-0.103,-1.031,-0.892,Grape
-1.073,0.956,-0.941,0.896,Banana
0.92,-0.711,-0.759,-0.814,Lemon
1.136,-0.565,0.303,-1.058,Orange
1.856,-0.854,1.318,0.391,Watermelon
0.917,-0.712,0.589,-0.011,Watermelon
1.117,-0.617,-0.496,-1.056,Grape
0.57,-0.756,-0.238,-0.748,Lemon
-0.669,0.817,-0.994,0.535,Banana
1.296,1.111,-0.678,-0.955,Apple
0.934,1.34,-0.143,-0.215,Apple
0.998,-0.892,0.652,1.273,Watermelon
1.296,-1.124,-0.147,-0.801,Orange
1.063,-0.647,-0.559,-1.07,Grape
0.904,-1.137,-1.4,-0.579,Lemon
0.669,-0.947,-0.542,-0.677,Lemon
0.887,-1.394,0.301,0.963,Watermelon
-1.261,1.378,-1.764,0.402,Banana
1.743,-1.064,-0.301,-0.051,Orange
1.177,-1.143,0.647,1.228,Watermelon
0.332,1.291,-0.437,-0.299,Apple
0.816,-0.499,1.087,0.887,Watermelon
0.878,-1.052,1.839,0.539,Watermelon
1.379,-0.801,1.539,1.22,Watermelon
-0.999,1.357,-0.92,0.564,Banana
1.5,-0.568,-1.149,-1.225,Grape
-0.842,0.693,-1.122,-0.039,Banana
0.778,-1.263,-1.05,-0.889,Lemon
-1.2,0.832,-0.912,0.243,Banana
1.13,-0.842,1.259,0.332,Watermelon
0.605,-0.806,-0.226,0.142,Orange
0.46,-0.766,-1.104,-0.942,Grape
1.013,-0.836,0.96,1.48,Watermelon
1.592,-1.391,1.016,1.279,Watermelon
0.805,-1.143,-0.511,-1.054,Lemon
0.993,0.489,-0.122,-0.691,Apple
1.057,-0.888,-0.273,-0.421,Orange
0.926,-0.187,-1.149,-0.992,Grape
0.405,-0.643,-0.573,-0.767,Lemon
1.002,-1.084,0.187,-0.216,Orange
0.516,1.175,0.325,0.119,Apple
0.614,-1.094,0.989,0.994,Watermelon
-0.867,0.88,-1.32,0.633,Banana
0.607,0.719,-0.695,-0.086,Apple
-0.963,1.309,-1.275,-0.139,Banana
0.445,-1.064,-0.527,-1.089,Lemon
0.768,-1.313,-0.827,-0.089,Lemon
-1.764,1.113,-0.888,0.013,Banana
0.844,-0.573,0.387,0.173,Orange
-0.34,0.758,-1.553,0.282,Banana
1.282,0.351,-0.624,-0.585,Apple
1.125,-0.92,0.729,1.063,Watermelon
0.599,-1.149,-0.743,-0.253,Orange
0.72,1.242,-0.309,-0.379,Apple
1.619,1.134,-0.429,-0.504,Apple
0.587,0.977,-0.192,-0.97,Apple
-1.477,0.819,-1.384,0.315,Banana
1.064,-0.643,-0.807,-1.205,Grape
0.984,-0.951,-0.9,-0.973,Grape
0.581,-0.654,-1.013,-0.902,Grape
1.111,-1.252,-0.033,-0.017,Orange
0.346,-1.4,-0.827,-1.015,Lemon
1.073,-0.586,0.198,-0.581,Orange
1.275,-0.57,-1.839,-1.116,Grape
-1.155,1.424,-1.305,0.497,Banana
-1.037,0.494,-1.193,0.836,Banana
0.939,1.317,-0.002,-0.457,Apple
0.551,0.597,0.208,-0.247,Apple
0.393,-0.308,-1.625,-1.289,Grape
-0.972,1.882,-0.714,0.131,Banana
0.61,-0.678,-0.102,-0.587,Lemon
-1.077,0.709,-0.767,0.659,Banana
0.321,0.861,-0.725,-0.247,Apple
0.167,-1.462,-0.207,-0.558,Lemon
0.979,1.151,0.04,-0.447,Apple
0.861,-0.737,-0.621,-1.024,Grape
0.498,-0.863,0.041,-0.474,Lemon
0.506,-0.32,-0.135,-0.085,Lemon
0.825,-1.21,-0.942,0.138,Orange
1.027,-1.63,0.121,-0.318,Orange
-1.075,0.47,-0.828,0.476,Banana
0.983,0.854,0.619,-0.721,Apple
0.347,-0.752,-0.955,-0.881,Lemon
1.396,-0.788,-0.131,-0.136,Orange
0.758,-1.088,-0.328,0.096,Orange
1.149,-1.325,1.276,0.413,Watermelon
0.888,-1.4,-0.6,0.474,Orange
-1.515,0.713,-0.821,0.135,Banana
0.654,-0.5,-0.371,-0.664,Lemon
0.953,1.186,-0.078,-0.293,Apple
1.126,-0.873,0.968,0.788,Watermelon
1.26,-0.898,0.272,0.711,Watermelon
0.432,-1.07,-0.179,0.621,Lemon
-0.261,-0.893,-0.576,-0.563,Lemon
1.19,-0.548,-1.127,-0.99,Grape
1.195,-0.838,1.066,0.796,Watermelon
1.987,-0.874,1.267,0.822,Watermelon
-0.934,1.064,-1.669,0.049,Banana
0.743,-0.81,-1.374,-0.985,Grape
1.489,-0.554,-1.413,-1.361,Grape
0.468,-1.495,-0.493,-0.026,Lemon
0.798,-0.973,0.85,0.78,Watermelon
1.066,-1.232,0.717,0.433,Watermelon
0.623,-0.627,-0.352,0.022,Lemon
0.364,-0.702,-0.986,-0.252,Lemon
1.575,-0.426,-0.418,-1.21,Grape
0.953,-1.32,1.012,1.094,Watermelon
1.009,-1.166,0.828,1.121,Watermelon
0.944,-1.403,0.336,0.792,Watermelon
0.516,-0.892,-1.148,-1.051,Grape
0.367,-0.233,-1.041,-0.077,Lemon
0.943,0.77,-0.094,-0.459,Apple
-1.282,1.626,-1.768,0.214,Banana
1.067,-0.107,-1.139,-0.069,Grape
1.266,-1.829,0.491,1.083,Watermelon
0.6,-0.408,-1.159,-1.419,Grape
0.262,-0.702,-1.308,-0.134,Lemon
1.376,-0.716,-1.492,-0.805,Grape
0.43,-1.53,0.068,-0.81,Lemon
0.485,1.1,-0.324,0.22,Apple
0.867,-1.129,-0.183,-0.13,Orange
-0.919,1.095,-0.942,0.154,Banana
0.891,-1.126,-0.318,-0.014,Lemon
0.763,0.242,-1.249,-1.247,Grape
-0.811,1.155,-0.975,0.586,Banana
0.688,-0.277,-0.619,-0.799,Lemon
0.807,-0.835,1.17,1.072,Watermelon
0.703,1.388,0.378,-0.29,Apple
-0.366,1.303,-0.223,0.465,Banana
1.048,1.295,-0.452,-0.158,Apple
1.466,-0.713,-0.311,-0.13,Orange
1.265,-0.746,-0.037,-0.081,Orange
0.711,-0.833,-0.839,-0.709,Grape
1.246,-0.836,-1.053,-1.411,Grape
0.513,-0.971,0.175,-0.165,Orange
1.268,-1.057,-0.589,-0.847,Lemon
0.878,-1.416,-0.841,-0.611,Orange
1.03,-1.258,0.825,1.143,Watermelon
0.458,-0.972,1.297,1.327,Watermelon
-0.819,0.982,-1.218,0.271,Banana
1.579,-0.504,-1.037,-0.803,Grape
1.017,1.079,-0.386,-0.445,Apple
1.349,-1.683,-0.132,-0.367,Orange
0.333,-1.341,-0.313,-0.164,Orange
0.859,-0.717,-1.141,-0.368,Lemon
1.255,1.077,-0.124,-0.976,Apple
0.653,-0.522,0.902,1.778,Watermelon
0.553,-0.453,0.786,1.302,Watermelon
0.897,-0.96,-0.092,-0.415,Orange
1.28,-1.093,-0.238,-1.126,Orange
0.482,-0.558,-0.357,-0.19,Lemon
1.019,1.587,-0.199,-0.531,Apple
1.299,-0.277,-0.78,-1.141,Grape
1.099,1.488,-0.133,-0.817,Apple
0.78,-1.236,-0.564,-0.939,Orange
1.662,0.693,-0.581,-0.98,Apple
1.303,0.968,-0.423,-0.404,Apple
1.206,-0.768,-1.696,-1.452,Grape
-1.47,1.096,-0.674,0.813,Banana
0.428,1.217,-0.515,0.723,Apple
-0.516,1.596,-0.719,0.434,Banana
0.859,-0.81,-1.28,-0.784,Grape
1.546,-0.725,-1.253,-1.519,Grape
1.086,1.43,0.148,0.182,Apple
0.745,-0.968,-0.151,-0.889,Lemon
0.846,1.599,-0.676,-0.312,Apple
1.221,-0.971,1.402,1.534,Watermelon
1.168,1.487,-0.625,-0.355,Apple
1.842,0.08,-1.447,-1.004,Grape
1.048,-0.854,1.446,1.644,Watermelon
1.013,-0.607,1.227,0.993,Watermelon
-1.594,1.356,-0.788,0.436,Banana
0.257,-0.314,-0.547,-0.899,Lemon
0.544,1.237,-0.052,-0.462,Apple
0.762,-0.766,-0.551,-0.745,Lemon
0.936,-0.707,-0.401,-0.792,Lemon
0.534,1.027,0.025,0.064,Apple
1.205,-0.758,-1.281,-1.006,Grape
-1.003,1.388,-1.168,0.161,Banana
1.719,-0.457,0.691,1.514,Watermelon
0.607,-1.152,-0.412,-0.227,Orange
1.217,1.037,-0.085,-0.441,Apple
-0.869,1.028,-1.486,0.469,Banana
-0.966,0.75,-1.149,0.16,Banana
0.914,-0.384,1.732,0.046,Watermelon
1.171,-0.266,-1.076,-0.675,Grape
1.179,-1.48,-0.553,0.185,Lemon
0.567,-0.64,-1.157,-0.632,Grape
1.417,-0.943,-0.289,-0.802,Orange
1.498,0.876,-0.35,0.04,Apple
0.669,-0.649,-0.389,-0.429,Lemon
1.109,0.607,-0.352,0.079,Apple
-1.315,0.75,-1.308,0.354,Banana
1.491,-0.808,-1.062,0.027,Orange
0.845,-0.422,-1.052,-1.301,Grape
0.975,-1.155,-0.192,-0.51,Orange
0.206,-0.744,-0.212,-0.297,Lemon
0.373,-1.259,-0.839,-0.188,Lemon
0.711,-0.691,1.223,1.433,Watermelon
1.372,-0.41,-1.514,-0.786,Grape
1.04,-1.131,0.177,-0.253,Orange
0.815,1.393,-0.442,-0.503,Apple
-1.395,0.713,-1.257,0.517,Banana
0.643,-1.65,-0.194,-0.422,Orange
-1.006,1.449,-0.975,0.828,Banana
0.976,-0.648,0.808,1.038,Watermelon
0.673,-0.885,-1.079,-1.465,Grape
1.056,-1.106,1.082,0.54,Watermelon
1.246,-0.406,0.22,0.466,Orange
-0.985,0.877,-0.829,0.217,Banana
0.391,-0.713,0.918,0.486,Watermelon
0.822,-1.074,-0.296,-0.192,Orange
1.079,-1.451,-0.653,-0.808,Lemon
1.04,-1.197,-0.72,-0.133,Lemon
1.464,-0.485,-0.875,-0.031,Orange
1.095,0.982,-0.277,0.15,Apple
0.964,-0.686,-0.528,0.295,Lemon
-1.14,0.434,-1.093,0.32,Banana
1.056,-1.179,-0.428,-1.017,Lemon
1.378,-0.976,0.902,1.746,Watermelon
-0.626,0.636,-1.038,1.258,Banana
1.693,-0.677,-0.946,0.266,Orange
0.778,-0.537,0.747,1.171,Watermelon
0.776,-0.727,-0.782,-1.462,Grape
1.43,-1.36,-0.979,-0.281,Lemon
1.452,-1.113,-0.675,-0.523,Orange
0.239,-0.892,-0.624,-0.351,Lemon
1.128,-0.311,-1.143,-1.258,Grape
1.055,-0.619,-0.911,-1.249,Grape
1.225,-1.012,-1.154,-0.605,Grape
0.604,1.368,-0.793,-0.855,Apple
0.477,-0.959,1.255,1.452,Watermelon
1.025,-0.698,-0.891,-0.794,Lemon
1.276,1.497,-0.661,0.153,Apple
-0.072,-0.864,-0.636,-0.571,Lemon
0.611,-1.299,-0.444,-0.479,Lemon
-0.673,1.557,-0.956,0.013,Banana
0.602,-0.406,0.25,0.111,Orange
-0.979,1.285,-0.543,0.084,Banana
1.01,-1.387,0.955,1.54,Watermelon
0.977,-0.953,-1.543,-0.73,Lemon
0.636,-1.076,-0.589,-0.415,Lemon
0.413,-1.003,-0.652,-0.746,Lemon
1.246,-1.167,-1.389,0.124,Lemon
0.704,1.315,-0.538,-0.101,Apple
0.983,1.35,-0.375,-0.529,Apple
0.69,-1.134,-1.275,-0.711,Lemon
2.0,0.363,-0.216,-0.385,Apple
1.643,0.611,-0.265,-0.06,Apple
-1.063,0.731,-1.008,0.192,Banana
0.891,-0.274,-0.859,-0.807,Grape
1.116,-0.264,-0.544,-1.1,Grape
1.287,-1.054,-1.789,-0.361,Grape
0.883,-0.912,-0.729,-0.645,Orange
-1.25,1.225,-1.181,0.182,Banana
0.739,-0.592,1.304,0.831,Watermelon
1.239,0.914,-0.418,-0.317,Apple
1.225,-0.912,-0.824,-0.126,Grape
1.064,-0.587,-1.029,-0.833,Grape
0.036,-0.405,-0.257,-0.726,Lemon
1.011,-1.195,-0.195,-0.179,Orange
1.08,-0.96,-1.169,-0.599,Grape
0.813,-1.525,-1.053,-0.156,Grape
-0.703,0.796,-1.018,0.538,Banana
-0.015,-1.3,-0.461,0.058,Lemon
0.846,-0.452,0.736,-0.185,Watermelon
1.26,1.189,-0.042,-0.056,Apple
0.667,-1.091,-0.677,-0.661,Lemon
0.86,0.366,-0.725,-0.357,Apple
-0.184,-1.703,-0.717,-0.545,Lemon
0.89,-1.833,1.543,0.497,Watermelon
0.714,0.558,0.155,-0.153,Apple
0.834,-0.79,-0.937,-1.436,Grape
1.133,0.808,-0.118,-0.13,Apple
0.392,-1.718,-0.686,-1.007,Lemon
1.028,-1.09,-0.506,-0.653,Orange
1.415,-0.759,-0.176,-0.988,Grape
1.123,-0.986,-0.18,0.182,Orange
0.986,-1.618,-0.301,-0.326,Lemon
1.013,-0.401,1.613,1.317,Watermelon
-1.19,0.583,-0.736,0.776,Banana
0.29,-0.62,0.911,0.367,Watermelon
1.164,-0.282,-1.123,-1.37,Grape
-0.401,0.766,-0.594,-0.23,Banana
-0.854,1.136,-0.694,0.823,Banana
0.315,-0.818,-1.078,-0.982,Lemon
0.798,-0.857,0.287,0.451,Orange
0.876,-0.893,1.33,1.268,Watermelon
0.941,-0.973,0.961,0.927,Watermelon
-1.119,0.958,-1.142,-0.097,Banana
0.902,-0.819,0.057,-0.371,Lemon
0.854,0.781,-0.283,-0.106,Apple
0.514,-1.515,-0.859,-0.494,Lemon
-0.741,0.48,-0.907,0.377,Banana
0.842,-1.205,-0.558,-0.151,Orange
1.394,-0.581,0.607,0.935,Watermelon
0.232,-0.962,-0.091,0.35,Orange
0.375,0.619,-0.25,-0.866,Apple
1.06,-0.382,-1.448,-0.954,Grape
0.576,-0.519,-0.228,-0.424,Orange
0.567,-0.464,-0.525,-1.27,Grape
0.846,0.737,0.244,-0.968,Apple
-0.55,0.868,-1.025,0.181,Banana
0.684,-1.255,-0.23,-0.115,Lemon
0.656,-0.766,-0.425,-0.182,Orange
1.534,-1.236,1.324,1.16,Watermelon
0.532,-0.871,-0.513,-0.905,Lemon
0.388,-1.366,-0.697,-0.029,Lemon
1.203,-1.501,0.904,1.082,Watermelon
0.86,-1.228,-1.033,-0.52,Lemon
0.799,-0.918,-0.91,0.114,Lemon
0.965,-0.532,-1.232,-0.613,Grape
-0.8,1.11,-1.403,0.683,Banana
1.265,1.355,-0.287,-0.326,Apple
0.936,1.798,-0.49,-0.715,Apple
0.869,0.813,0.141,-0.775,Apple
0.804,1.067,0.144,-0.05,Apple
1.567,1.121,-0.371,-0.001,Apple
0.521,0.402,0.042,-0.226,Apple
1.337,-0.898,-0.55,-0.765,Grape
0.989,1.073,-0.179,-0.6,Apple
0.865,-0.884,0.851,0.486,Watermelon
1.103,-0.707,1.374,1.186,Watermelon
0.886,-0.654,-0.572,-1.242,Lemon
1.006,-1.313,-0.996,-0.886,Lemon
1.87,1.154,-0.665,-0.539,Apple
-1.0,1.19,-0.902,-0.025,Banana
1.111,-0.814,-0.634,-0.98,Grape
0.734,-0.759,1.134,0.834,Watermelon
1.256,-0.78,0.121,0.049,Orange
-1.075,0.408,-0.935,0.42,Banana
1.018,-2.0,1.238,0.681,Watermelon
1.24,-0.005,-1.088,-0.847,Grape
1.011,1.184,-0.264,-0.481,Apple
-1.317,1.557,-0.847,0.591,Banana
1.14,1.342,-0.614,-0.271,Apple
1.177,-0.548,1.936,1.143,Watermelon
0.769,-1.418,-0.617,-0.471,Orange
-0.015,0.764,-0.049,-0.274,Apple
0.909,-1.568,0.068,-0.021,Orange
0.995,-1.371,-1.172,-0.848,Grape
-1.01,1.067,-0.76,0.354,Banana
1.227,-1.295,0.572,1.167,Watermelon
1.239,1.182,-0.254,-0.413,Apple
0.674,-0.867,-0.446,0.412,Lemon
0.678,0.129,-0.74,-0.065,Orange
0.582,-0.893,1.344,1.011,Watermelon
0.941,-1.148,-1.317,-0.281,Lemon
1.011,-1.168,-0.444,-0.058,Orange
-1.285,1.131,-0.584,1.021,Banana
1.492,1.057,-0.21,-0.44,Apple
-1.163,1.305,-1.108,0.428,Banana
0.263,-0.52,-0.713,-0.119,Lemon
-1.246,0.735,-0.535,0.081,Banana
0.451,0.636,-0.0,-0.034,Apple
0.733,0.779,-0.064,0.161,Apple
-1.024,1.194,-0.694,1.054,Banana
0.595,-1.234,-0.477,0.09,Orange
0.912,-0.891,1.043,1.001,Watermelon
1.038,1.36,-0.64,-0.352,Apple
0.575,-0.521,-1.068,-0.626,Grape
0.598,-1.155,-0.686,0.103,Lemon
-1.55,0.78,-0.987,0.077,Banana
-0.828,0.98,-0.91,0.341,Banana
0.964,0.548,-0.238,-0.917,Apple
0.765,-0.429,-0.584,-0.178,Grape
0.45,-1.303,-0.417,0.154,Lemon
1.536,-1.362,0.951,1.298,Watermelon
-0.678,1.207,-1.157,0.504,Banana
-0.675,0.674,-0.534,0.647,Banana
-1.26,1.324,-0.715,0.598,Banana
1.552,-1.004,-0.184,-1.124,Orange
0.991,-0.643,-0.125,-0.828,Lemon
1.337,-0.643,0.772,1.37,Watermelon
1.162,-1.194,-0.795,-1.269,Grape
0.413,1.128,-0.323,0.191,Apple
1.064,1.272,-0.122,0.057,Apple
0.69,-0.531,-1.049,-0.771,Grape
1.09,-1.215,0.882,1.577,Watermelon
0.407,-0.352,-0.565,-0.797,Grape
-0.31,1.328,-0.866,0.137,Banana
1.141,1.239,-0.299,-0.56,Apple
0.579,-0.535,-1.518,-1.165,Grape
0.149,1.292,0.104,-0.272,Apple
-0.359,1.472,-0.832,0.26,Banana
0.878,-0.803,-0.349,-0.008,Orange
1.218,-1.08,0.084,-0.28,Orange
1.007,-1.342,0.905,1.755,Watermelon
0.685,-0.447,-1.159,-1.775,Grape
1.196,-1.195,1.112,1.346,Watermelon
1.082,-0.885,-0.604,0.047,Orange
0.934,0.301,-0.01,0.097,Apple
1.518,-0.24,1.271,1.18,Watermelon
0.982,-1.31,-1.185,-0.667,Lemon
1.447,-1.231,-0.137,0.001,Orange
1.085,-1.447,1.12,0.852,Watermelon
1.596,1.398,-0.435,0.318,Apple
1.12,0.415,-0.327,0.272,Apple
0.713,0.976,-0.776,-0.72,Apple
0.708,-1.03,-1.216,-0.392,Grape
0.987,-0.725,0.082,-0.588,Orange
0.709,-0.332,-1.222,-0.755,Grape
1.587,-1.509,-0.425,-0.269,Orange
0.816,0.787,-0.472,-0.305,Apple
1.058,-0.666,0.991,1.391,Watermelon
0.793,0.58,-0.407,-0.138,Apple
-0.699,1.511,-0.898,0.564,Banana
1.479,-0.873,-1.074,-0.03,Grape
1.3,-0.421,-0.687,-1.467,Grape
0.374,-1.354,-0.453,-0.629,Lemon
0.633,-1.109,-1.169,-0.19,Lemon
0.383,-1.255,0.54,0.692,Watermelon
1.071,-0.568,0.454,0.805,Watermelon
-0.012,-1.212,-0.575,-0.232,Lemon
0.259,-0.807,-0.64,-0.626,Orange
1.024,-0.78,0.965,0.617,Watermelon
-1.035,0.746,-0.789,0.676,Banana
0.954,-1.007,-0.207,-0.857,Lemon
1.624,-1.359,-1.011,0.278,Orange
0.751,-0.959,0.639,1.827,Watermelon
1.638,-0.059,-0.969,-0.657,Grape
-1.019,1.393,-1.144,0.855,Banana
0.839,-1.122,-0.463,-0.133,Orange
0.864,-0.829,0.832,1.277,Watermelon
1.531,1.027,0.476,0.095,Apple
1.748,-1.021,-0.882,-0.447,Orange
0.389,-1.334,-1.369,-0.141,Lemon
0.349,-0.675,0.465,-0.472,Orange
-0.864,0.86,-0.711,-0.118,Banana
0.954,-0.608,0.983,0.43,Watermelon
-0.565,0.546,-0.972,0.504,Banana
1.042,-0.112,-0.043,-0.271,Orange
1.211,-0.927,1.016,1.085,Watermelon
0.848,-0.925,-0.477,-0.864,Orange
0.999,-1.198,-0.551,-0.766,Lemon
0.744,-0.964,-0.668,-0.584,Grape
1.009,0.812,-0.893,-0.022,Apple
0.363,-1.391,-0.59,-0.617,Lemon
0.469,-1.083,-0.882,-1.229,Grape
1.179,1.051,0.067,-0.591,Apple
0.681,-0.777,-0.819,-0.105,Lemon
0.417,-1.292,0.404,0.742,Watermelon
0.946,-0.309,-1.054,-1.208,Grape
-1.542,0.575,-0.891,0.609,Banana
0.853,-0.176,-1.332,-1.137,Grape
0.493,-0.465,-0.553,-1.129,Lemon
1.333,-0.354,-0.387,-0.514,Orange
1.302,-0.313,1.297,0.432,Watermelon
1.264,-0.859,-0.634,0.251,Orange
1.153,-0.54,-0.672,-0.06,Orange
0.287,-0.913,-0.083,-0.999,Lemon
0.121,-0.666,-0.605,-0.09,Lemon
0.717,1.018,-0.059,-0.226,Apple
-0.026,-0.012,-0.526,-0.969,Lemon
1.11,-0.85,0.048,0.125,Orange
0.925,-1.603,-0.139,-0.775,Orange
1.025,-1.256,-0.378,-0.73,Lemon
0.828,-0.88,-0.749,-1.217,Grape
1.269,0.792,-0.381,-0.288,Apple
1.054,-1.323,-0.054,-0.295,Orange
1.19,-0.606,-0.795,-1.144,Grape
0.724,-0.451,-1.173,-0.489,Grape
1.024,-1.481,-0.505,-0.55,Orange
1.376,-0.729,0.979,1.102,Watermelon
0.969,-0.699,1.182,1.245,Watermelon
0.933,-1.221,1.233,1.543,Watermelon
1.387,-0.446,-0.243,-0.539,Orange
0.692,1.483,-0.952,0.227,Apple
0.724,0.073,-1.025,-0.747,Grape
-0.165,0.884,-1.121,0.057,Banana
0.649,-0.715,-1.194,-1.438,Grape
0.926,1.157,-0.614,-0.357,Apple
1.492,-1.497,1.676,0.764,Watermelon
1.07,-0.552,0.255,-0.036,Orange
-1.243,0.726,-1.201,0.961,Banana
0.466,-0.887,-0.965,-0.905,Lemon
0.609,-1.114,-0.688,-1.018,Lemon
0.974,-0.058,-1.299,-0.686,Grape
-0.213,0.719,-0.969,0.133,Apple
1.308,-1.362,-0.199,0.221,Orange
-0.525,0.858,-1.773,-0.014,Banana
1.268,0.135,-1.019,-1.212,Grape
1.84,-0.858,0.57,0.958,Watermelon
-0.65,0.975,-0.722,-0.262,Banana
0.498,-1.257,0.901,1.117,Watermelon
1.223,-0.137,-0.558,-0.31,Orange
-1.249,1.378,-0.603,0.143,Banana
-0.277,0.752,-0.64,0.809,Banana
0.523,-0.798,-1.254,0.088,Orange
0.214,-0.801,-0.336,-0.108,Lemon
1.312,1.02,-0.433,-0.326,Apple
0.609,-0.674,-1.102,-1.276,Grape
-0.009,-1.447,-1.703,-0.608,Lemon
0.726,-1.939,-0.517,-0.543,Lemon
0.588,-1.151,0.068,-0.541,Orange
0.628,-0.879,-0.888,-0.147,Lemon
0.741,-1.088,0.227,-0.146,Lemon
0.01,-1.136,0.263,-0.844,Lemon
1.023,-0.569,-0.072,0.079,Orange
-0.742,1.009,-1.277,0.452,Banana
0.859,0.832,0.219,-0.433,Apple
1.197,-0.91,-0.656,-1.136,Lemon
1.342,-1.002,-1.395,-0.154,Lemon
0.982,0.674,0.026,-1.192,Apple
0.75,-1.105,1.298,1.784,Watermelon
0.914,-0.839,0.662,-0.198,Orange
1.164,-1.033,-0.314,-1.25,Grape
1.094,1.084,-0.27,-0.452,Apple
1.084,-0.385,0.498,-0.261,Orange
0.843,-1.283,0.64,-0.155,Orange
1.39,-0.756,1.773,0.913,Watermelon
-1.387,1.651,-0.684,0.46,Banana
1.537,-0.42,-0.451,-0.914,Grape
-0.684,1.184,-1.114,0.228,Banana
0.462,-0.907,-0.76,-0.347,Lemon
1.141,-0.928,1.078,0.802,Watermelon
0.901,0.415,-0.342,-0.645,Apple
1.035,-1.25,-1.018,0.588,Orange
0.919,-0.094,-1.184,-0.406,Grape
0.197,-0.938,-0.982,0.41,Lemon
0.913,1.29,-0.142,-0.309,Apple
1.181,1.476,-0.066,-0.243,Apple
1.182,0.07,-1.146,-1.649,Grape
0.616,0.642,-0.608,-0.596,Apple
-1.008,1.087,-0.917,0.044,Banana
1.348,-0.813,0.253,0.096,Orange
-1.122,1.457,-0.904,0.579,Banana
1.252,-1.044,-0.264,-0.246,Orange
0.701,0.249,-0.543,-0.23,Apple
-0.62,1.279,-1.098,0.062,Banana
-1.063,0.659,-1.74,-0.241,Banana
1.481,0.05,-0.736,-1.02,Grape
0.512,-1.056,-0.086,0.09,Orange
-0.759,1.423,-0.32,0.158,Banana
1.982,-1.307,-1.272,-0.93,Grape
1.192,-0.664,-1.174,-0.229,Grape
0.81,-0.957,-0.408,-0.703,Grape
1.383,-0.531,-1.482,-0.97,Grape
0.07,-0.915,-0.371,-0.124,Lemon
0.968,1.262,-0.616,0.038,Apple
-0.764,0.72,-0.814,0.681,Banana
0.628,-1.288,-0.538,-0.307,Lemon
-1.291,0.647,-0.817,0.588,Banana
-0.248,1.233,-1.423,1.014,Banana
1.369,-1.302,-1.361,-1.172,Grape
0.893,-1.833,-0.642,-0.227,Lemon
0.008,-0.739,0.003,-0.496,Orange
0.596,-0.902,-1.935,-1.114,Grape
0.677,-1.427,-0.26,-0.464,Lemon
1.091,-0.741,-0.74,-0.548,Grape
0.857,-0.734,1.27,1.146,Watermelon
1.587,0.746,-0.448,-0.572,Apple
-0.746,0.905,-1.244,0.882,Banana
1.233,-1.115,-1.079,0.152,Lemon
1.165,-0.853,1.037,0.72,Watermelon
0.455,-0.763,-0.757,-0.348,Lemon
-0.995,0.63,-0.433,0.508,Banana
1.116,-0.806,-0.928,-0.373,Orange
-1.535,1.044,-0.886,0.349,Banana
1.413,-1.124,-1.28,-0.855,Grape
1.092,-1.46,0.119,0.34,Orange
1.149,-1.128,-0.944,-0.881,Grape
0.905,-0.528,0.959,1.737,Watermelon
1.274,-0.903,0.022,0.336,Orange
0.915,-1.027,-0.831,-0.893,Lemon
-0.254,-0.939,-0.736,-0.617,Lemon
-0.64,0.961,-0.337,0.099,Banana
0.66,-1.44,-0.047,0.203,Orange
0.792,-1.372,0.236,-0.708,Orange
1.354,0.8,-0.161,0.077,Apple
1.167,0.897,0.189,-0.199,Apple
2.0,-1.597,0.398,1.348,Watermelon
0.989,-0.323,-1.384,-0.981,Grape
-0.84,0.81,-0.919,-0.177,Banana
-0.862,1.506,-1.433,-0.154,Banana
1.016,-1.46,-0.306,-0.481,Lemon
0.854,-0.087,-0.675,-0.902,Grape
0.247,-0.751,-0.675,-0.277,Orange
0.603,-0.336,-0.689,-0.998,Lemon
1.514,-0.746,-0.033,0.321,Orange
1.603,0.688,-0.787,-0.005,Apple
-1.092,0.94,-1.393,0.504,Banana
-0.859,0.946,-1.486,0.723,Banana
1.089,-0.609,-1.036,-0.18,Orange
0.749,1.013,0.03,-0.171,Apple
1.006,-0.596,-1.546,-1.317,Grape
1.392,-1.177,0.099,0.089,Orange
0.908,-0.883,-0.753,-0.553,Lemon
1.224,0.256,0.135,-0.475,Apple
0.97,-1.027,0.986,0.54,Watermelon
1.053,-0.392,-1.716,-1.455,Grape
1.314,1.248,-0.195,-0.539,Apple
1.25,-1.421,-0.348,-0.657,Orange
0.943,-1.361,-0.035,-0.048,Orange
-1.2,1.382,-1.335,0.288,Banana
0.785,1.26,-0.075,0.156,Apple
1.029,-0.036,-0.451,0.248,Apple
0.886,-1.671,-0.143,-0.017,Orange
-1.255,0.914,-1.297,0.483,Banana
1.02,-1.408,-0.303,-0.457,Orange
1.511,-0.687,-0.343,-0.172,Orange
1.355,-1.061,-0.035,0.317,Orange
-1.172,1.576,-0.526,0.387,Banana
0.845,1.083,-0.386,-0.577,Apple
-0.814,0.642,-1.118,0.186,Banana
0.522,1.23,-0.38,0.155,Apple
0.914,-1.142,0.683,1.014,Watermelon
1.016,-0.74,-0.277,0.533,Orange
1.16,-0.945,-1.375,-0.813,Grape
0.644,-0.392,-0.687,-0.678,Grape
0.696,-0.277,-0.887,-1.213,Grape
0.944,-0.435,-1.235,-0.894,Grape
1.506,-0.663,1.029,1.082,Watermelon
0.812,-1.178,-0.838,-0.112,Orange
1.239,0.975,-0.607,-0.277,Apple
1.47,-0.286,-1.01,-0.283,Grape
1.945,0.832,-0.386,-0.057,Apple
0.28,-0.703,-0.564,-0.37,Lemon
-1.201,0.724,-1.695,0.82,Banana
1.33,-0.764,1.122,0.194,Watermelon
0.737,-1.09,0.622,0.407,Watermelon
0.658,1.017,-0.283,0.018,Apple
1.722,1.24,-0.361,0.33,Apple
-1.554,0.272,-1.31,0.584,Banana
1.059,-0.995,-1.254,-1.435,Grape
0.565,-0.057,-1.05,-0.381,Grape
0.688,-0.828,-0.221,0.108,Orange
-0.911,1.345,-0.806,-0.082,Banana
1.256,-0.636,-1.272,-0.757,Grape
1.323,-0.769,-1.123,-1.485,Grape
-1.632,0.915,-0.723,0.099,Banana
-0.5,0.928,-1.07,0.199,Banana
1.344,-1.336,-0.345,-0.392,Orange
0.803,1.012,-0.34,0.068,Apple
0.996,-0.806,1.06,1.491,Watermelon
0.494,-1.105,-0.339,-0.611,Lemon
1.174,-0.182,-0.643,0.336,Orange
0.828,-0.532,-0.06,0.01,Orange
0.947,-1.088,0.747,1.002,Watermelon
0.536,-0.933,-1.094,-0.492,Lemon
-0.558,1.33,-0.992,1.197,Banana
0.398,-1.03,-1.108,-0.641,Lemon
1.626,-1.128,-0.835,0.105,Orange
0.736,-0.709,-0.704,-0.852,Lemon
-1.064,1.194,-1.025,0.436,Banana
0.812,-0.851,0.999,0.753,Watermelon
1.049,-0.735,-0.784,-0.694,Grape
1.176,-1.172,-1.338,-1.223,Grape
0.721,0.81,0.024,-0.055,Apple
0.852,-0.793,1.115,0.988,Watermelon
1.002,-1.231,-0.582,-0.868,Lemon
0.649,-1.476,-0.645,-0.171,Orange
0.494,-1.094,-0.705,0.12,Lemon
0.202,-1.435,-0.896,-0.525,Lemon
0.78,-0.783,-0.269,-0.538,Lemon
0.861,-0.028,-1.974,-0.978,Grape
1.151,0.056,-1.581,-1.147,Grape
0.525,0.371,-0.372,-0.008,Apple
1.422,-1.186,1.233,0.931,Watermelon
1.195,-0.596,-0.368,0.177,Orange
0.575,-0.37,-0.638,-0.674,Grape
0.585,-0.672,-0.894,-0.845,Grape
1.041,1.5,-0.753,-0.384,Apple
0.409,-0.383,-0.806,0.172,Grape
1.359,-0.884,1.089,0.889,Watermelon
1.046,-0.903,-0.988,-0.131,Orange
1.035,1.614,-0.346,-0.568,Apple
0.694,-0.974,-0.646,-0.948,Lemon
-1.055,0.797,-1.076,0.556,Banana
-1.236,0.923,-0.811,0.206,Banana
1.913,-0.913,-0.735,-0.494,Orange
-1.329,0.711,-0.812,-0.087,Banana
0.884,1.4,-0.482,-0.065,Apple
0.411,0.87,-0.61,-0.195,Apple
0.638,0.124,-1.574,-0.602,Grape
0.907,-0.892,-0.581,0.149,Lemon
1.865,-1.073,1.055,0.807,Watermelon
-1.409,1.162,-0.913,-0.264,Banana
-0.84,1.099,-1.21,0.067,Banana
-0.852,1.563,-0.861,0.573,Banana
0.709,-0.745,-0.787,-1.475,Grape
1.073,-0.827,0.987,1.112,Watermelon
1.02,-1.218,0.588,0.968,Watermelon
1.057,-0.641,-0.721,-0.628,Lemon
0.446,-1.154,-0.499,-0.13,Lemon
-0.208,0.71,-0.772,0.49,Banana
-1.115,0.641,-0.904,1.042,Banana
1.094,0.724,-0.355,-0.699,Apple
1.006,1.239,-0.542,-1.439,Apple
0.697,-1.176,-0.863,-0.766,Lemon
1.14,-1.143,0.026,0.133,Orange
0.905,-1.182,1.045,0.949,Watermelon
0.387,-0.33,-0.05,-0.362,Orange
0.329,0.937,-0.506,-0.321,Apple
0.243,0.835,-0.444,-0.367,Apple
0.917,1.018,0.232,-0.48,Apple
0.281,-1.605,-0.779,-0.99,Lemon
1.336,-0.634,-0.671,-0.487,Grape
-1.303,0.878,-0.534,0.366,Banana
1.183,-0.638,0.014,-0.056,Orange
1.489,-0.624,-0.818,-1.062,Grape
1.357,-1.245,-0.889,0.029,Orange
0.643,-1.392,0.143,0.138,Orange
-1.12,-0.066,-0.813,0.532,Banana
-0.819,1.165,-1.063,0.156,Banana
0.613,-0.844,-0.887,-0.882,Grape
0.876,-1.492,-1.181,-0.633,Lemon
0.643,-0.535,-1.458,-0.587,Grape
-1.288,1.557,-0.816,-0.069,Banana
1.733,-0.907,1.058,0.977,Watermelon
1.163,-0.816,0.697,0.925,Watermelon
1.04,-0.796,-0.09,-0.142,Orange
0.807,0.789,-0.717,-0.093,Apple
0.384,-1.067,-0.517,-0.499,Lemon
0.598,-1.317,-0.506,-0.609,Lemon
0.97,-0.595,1.177,0.8,Watermelon
0.948,-0.04,-1.108,-0.986,Grape
-0.768,1.075,-1.13,0.04,Banana
-1.004,1.23,-0.538,-0.213,Banana
1.617,0.899,0.024,-0.558,Apple
0.436,-1.46,0.884,1.183,Watermelon
1.011,-1.088,0.091,-0.199,Orange
1.098,2.0,-0.303,-0.544,Apple
-0.832,1.257,-0.895,0.355,Banana
1.519,1.475,-0.341,-0.525,Apple
1.15,-1.227,0.01,-0.052,Orange
1.935,-0.084,-1.378,-1.182,Grape
-1.67,0.252,-0.96,-0.117,Banana
1.574,-0.595,0.905,0.885,Watermelon
1.52,1.6,-0.626,-0.671,Apple
-1.105,1.151,-1.18,0.458,Banana
1.683,-1.092,-1.156,-1.485,Grape
0.707,-1.103,0.745,1.182,Watermelon
1.053,1.105,-0.407,-0.375,Apple
0.477,-1.087,-0.453,-1.173,Lemon
1.101,-1.304,0.881,0.453,Watermelon
-1.126,1.097,-0.84,-0.115,Banana
0.743,-0.601,-0.773,-0.5,Lemon
0.276,0.686,-0.205,0.034,Apple
-1.21,1.934,-0.89,-0.146,Banana
-0.549,0.561,-0.885,-0.025,Banana
0.525,-0.263,-1.091,-0.396,Grape
0.244,-1.546,-0.768,0.512,Lemon
1.292,-0.806,-0.095,-0.37,Orange
1.955,-0.84,-0.172,0.145,Orange
0.554,-0.908,-1.086,-0.653,Grape
-1.454,0.976,-1.073,-0.251,Banana
-1.178,1.19,-1.519,0.794,Banana
1.164,-0.479,-0.997,-1.382,Grape
-1.227,1.127,-1.228,0.366,Banana
0.685,-0.442,-0.816,-1.57,Grape
1.024,-1.533,-0.951,-0.408,Orange
1.579,-0.729,-0.113,-0.287,Lemon
1.072,-0.687,0.776,1.165,Watermelon
1.012,-0.755,-0.165,-0.436,Lemon
-0.408,0.927,-0.259,0.501,Banana
0.866,-1.413,0.717,0.664,Watermelon
0.969,-1.046,-0.548,-0.961,Grape
1.025,0.592,-0.569,-1.077,Apple
1.166,-1.496,-1.07,-0.005,Lemon
1.136,-0.958,1.119,1.334,Watermelon
1.035,-1.54,1.257,1.148,Watermelon
1.41,0.563,-0.555,-0.163,Apple
0.269,-1.823,-0.531,-0.187,Lemon
0.955,-0.808,-0.159,-0.196,Orange
1.048,-0.128,-1.337,-0.729,Grape
0.187,-1.278,-0.181,-0.923,Lemon
0.515,-0.174,-0.241,-0.758,Lemon
0.802,0.94,0.159,-0.651,Apple
0.628,-0.35,-1.588,-1.319,Grape
0.97,0.988,-0.778,-0.176,Apple
1.194,-0.832,-0.419,-0.881,Grape
0.648,1.567,-0.483,-0.237,Apple
0.83,1.218,-0.469,-0.447,Apple
0.944,-1.176,0.075,-0.64,Orange
0.987,1.031,-0.344,0.039,Apple
0.474,-0.401,-1.436,-1.178,Grape
0.128,-1.116,-0.802,0.073,Lemon
1.084,1.154,-0.688,-0.041,Apple
1.573,-0.696,0.541,0.838,Watermelon
1.038,0.798,0.587,-0.469,Apple
-1.015,0.79,-0.919,0.784,Banana
1.04,-1.077,0.624,1.423,Watermelon
0.95,-1.065,0.181,0.955,Watermelon
0.86,0.361,0.046,-0.487,Apple
1.263,-0.505,-0.852,-0.021,Lemon
1.564,0.804,-0.661,-1.054,Apple
1.133,-1.341,-0.156,-0.399,Orange
0.727,-1.197,0.545,0.803,Watermelon
0.742,-0.605,-0.964,-1.375,Grape
1.385,-1.056,1.526,1.084,Watermelon
0.624,-1.172,-0.385,-0.488,Lemon
1.3,-0.038,-1.254,-0.785,Grape
0.805,-0.84,-0.752,-0.645,Lemon
-1.204,0.789,-1.294,0.263,Banana
0.735,-0.848,1.02,1.059,Watermelon
-1.096,1.024,-1.087,0.573,Banana
0.845,-0.469,-1.457,-0.751,Grape
-1.196,0.681,-1.399,-0.126,Banana
0.431,-0.475,-0.825,-1.273,Lemon
1.128,-1.39,1.285,0.853,Watermelon
0.904,-0.581,1.216,0.564,Watermelon
-1.385,0.376,-0.089,-0.002,Banana
1.409,-0.786,-1.378,-0.992,Grape
0.886,1.281,-0.015,-0.507,Apple
0.496,-1.419,-1.099,-0.296,Orange
0.996,0.6,-0.742,-0.306,Apple
0.779,0.925,-0.429,-0.213,Apple
0.802,0.829,-0.959,-0.318,Apple
1.031,0.938,0.369,-0.243,Apple
0.945,-0.825,1.74,1.088,Watermelon
-1.778,1.151,-1.308,-0.373,Banana
1.594,1.519,-0.617,-0.615,Apple
1.056,-1.31,0.953,0.75,Watermelon
0.86,-1.492,-0.011,0.221,Orange
0.965,-1.013,1.22,1.001,Watermelon
1.605,-1.061,-0.699,-1.04,Grape
0.608,-0.214,1.835,0.927,Watermelon
1.156,-1.165,0.891,0.604,Watermelon
0.552,1.645,-0.314,-0.282,Apple
-1.284,1.066,-1.526,0.029,Banana
0.58,-0.547,-0.878,-0.613,Orange
-1.717,0.688,-1.161,0.642,Banana
-1.078,0.856,-0.895,0.145,Banana
1.843,-0.807,-0.855,-0.711,Grape
0.783,-0.542,-1.175,-0.904,Grape
-0.965,0.951,-1.404,0.952,Banana
1.205,-1.156,-1.147,-1.549,Grape
1.267,-0.608,-0.999,-1.295,Grape
0.89,1.276,0.07,-0.004,Apple
0.457,0.935,-0.211,-0.557,Apple
0.019,-1.45,-0.075,-0.917,Lemon
1.017,-1.055,-0.354,-0.312,Orange
1.276,-0.988,-0.519,-0.182,Orange
0.553,1.167,-0.538,-0.518,Apple
0.78,-1.143,-0.723,-0.091,Lemon
0.659,-0.426,-0.668,-0.592,Grape
1.762,-1.225,0.696,1.286,Watermelon
1.329,-1.277,-0.13,0.753,Orange
1.037,-0.277,-0.448,-0.124,Grape
-0.914,1.439,-1.276,0.309,Banana
0.444,-1.66,-1.161,-0.349,Lemon
1.157,-0.965,-0.455,-1.388,Grape
0.69,-1.145,-0.563,-0.186,Lemon
1.265,-0.752,1.203,0.555,Watermelon
1.397,0.629,-0.337,-0.423,Apple
1.123,0.83,-0.355,0.267,Apple
0.547,0.999,-0.69,-0.064,Apple
0.346,-0.987,-1.064,-0.048,Lemon
1.025,-0.952,-0.01,-0.638,Orange
0.785,1.06,-0.917,-0.879,Apple
0.713,-0.999,-1.12,-0.817,Grape
1.262,0.033,-1.008,-0.946,Grape
0.991,-0.488,-0.861,-0.677,Grape
1.321,-0.818,0.229,-0.191,Orange
0.386,-1.157,-0.637,-0.879,Lemon
0.785,-1.399,1.12,1.124,Watermelon
0.381,-1.229,0.339,0.02,Orange
1.159,0.768,-0.199,-0.305,Apple
0.721,-1.173,0.835,0.479,Watermelon
0.537,-1.07,-0.597,-0.305,Orange
0.438,1.28,0.428,0.06,Apple
1.396,1.219,-0.207,-0.27,Apple
0.68,-0.758,1.221,0.838,Watermelon
-0.816,0.757,-1.221,0.571,Banana
-0.849,0.919,-1.122,0.361,Banana
0.358,0.735,-0.743,-0.296,Apple
-0.619,1.167,-1.179,0.053,Banana
0.736,1.7,-0.276,-0.23,Apple
0.261,-1.013,-1.015,-1.174,Grape
1.047,-0.558,-0.79,-1.654,Grape
-1.387,0.965,-1.227,0.191,Banana
0.638,-1.261,-0.533,-0.31,Lemon
1.023,-0.748,0.239,0.795,Watermelon
1.312,-1.303,0.65,0.956,Watermelon
0.994,-1.187,1.645,1.1,Watermelon
-1.316,0.496,-0.858,-0.024,Banana
1.353,-0.85,-0.404,-0.413,Lemon
-0.607,0.162,-1.421,0.662,Banana
1.525,-1.032,-1.637,-0.941,Grape
1.17,-0.948,-0.321,-0.848,Orange
0.869,-1.079,0.808,0.328,Watermelon
1.205,-0.697,-0.578,-0.265,Orange
0.826,-1.171,1.173,1.181,Watermelon
1.376,-0.631,-0.36,0.795,Orange
1.542,0.77,-0.256,-0.995,Apple
1.01,1.586,0.673,-0.342,Apple
-0.883,1.212,-0.307,-0.044,Banana
1.929,-0.711,-1.41,-1.11,Grape
0.717,1.147,-0.878,-0.25,Apple
-0.768,1.519,-0.762,0.797,Banana
0.788,-0.862,-1.08,-0.24,Orange
1.135,-0.833,0.449,0.863,Watermelon
0.512,-1.15,-0.346,-0.576,Lemon
1.035,-0.771,-0.627,-0.601,Grape
-1.108,1.998,-1.268,0.653,Banana
0.667,-0.329,-0.757,-1.354,Grape
0.954,0.054,-1.285,-0.859,Grape
1.117,0.985,-0.906,-0.01,Apple
1.004,-0.614,1.081,1.023,Watermelon
0.73,-1.346,-0.055,-0.631,Lemon
0.473,-0.548,-0.513,-0.583,Lemon
0.745,-0.781,-0.641,-0.177,Lemon
0.155,-0.908,-0.32,-0.282,Lemon
-0.184,-1.044,-1.025,-0.05,Lemon
0.863,-0.189,-1.426,-0.863,Grape
1.003,-0.033,1.412,1.39,Watermelon
1.71,-0.901,-0.335,-0.275,Orange
-0.885,0.03,-0.999,0.379,Banana
-1.055,0.464,-1.052,-0.237,Banana
1.621,-0.69,-1.722,-1.072,Grape
1.313,-0.538,-1.32,-1.237,Grape
0.9,0.846,-0.741,-0.324,Apple
0.533,-0.268,-0.625,-1.351,Grape
0.749,-1.148,0.989,1.09,Watermelon
-0.838,1.154,-0.456,0.321,Banana
0.144,-1.563,-0.027,-0.322,Lemon
1.072,-0.843,-0.244,-0.048,Orange
0.87,1.369,-0.484,-0.616,Apple
0.408,-1.083,0.144,-0.36,Orange
-1.482,1.1,-1.228,0.842,Banana
1.376,-1.045,-1.061,-1.264,Grape
0.594,-0.62,-0.714,-1.029,Grape
0.819,-1.372,-1.233,-0.807,Grape
0.53,-0.551,-0.504,-0.132,Orange
0.86,0.588,-0.146,-0.509,Apple
0.308,-1.832,-0.144,-0.498,Lemon
1.387,1.217,0.087,-0.497,Apple
0.52,-0.733,-0.254,-0.363,Orange
-0.74,1.108,-0.776,-0.058,Banana
1.342,0.998,0.08,0.039,Apple
1.24,-1.039,-0.052,0.189,Orange
1.212,1.071,-0.051,-0.484,Apple
1.53,-1.589,1.012,0.858,Watermelon
-1.224,1.107,-1.394,1.053,Banana
0.527,-0.933,-1.366,-0.931,Grape
1.355,-0.816,0.215,-0.49,Orange
1.231,-1.106,-0.22,0.188,Orange
0.408,1.697,-0.351,-0.862,Apple
0.758,-0.964,-0.543,-0.917,Orange
1.034,-0.853,-0.772,-1.374,Grape
-0.208,1.18,-0.931,0.518,Banana
0.362,-0.774,-0.376,-1.112,Grape
-1.022,0.837,-0.487,0.214,Banana
0.562,-0.097,-0.781,-0.234,Orange
0.705,0.754,-0.671,-0.489,Apple
0.944,-1.666,-0.159,-0.119,Lemon
-0.822,1.044,-0.903,0.798,Banana
0.389,1.255,-0.561,-0.011,Apple
0.785,-0.753,0.458,0.408,Watermelon
0.96,-0.498,1.188,1.185,Watermelon
1.301,-0.739,-0.786,-1.203,Grape
0.89,-0.666,-1.191,-1.023,Grape
0.911,-1.248,-0.349,-0.146,Orange
0.615,1.146,-0.473,-0.231,Apple
0.767,-0.632,0.035,-0.567,Orange
-0.816,1.506,-1.332,-0.004,Banana
1.257,-1.458,-0.572,-0.555,Orange
-0.738,0.758,-1.1,0.038,Banana
1.402,-0.901,-1.493,-1.506,Grape
1.243,-0.732,0.137,-0.641,Orange
-1.081,1.85,-1.106,0.103,Banana
0.993,1.185,-0.12,-0.515,Apple
0.795,-0.704,-1.256,-1.432,Grape
-0.367,0.858,-1.123,0.188,Banana
0.572,-0.848,-0.763,-0.101,Lemon
1.209,-1.067,-0.533,0.18,Orange
0.943,0.565,0.057,-0.554,Apple
0.904,-1.88,-0.729,-0.094,Lemon
1.002,-0.791,-0.616,-0.078,Orange
-0.999,1.085,-0.286,0.757,Banana
1.277,-0.318,-1.318,-1.165,Grape
0.464,-1.444,0.69,0.99,Watermelon
0.571,-1.014,-0.354,-0.597,Orange
1.134,-1.464,-0.209,-1.289,Lemon
0.95,-1.419,-0.529,0.434,Orange
0.879,-0.987,-0.829,-1.125,Grape
1.053,0.68,-0.603,-0.576,Apple
-0.721,0.921,-1.367,0.357,Banana
-0.972,1.201,-1.169,0.273,Banana
1.148,0.647,0.01,-0.294,Apple
0.615,-1.388,0.965,0.807,Watermelon
1.264,-1.1,-0.194,-0.497,Orange
0.992,-0.54,-0.352,-0.394,Orange
0.298,-1.007,-0.107,-0.977,Lemon
0.983,-1.6,0.856,1.092,Watermelon
0.047,-1.156,-0.498,-0.454,Lemon
1.119,-1.341,-0.198,-0.41,Orange
1.25,0.191,-0.401,-0.265,Apple
1.472,1.03,-0.234,-0.169,Apple
-0.561,0.866,-1.491,-0.258,Banana
0.832,-0.922,-0.69,-0.705,Lemon
-0.937,1.073,-0.832,-0.088,Banana
0.382,-1.32,0.527,0.509,Watermelon
1.549,-1.393,-0.836,-0.683,Grape
1.346,1.097,0.162,0.324,Apple
0.494,-0.843,-0.153,-0.802,Lemon
0.914,-1.219,-0.139,-0.864,Orange
1.503,-0.813,1.206,0.173,Watermelon
0.636,-0.478,0.938,0.397,Watermelon
1.078,-0.762,-0.114,-0.253,Orange
-0.603,0.754,-0.811,0.347,Banana
0.553,-1.133,-0.72,-0.489,Lemon
0.898,-0.743,0.812,1.549,Watermelon
0.397,-0.678,-0.263,-0.442,Lemon
-0.973,0.745,-1.181,0.377,Banana
0.984,-0.586,0.841,0.862,Watermelon
-1.583,1.225,-0.806,0.642,Banana
1.362,-0.724,1.291,1.214,Watermelon
1.267,-1.645,-0.685,-0.642,Orange
-0.555,0.726,-1.218,0.302,Banana
0.565,1.133,-1.046,-0.712,Apple
1.07,0.565,0.155,-0.284,Apple
1.396,-0.875,0.996,0.651,Watermelon
1.325,-0.846,1.73,1.29,Watermelon
0.861,-0.899,1.148,1.407,Watermelon
-0.537,0.943,-1.425,-0.349,Banana
0.601,-1.207,1.527,1.532,Watermelon
-0.664,1.431,-1.248,-0.23,Banana
0.648,0.288,-0.69,-0.477,Apple
-0.942,1.047,-1.241,0.499,Banana
-1.235,1.004,-1.388,0.681,Banana
1.007,-0.762,-0.726,-0.139,Orange
1.2,0.285,0.109,-0.737,Apple
-0.926,1.626,-0.666,-0.221,Banana
-1.062,1.432,-1.286,0.174,Banana
0.864,-0.8,-0.838,0.019,Orange
0.782,-1.004,0.921,1.21,Watermelon
0.993,-0.496,0.046,-0.478,Orange
1.078,-0.888,-0.541,-0.203,Lemon
0.636,-1.483,-0.291,-0.412,Orange
1.726,-1.268,1.014,1.067,Watermelon
1.431,-0.948,-1.564,-0.512,Grape
1.028,-0.717,1.3,1.361,Watermelon
-1.132,0.773,-1.699,-0.048,Banana
1.022,-1.245,0.601,1.018,Watermelon
1.07,-1.02,-0.996,-0.055,Lemon
0.329,-0.482,-0.692,-0.464,Lemon
1.546,0.527,-0.668,-0.414,Apple
0.951,1.925,-0.611,-0.756,Apple
0.672,1.081,-0.128,-0.547,Apple
1.007,1.681,-0.288,-0.188,Apple
1.661,0.756,-0.567,-0.464,Apple
0.415,-1.637,-0.552,-0.424,Lemon
0.935,-0.513,-0.91,-1.461,Grape
1.101,-0.805,0.441,1.512,Watermelon
0.567,-1.398,-0.229,-0.013,Orange
0.872,-0.804,-0.782,-0.462,Lemon
0.889,-0.939,-0.276,-0.377,Orange
-1.122,0.352,-0.709,0.404,Banana
-0.207,-0.722,-0.619,-0.828,Lemon
0.641,0.759,-0.626,-0.579,Apple
1.595,1.13,0.413,-0.221,Apple
1.203,-1.308,-0.359,-0.229,Orange
1.217,-1.017,1.123,1.11,Watermelon
0.894,-1.142,-0.534,0.179,Orange
0.894,-0.885,-0.355,0.172,Orange
-0.096,-0.894,-1.039,-0.363,Lemon
-1.051,0.483,-0.882,0.378,Banana
0.919,-1.037,1.057,1.412,Watermelon
0.89,-0.645,-0.313,0.254,Orange
0.518,-1.233,-0.984,-0.512,Lemon
0.722,-0.508,-0.605,-0.442,Orange
1.203,-0.585,-0.044,0.171,Orange
0.972,-0.623,-0.296,-0.408,Grape
1.25,1.387,0.0,-0.722,Apple
-1.014,1.524,-0.748,0.278,Banana
1.128,-0.871,-0.336,-0.369,Lemon
1.189,1.214,0.155,0.2,Apple
0.842,-0.876,1.445,0.954,Watermelon
0.542,-1.318,-0.594,-0.36,Orange
0.339,-0.64,-0.697,-0.059,Lemon
0.604,-1.124,-0.264,0.084,Orange
1.4,0.812,0.048,-0.889,Apple
1.305,0.531,-0.144,0.095,Apple
1.311,-1.174,-1.157,-0.749,Grape
0.841,-0.903,-1.371,-0.081,Lemon
1.482,-0.943,1.08,1.176,Watermelon
1.511,1.088,-0.367,-0.166,Apple
0.996,1.0,-0.918,-0.117,Apple
1.41,-0.643,1.333,0.981,Watermelon
1.051,-0.183,-0.696,-0.48,Grape
0.765,-1.238,0.884,0.67,Watermelon
0.537,-0.836,-0.16,-0.114,Orange
-0.876,0.488,-1.168,0.197,Banana
1.017,-1.511,0.675,0.847,Watermelon
1.37,-0.508,-0.642,-1.043,Grape
-1.0,1.175,-1.062,0.081,Banana
-1.521,0.791,-0.707,0.741,Banana
0.329,-1.607,-0.276,-0.476,Lemon
0.129,-2.0,-0.937,-0.662,Lemon
0.597,-0.758,0.716,1.004,Watermelon
-0.169,1.041,-1.04,0.267,Banana
1.234,-0.409,-1.351,-1.144,Grape
0.766,-0.699,-0.361,-0.784,Grape
0.572,-0.564,-0.534,-1.073,Lemon
1.582,0.945,-1.09,-0.86,Apple
1.395,-1.554,1.472,1.028,Watermelon
0.85,-1.09,-0.417,-0.389,Lemon
0.987,-1.373,1.125,0.364,Watermelon
1.326,-0.931,1.162,0.084,Watermelon
0.606,-0.777,-0.764,-1.33,Grape
1.892,0.908,-0.656,-0.365,Apple
0.667,-1.415,1.354,1.18,Watermelon
-0.819,1.447,-0.83,-0.074,Banana
1.248,0.606,-0.467,-0.316,Apple
-1.052,0.373,-1.339,0.292,Banana
0.786,-0.206,-0.546,-1.392,Grape
1.021,-0.446,-0.347,-0.342,Orange
1.301,0.904,0.145,-0.508,Apple
0.834,-0.723,-0.265,-0.162,Orange
0.332,-1.124,0.002,-0.474,Orange
1.245,-0.906,-0.37,0.275,Orange
0.881,-0.695,-1.074,-0.972,Grape
1.268,0.485,0.004,-0.276,Apple
1.194,1.837,-0.479,-0.729,Apple
1.068,1.123,0.005,-0.488,Apple
-1.291,0.463,-1.479,0.154,Banana
0.559,-0.277,-1.192,-0.383,Lemon
0.746,1.078,-0.494,0.062,Apple
1.36,-0.64,-0.496,-0.734,Grape
1.087,-1.015,-0.267,-0.769,Lemon
0.296,-0.237,-0.98,-0.653,Lemon
0.336,-0.896,-1.348,-1.235,Grape
1.105,-0.411,-1.352,-1.276,Grape
1.379,-0.403,0.14,-0.776,Orange
1.416,0.049,-1.594,-0.621,Grape
-0.921,0.886,-0.963,0.455,Banana
1.405,-0.213,-1.527,-1.227,Grape
1.033,-0.45,0.045,0.786,Watermelon
0.065,-1.479,-0.255,-0.686,Lemon
-1.817,0.945,-0.287,-0.332,Banana
1.187,1.549,-0.317,0.375,Apple
0.769,-0.494,1.423,0.989,Watermelon
0.479,-1.351,0.18,1.208,Watermelon
0.766,-0.972,-0.643,-0.025,Lemon
0.704,-1.194,-0.548,0.217,Lemon
-0.782,0.864,-1.016,0.462,Banana
0.853,-1.178,0.996,1.532,Watermelon
1.277,-0.743,-0.696,-0.997,Grape
0.721,-0.911,-1.339,-1.567,Lemon
-0.921,0.701,-1.574,0.012,Banana
1.324,1.125,-0.03,-0.141,Apple
-1.322,1.272,-0.795,0.259,Banana
1.021,-0.323,-1.262,-0.619,Grape
1.198,-0.999,0.236,-0.653,Orange
0.839,-1.239,1.125,1.414,Watermelon
-1.344,2.0,-1.232,0.426,Banana
1.001,1.016,-0.577,0.074,Apple
0.701,-1.219,-1.393,-0.494,Grape
1.438,-1.703,1.285,0.306,Watermelon
0.59,-1.423,-0.288,-0.306,Lemon
1.343,0.897,-0.367,-0.825,Apple
0.239,-0.668,-0.471,-0.463,Lemon
1.042,-1.455,-0.348,-0.913,Lemon
1.517,-0.809,1.338,0.754,Watermelon
1.764,-0.301,1.151,1.411,Watermelon
0.894,-1.044,-0.721,-1.322,Grape
-0.541,1.367,-0.918,0.363,Banana
1.346,-0.904,0.858,0.47,Watermelon
1.336,-0.872,0.664,-0.234,Orange
0.706,-0.886,-0.372,-0.838,Lemon
0.973,-0.31,-1.116,-0.723,Grape
1.034,1.141,0.103,-0.38,Apple
-1.508,0.907,-1.289,-0.444,Banana
0.963,-0.93,0.057,-0.599,Orange
1.031,-0.205,-1.201,-0.812,Grape
1.559,-1.652,1.095,1.407,Watermelon
0.877,1.485,-0.078,0.319,Apple
1.204,-0.352,1.105,0.521,Watermelon
-1.221,1.356,-0.65,0.191,Banana
-0.368,0.876,-0.838,0.452,Banana
0.534,-0.639,-0.167,-1.323,Grape
0.819,-1.404,-0.926,-0.995,Lemon
1.329,-1.305,1.444,0.814,Watermelon
1.045,-0.456,-1.566,-0.929,Grape
1.122,1.399,-0.636,-0.586,Apple
0.831,-0.506,-0.807,-0.932,Lemon
0.489,-1.355,-0.461,-0.878,Lemon
1.341,-0.926,1.351,0.152,Watermelon
0.385,-0.148,-1.252,-1.513,Grape
0.929,1.085,-0.355,-0.136,Apple
1.116,-0.902,1.472,0.995,Watermelon
-1.015,1.281,-0.807,-0.016,Banana
0.568,-0.847,-0.805,-0.689,Lemon
0.513,-0.009,-0.431,-0.255,Apple
0.617,-0.518,-0.666,0.119,Orange
-0.853,1.762,-0.811,-0.206,Banana
0.969,-0.406,-1.22,-0.276,Lemon
-0.699,0.926,-1.848,0.196,Banana
0.797,-0.465,0.969,0.856,Watermelon
0.795,1.114,-0.28,-0.576,Apple
0.692,-1.195,-1.507,-0.266,Lemon
-0.799,1.07,-1.155,0.275,Banana
-0.713,0.779,-0.699,-0.216,Banana
1.059,-0.991,0.051,-0.522,Orange
-1.283,0.512,-1.198,0.389,Banana
0.371,0.845,-0.086,-0.336,Apple
-0.974,0.473,-1.035,0.31,Banana
0.943,-0.947,0.892,0.84,Watermelon
-1.364,1.341,-1.429,0.355,Banana
1.235,-0.614,-0.422,-0.413,Lemon
0.555,-1.315,-0.689,-0.299,Lemon
1.136,1.276,0.127,-0.355,Apple
1.067,-1.665,0.49,-0.345,Orange
1.228,-0.745,-1.153,-1.083,Grape
-1.436,0.132,-0.594,0.491,Banana
0.679,1.158,-0.012,-0.543,Apple
1.144,-0.248,-1.503,-0.813,Grape
1.128,0.058,-0.805,-1.144,Grape
-1.103,1.708,-1.124,0.505,Banana
0.917,-0.222,-0.604,-1.008,Grape
0.858,0.849,-0.905,-0.265,Apple
0.628,-1.286,-1.242,-0.428,Lemon
-0.884,1.138,-1.346,0.439,Banana
0.937,1.303,-0.641,0.103,Apple
1.528,-0.559,-0.859,-0.726,Grape
-1.359,0.83,-0.936,1.009,Banana
0.581,-0.027,-1.068,-1.012,Grape
1.426,-0.292,1.148,1.408,Watermelon
0.678,-0.785,-1.473,-1.18,Grape
1.198,1.074,0.304,0.419,Apple
-1.048,0.762,-0.594,0.742,Banana
1.154,-0.753,1.192,0.654,Watermelon
0.573,-0.618,-1.07,-0.903,Grape
-1.046,0.404,-1.739,0.558,Banana
0.768,-1.081,-0.495,-0.52,Orange
0.671,-0.643,0.916,1.222,Watermelon
0.869,-0.889,-0.319,-0.495,Lemon
1.477,1.288,0.035,-0.628,Apple
0.692,-1.642,-0.11,-0.718,Lemon
0.83,-1.479,0.987,0.906,Watermelon
-0.362,1.301,-1.18,-0.283,Banana
0.201,0.641,-0.766,-0.178,Apple
0.949,1.006,-0.632,-0.247,Apple
0.503,-0.631,-0.709,-1.128,Grape
0.755,-1.692,-1.32,-0.385,Lemon
1.366,-0.683,-0.249,-1.505,Grape
0.762,-0.951,1.163,0.796,Watermelon
-1.371,1.217,-0.953,0.179,Banana
0.775,-1.048,-0.649,-0.562,Lemon
0.713,0.677,-0.484,-0.289,Apple
-0.055,-0.669,-0.594,-0.873,Lemon
1.566,1.015,-0.767,0.25,Apple
1.474,-1.318,0.887,0.84,Watermelon
0.339,-0.886,-0.004,0.03,Orange
1.011,-0.27,-1.397,-0.364,Grape
0.73,0.769,-0.501,-0.527,Apple
0.933,-1.081,1.045,0.713,Watermelon
-0.942,0.618,-0.744,0.552,Banana
0.598,-1.227,-0.491,-0.811,Lemon
0.612,-1.053,0.32,-0.929,Lemon
0.066,-0.823,-1.6,-1.254,Grape
0.546,-1.317,0.627,1.337,Watermelon
0.983,1.376,-0.286,0.025,Apple
0.894,-0.042,-0.835,-1.273,Grape
1.217,1.009,-0.371,-0.266,Apple
1.263,0.259,-0.423,-0.061,Apple
1.087,-1.394,-1.129,0.395,Orange
-1.065,1.53,-0.722,0.022,Banana
-1.876,0.838,-1.013,0.458,Banana
0.611,-0.538,-0.938,-0.655,Grape
0.893,-0.845,1.101,1.306,Watermelon
0.713,-2.0,0.917,0.919,Watermelon
0.595,-1.528,-0.501,-0.24,Orange
1.033,-1.4,-1.614,-0.605,Grape
0.934,0.999,-0.767,-0.302,Apple
0.869,0.784,-0.812,-0.604,Apple
1.69,0.878,-0.024,-0.369,Apple
0.891,-1.223,1.471,1.131,Watermelon
-1.276,0.862,-0.623,-0.693,Banana
1.109,-0.812,0.738,1.054,Watermelon
1.176,-1.031,-0.705,-0.896,Grape
0.946,-0.563,-0.752,-0.189,Grape
-0.787,1.284,-0.932,0.966,Banana
-1.513,0.392,-0.946,0.531,Banana
-1.901,0.999,-1.063,0.56,Banana
0.75,-1.633,-0.978,-0.782,Lemon
1.259,-0.869,-0.517,-0.149,Orange
0.63,0.117,-0.799,-0.725,Grape
1.482,-0.644,-0.289,-0.265,Orange
1.451,-0.591,-1.262,-0.312,Grape
0.672,0.393,0.047,-0.556,Apple
-0.848,1.636,-1.481,0.286,Banana
1.119,-0.761,-0.663,0.336,Lemon
0.967,-0.461,-0.423,-0.657,Grape
1.463,-0.915,-0.57,-0.941,Grape
0.339,-0.922,-0.533,0.154,Lemon
-0.867,0.727,-1.354,0.283,Banana
0.529,-1.25,0.915,0.852,Watermelon
1.254,0.742,-1.164,-0.89,Apple
-1.006,0.795,-1.433,0.985,Banana
1.29,-1.02,-0.218,-0.293,Orange
-1.439,1.361,-0.702,-0.392,Banana
1.079,-0.882,-0.413,0.534,Orange
1.696,-1.132,-0.378,-0.319,Orange
0.786,-1.322,-0.123,0.487,Orange
1.543,-0.324,-1.842,-1.653,Grape
1.372,1.567,-0.106,-0.407,Apple
1.473,-0.736,0.098,-0.85,Orange
1.12,-0.379,1.185,1.332,Watermelon
1.013,1.037,0.191,-0.534,Apple
-1.269,0.833,-0.992,-0.264,Banana
-0.744,0.943,-0.701,-0.442,Banana
1.3,-0.532,-0.147,-0.189,Orange
1.303,-0.555,1.183,1.209,Watermelon
1.58,-0.734,-0.58,0.243,Orange
-1.043,1.012,-0.963,0.639,Banana
1.212,-0.991,0.006,-0.442,Lemon
1.091,-0.931,-0.772,0.173,Lemon
0.794,-1.229,0.56,1.444,Watermelon
1.526,1.131,-0.644,-0.302,Apple
0.894,0.639,-0.471,-0.123,Apple
0.788,-0.898,-0.922,0.388,Orange
0.863,-0.695,-0.234,-0.059,Orange
0.604,-0.866,-1.258,-0.991,Grape
1.464,-0.848,-0.615,-0.169,Orange
0.972,-1.123,0.995,1.267,Watermelon
0.748,-1.121,0.044,-0.036,Orange
-0.552,1.503,-1.476,0.401,Banana
0.822,-1.42,-0.576,-0.305,Orange
-1.103,0.788,-1.005,1.156,Banana
0.396,-0.602,0.994,0.847,Watermelon
-0.106,-0.733,-1.104,-0.21,Lemon
1.609,-1.449,1.409,1.009,Watermelon
0.267,-1.022,-0.938,-0.86,Grape
0.447,-0.589,-0.712,-0.65,Grape
0.856,1.153,0.075,-0.002,Apple
0.912,-0.96,-0.633,-0.405,Lemon
0.733,-0.611,0.464,0.823,Watermelon
-1.013,1.164,-0.77,0.821,Banana
-0.973,0.749,-1.051,0.188,Banana
1.182,0.627,-0.361,0.268,Apple
1.063,0.631,-0.419,-1.082,Apple
0.579,-0.423,-1.015,-1.01,Lemon
0.771,-0.678,0.297,-0.043,Orange
-1.45,0.992,-0.374,0.191,Banana
0.649,-0.916,-1.141,-0.151,Lemon
1.299,-1.298,-1.466,-1.339,Grape
1.262,-0.863,-0.86,-1.064,Grape
1.025,-0.826,-0.205,-0.207,Orange
1.114,-0.924,-0.373,-0.351,Orange
1.658,-1.155,0.178,-0.44,Orange
1.284,0.024,-1.118,-1.234,Grape
-1.15,0.993,-0.887,0.286,Banana
0.453,-0.316,-0.67,-0.717,Lemon
-0.709,1.296,-0.506,0.975,Banana
1.121,-1.101,-0.966,-0.528,Orange
-0.927,0.587,-1.555,0.323,Banana
1.272,0.914,0.014,-0.084,Apple
1.402,0.161,-0.085,-0.744,Grape
0.439,-0.978,-0.049,-0.813,Lemon
1.507,-0.659,-0.921,-1.283,Grape
-1.463,0.902,-0.544,0.054,Banana
-0.436,0.799,-1.374,0.389,Banana
0.838,-0.934,-0.547,0.061,Lemon
1.033,-1.165,-0.697,0.246,Orange
0.851,-1.115,1.368,1.719,Watermelon
1.088,-0.648,-1.002,-1.159,Grape
0.875,0.877,0.019,-0.331,Apple
1.476,-1.041,0.872,1.447,Watermelon
1.008,-0.644,-0.988,-0.487,Grape
1.107,1.437,-0.382,0.081,Apple
1.083,1.309,0.038,-0.63,Apple
0.625,-0.665,-0.209,-0.061,Lemon
1.037,-0.461,-0.53,-0.723,Orange
0.903,-0.581,-0.68,-0.714,Orange
0.398,1.258,-0.807,-0.108,Apple
-1.115,0.73,-1.35,0.372,Banana
0.736,-1.002,1.14,1.214,Watermelon
0.927,-0.942,-0.968,-0.337,Lemon
-0.77,0.936,-1.101,1.166,Banana
0.547,1.173,0.066,-0.419,Apple
-1.059,0.859,-1.0,0.615,Banana
-1.069,2.0,-1.158,0.782,Banana
1.19,1.038,0.215,-0.86,Apple
1.149,-0.851,-1.153,-1.169,Grape
0.663,-1.578,-0.164,-0.223,Orange
0.895,-0.734,1.158,0.907,Watermelon
0.068,1.356,-0.144,0.155,Banana
1.087,-1.433,0.884,0.796,Watermelon
1.648,-1.242,-0.682,-1.009,Lemon
-0.813,0.685,-0.679,-0.326,Banana
0.957,-1.646,-0.472,-0.301,Orange
0.79,-1.175,1.34,1.761,Watermelon
1.119,-1.301,-0.278,-0.324,Orange
0.911,-0.899,-1.152,-0.116,Lemon
1.338,-0.477,-0.481,-0.095,Orange
0.585,0.982,-0.161,-0.523,Apple
-0.88,1.059,-1.157,0.789,Banana
0.918,-0.954,0.487,1.182,Watermelon
0.833,-0.265,-1.459,-0.849,Grape
0.236,-0.784,0.939,1.14,Watermelon
0.79,-1.332,-0.452,-0.133,Orange
-0.798,1.106,-1.328,0.943,Banana
1.116,-1.218,1.148,1.09,Watermelon
0.939,0.898,0.045,0.305,Apple
-0.113,-0.569,-0.593,-0.417,Lemon
1.473,-1.929,1.285,1.449,Watermelon
0.759,-1.088,-0.426,-1.615,Grape
1.147,1.358,-0.161,-0.102,Apple
0.907,-0.438,-1.248,-1.203,Grape
1.012,-1.539,1.202,0.132,Watermelon
0.727,-0.84,-0.878,-0.932,Lemon
0.857,-0.776,1.121,0.611,Watermelon
0.637,-0.908,-0.523,-0.845,Lemon
1.054,1.321,-0.112,-0.156,Apple
1.575,-0.941,-0.595,-0.494,Orange
1.062,-1.503,0.891,1.162,Watermelon
1.41,0.46,-0.265,-0.324,Apple
1.013,-0.95,0.989,1.487,Watermelon
1.435,1.75,-0.304,-0.444,Apple
0.661,-0.782,-0.75,-0.696,Grape
-0.764,0.767,-1.231,0.985,Banana
-1.291,1.496,-0.858,0.044,Banana
-1.415,0.759,-0.854,-0.018,Banana
-0.456,0.927,-0.755,0.517,Banana
1.568,-1.153,1.037,0.51,Watermelon
-0.964,1.399,-0.923,1.109,Banana
1.182,0.811,-0.14,-0.812,Apple
-1.28,0.574,-0.994,0.279,Banana
1.422,-0.635,-1.351,-0.454,Grape
-0.031,-0.587,-0.924,-1.004,Grape
1.175,-0.561,-0.825,-1.211,Grape
0.489,0.984,-0.659,-0.555,Apple
-0.593,1.545,-0.6,0.635,Banana
0.621,-0.645,-0.476,0.182,Lemon
-1.321,1.235,-1.443,0.537,Banana
0.398,-1.425,-0.749,-0.112,Orange
1.124,-0.142,-0.332,0.07,Orange
1.056,-0.359,-0.95,-0.615,Grape
0.632,0.143,-0.154,-0.932,Apple
1.459,-0.792,-1.363,-0.055,Grape
0.594,-1.074,-0.338,-0.215,Lemon
1.399,-1.467,-0.112,-0.303,Orange
0.278,-0.983,-1.234,-0.177,Lemon
-1.102,0.833,-1.048,0.241,Banana
0.999,-1.383,-0.734,-0.576,Lemon
-1.373,1.056,-1.253,-0.191,Banana
0.784,-0.458,-0.583,-0.536,Lemon
0.956,-1.181,0.11,-0.167,Orange
-0.163,-0.58,-0.266,-0.289,Lemon
0.036,-1.001,1.313,1.133,Watermelon
1.072,-0.687,-0.251,0.221,Orange
0.657,-0.971,-0.288,-0.64,Lemon
0.616,-0.999,1.207,1.324,Watermelon
-0.674,0.976,-1.06,0.093,Banana
1.087,-1.574,1.008,1.997,Watermelon
-1.526,1.055,-0.868,0.477,Banana
0.662,-0.82,-0.487,-0.7,Orange
1.333,1.233,-0.638,-0.49,Apple
-1.203,0.425,-0.733,0.58,Banana
0.884,-1.01,1.04,1.086,Watermelon
-1.472,1.171,-1.411,0.538,Banana
0.227,-1.455,-0.61,-0.518,Lemon
0.636,-1.312,-0.529,-0.396,Lemon
-0.592,1.065,-1.21,-0.171,Banana
-1.536,1.113,-0.722,-0.012,Banana
1.089,-1.061,1.251,1.303,Watermelon
-0.193,-0.639,-0.512,-0.686,Lemon
0.824,-0.589,-1.176,-1.328,Grape
0.752,-0.964,-0.529,-0.98,Grape
-0.212,1.13,-0.794,-0.072,Banana
0.924,1.025,-0.523,-0.463,Apple
1.147,-0.846,0.532,1.099,Watermelon
1.194,-0.807,-1.242,-0.845,Grape
0.099,1.001,0.272,-1.209,Apple
-0.712,1.191,-1.503,0.482,Banana
1.35,-1.012,-1.248,-0.991,Grape
1.342,0.811,-0.315,-0.533,Apple
1.009,-0.634,-0.263,-0.325,Orange
-1.011,0.72,-1.348,0.721,Banana
1.573,-1.627,1.204,1.301,Watermelon
0.176,-1.165,-0.802,0.165,Lemon
-0.422,0.678,-1.511,0.571,Banana
-0.81,1.435,-1.371,0.553,Banana
0.744,-0.382,-1.013,-0.335,Grape
-0.843,0.89,-0.952,0.265,Banana
0.596,-0.326,0.26,-0.262,Orange
1.245,0.118,-0.567,-1.108,Grape
0.969,0.399,-0.029,0.135,Apple
1.437,1.245,-0.177,-0.649,Apple
1.112,-1.221,1.184,0.733,Watermelon
1.182,-0.537,-0.168,-0.085,Orange
1.32,-0.38,-0.338,-0.018,Orange
1.529,1.234,-1.001,-0.55,Apple
1.263,-1.14,1.504,1.65,Watermelon
0.793,-1.361,0.874,0.853,Watermelon
1.538,-0.962,-0.74,-0.514,Grape
1.287,-0.447,-1.057,-0.353,Grape
0.914,-0.268,-1.056,-1.645,Grape
-1.094,0.945,-1.05,0.069,Banana
0.819,-0.742,-0.707,-0.61,Lemon
-1.368,1.089,-0.518,0.783,Banana
0.79,1.697,-0.427,-0.656,Apple
0.523,-1.377,1.117,0.91,Watermelon
0.379,-1.297,-0.98,-0.811,Lemon
-0.645,1.631,-0.347,0.54,Banana
0.828,-0.834,-0.735,-1.086,Grape
-0.856,1.676,-0.924,1.097,Banana
0.606,-0.443,-0.89,-1.344,Grape
1.281,-0.464,0.471,-0.056,Orange
0.335,-0.833,1.26,0.918,Watermelon
-0.925,0.831,-1.047,0.656,Banana
1.486,-1.045,-1.179,-1.556,Grape
-0.357,1.305,-1.7,0.277,Banana
-1.099,0.735,-0.637,0.655,Banana
1.094,0.775,-0.522,-0.285,Apple
-1.16,0.998,-0.805,-0.237,Banana
0.735,-1.012,1.548,1.296,Watermelon
0.999,1.141,-0.336,0.077,Apple
1.152,-0.152,-1.474,-1.282,Grape
1.096,-0.427,-0.16,-1.633,Grape
0.588,-1.027,-0.517,0.107,Lemon
1.307,-1.561,1.537,1.527,Watermelon
1.092,-1.566,-0.353,-0.036,Orange
-0.651,0.38,-1.269,0.684,Banana
1.126,-0.849,-0.198,-0.341,Lemon
1.337,1.051,-0.132,-0.728,Apple
1.253,-1.438,1.252,0.846,Watermelon
1.129,-0.933,-1.176,-0.871,Grape
1.264,-0.617,0.597,0.475,Watermelon
-1.341,0.627,-0.452,0.769,Banana
0.651,-0.001,-0.552,-1.57,Grape
0.639,0.419,-0.33,-0.294,Apple
1.005,-1.309,-1.5,-0.909,Grape
1.218,0.293,-0.748,0.058,Apple
0.171,-1.005,-1.062,-0.209,Lemon
0.294,0.893,0.029,-0.086,Apple
0.838,-1.245,0.918,0.549,Watermelon
0.965,-1.029,0.854,1.35,Watermelon
0.625,-1.197,-1.184,-0.957,Grape
0.963,-1.053,0.606,0.656,Watermelon
0.829,-1.199,0.084,-0.108,Orange
0.814,-0.617,1.156,0.525,Watermelon
-2.0,0.536,-0.792,0.612,Banana
0.419,1.231,-0.083,0.188,Apple
-0.667,1.473,-0.829,0.459,Banana
0.882,-0.713,-0.766,-0.249,Orange
0.789,-0.507,-0.767,-0.162,Lemon
0.931,-0.655,0.72,1.254,Watermelon
0.967,-1.415,0.946,1.463,Watermelon
-1.357,0.48,-0.86,-0.287,Banana
1.547,-0.062,-0.637,-1.004,Grape
1.583,-0.529,-0.486,0.304,Orange
0.681,0.931,-0.928,-0.249,Apple
0.897,-1.158,0.942,0.797,Watermelon
1.015,-0.151,-1.372,-0.698,Grape
1.075,-0.869,0.989,0.749,Watermelon
1.156,-0.418,-1.28,-1.468,Grape
1.03,-0.736,1.352,1.421,Watermelon
0.73,-1.092,-0.601,-0.935,Lemon
-1.239,0.981,-1.093,0.332,Banana
-1.481,0.597,-0.729,0.008,Banana
0.763,-0.967,-0.626,0.187,Orange
0.56,-0.999,0.738,1.055,Watermelon
0.826,-1.008,1.427,0.759,Watermelon
0.756,0.889,0.216,-0.331,Apple
-0.568,0.938,-0.584,0.443,Banana
1.194,-1.503,-0.854,0.175,Orange
1.37,0.248,-1.52,-0.83,Grape
0.642,-1.259,0.824,1.134,Watermelon
0.768,-0.988,-0.009,0.195,Orange
-0.758,1.158,-1.05,0.101,Banana
1.189,-1.368,-0.258,-0.576,Orange
-1.014,0.631,-1.14,0.063,Banana
0.721,-1.031,0.152,0.369,Watermelon
1.281,-0.948,0.747,1.341,Watermelon
0.376,-1.203,-0.874,0.167,Lemon
1.082,-0.932,1.163,0.352,Watermelon
0.792,-0.441,-1.001,-0.228,Grape
0.413,-0.67,-0.318,-0.45,Lemon
1.114,-1.102,-0.991,-0.078,Orange
-0.85,1.205,-0.978,0.64,Banana
0.697,-0.086,-1.346,-1.038,Grape
0.838,-1.18,-0.338,-0.62,Lemon
1.041,-1.063,0.798,1.788,Watermelon
0.306,-1.8,-0.881,-0.454,Lemon
0.468,-0.643,-0.256,-0.611,Lemon
0.411,-1.449,0.989,0.452,Watermelon
0.871,-0.503,1.12,1.016,Watermelon
0.636,-0.536,-1.09,-0.916,Grape
1.254,-0.686,1.045,1.179,Watermelon
0.821,1.396,-0.61,-0.373,Apple
1.433,-1.169,0.531,0.856,Watermelon
1.487,-1.395,-0.964,-1.222,Grape
-1.059,0.878,-0.664,0.319,Banana
1.354,-0.551,1.01,0.874,Watermelon
1.132,-0.8,0.596,1.083,Watermelon
-1.089,0.853,-1.242,0.081,Banana
1.439,0.873,0.1,-0.254,Apple
0.604,-0.933,0.584,1.213,Watermelon
0.927,-0.301,-0.498,-1.607,Grape
0.839,0.577,0.455,-0.454,Apple
-1.46,1.784,-1.254,-0.268,Banana
0.195,-0.95,-0.584,-0.793,Lemon
0.83,1.019,0.163,-0.183,Apple
0.803,-0.68,-0.731,-0.412,Grape
-1.387,1.39,-1.109,-0.268,Banana
0.362,-0.133,-0.491,-1.199,Grape
0.926,0.376,-0.033,-0.31,Apple
0.057,-0.928,-1.086,-0.305,Lemon
0.621,-0.882,-0.529,-1.028,Orange
1.349,-0.232,-1.183,-0.904,Grape
1.153,-0.835,0.304,-0.054,Orange
0.875,-0.85,0.85,0.627,Watermelon
1.427,-0.813,0.348,0.761,Watermelon
0.865,-1.547,-0.864,0.432,Lemon
0.884,-0.221,-0.475,-1.318,Grape
1.093,-0.279,-0.139,0.628,Orange
0.777,0.029,-0.994,-1.115,Grape
1.224,-1.039,0.97,1.17,Watermelon
0.367,-1.28,1.253,1.347,Watermelon
1.125,1.097,-0.159,0.035,Apple
0.501,0.822,-0.326,-0.231,Apple
-0.138,-1.44,-0.606,-0.145,Lemon
0.853,-0.833,-0.815,-1.115,Grape
-0.692,0.923,-1.39,0.797,Banana
1.433,-0.934,-0.862,-1.114,Grape
1.217,-1.306,0.005,0.218,Orange
0.668,-0.576,-0.574,-1.35,Grape
-1.234,1.232,-1.056,-0.251,Banana
0.888,-0.389,1.722,0.777,Watermelon
0.68,-1.16,1.631,1.295,Watermelon
1.112,-0.65,-1.062,-0.832,Lemon
0.756,-1.183,0.763,0.803,Watermelon
0.824,-0.952,-0.173,-0.412,Lemon
0.763,-0.534,-1.529,-1.809,Grape
1.225,-0.644,1.025,0.863,Watermelon
0.13,-0.592,-0.428,-0.398,Lemon
0.998,-1.164,0.61,1.088,Watermelon
0.812,-1.148,1.601,0.983,Watermelon
0.141,0.813,-0.651,-0.349,Apple
-1.499,1.152,-1.104,0.134,Banana
-0.948,0.973,-1.047,0.222,Banana
-1.007,1.12,-0.924,0.694,Banana
0.809,1.083,0.556,-0.314,Apple
0.999,-1.442,0.75,0.963,Watermelon
-0.813,1.227,-0.886,0.581,Banana
0.65,1.171,-0.295,-0.256,Apple
0.873,-1.334,-0.725,-0.088,Orange
1.174,-0.645,-1.005,-1.252,Grape
-0.824,1.021,-1.128,0.603,Banana
1.226,0.462,-0.283,-0.635,Apple
1.049,-1.703,-0.931,-0.751,Grape
0.961,-1.408,0.385,0.205,Orange
-1.186,0.909,-1.693,0.466,Banana
0.521,1.233,0.059,-0.325,Apple
0.627,1.437,-0.299,-0.267,Apple
0.674,-0.932,0.929,0.535,Watermelon
1.469,1.616,0.056,0.004,Apple
1.618,-1.367,0.629,0.855,Watermelon
1.104,0.898,-0.657,-0.298,Apple
0.567,-0.706,-0.584,-1.167,Lemon
1.135,1.554,-0.29,0.045,Apple
0.823,-0.402,-1.261,-1.086,Grape
-1.084,1.167,-1.288,-0.213,Banana
0.765,-0.849,-0.561,-0.173,Lemon
0.929,-0.502,-1.122,-1.091,Grape
0.719,-0.207,-0.34,-0.308,Lemon
1.271,-1.422,-0.888,-0.681,Grape
1.03,0.985,-0.629,-0.452,Apple
0.708,1.35,0.226,0.377,Apple
0.303,-1.234,-0.862,-0.856,Lemon
0.249,-1.18,-0.294,-0.751,Lemon
1.369,-0.521,-0.2,0.23,Orange
0.524,-1.195,1.066,1.078,Watermelon
1.5,-1.35,0.812,0.97,Watermelon
-1.182,0.635,-1.167,0.214,Banana
1.507,-1.357,1.285,1.445,Watermelon
-1.179,1.091,-0.798,0.444,Banana
1.029,-1.238,1.232,0.869,Watermelon
0.61,-0.938,-0.3,0.175,Lemon
0.742,-0.982,0.48,1.519,Watermelon
1.015,0.895,-0.282,-0.264,Apple
0.744,-0.584,-0.074,0.074,Orange
-1.238,0.743,-1.04,0.58,Banana
1.176,-0.872,-0.766,-1.34,Grape
0.368,-0.945,-1.01,-0.837,Lemon
1.543,-0.122,-0.199,-0.842,Grape
0.826,-1.054,-0.723,-0.195,Lemon
1.477,1.275,-0.594,-0.163,Apple
0.73,-0.714,-0.427,-1.42,Grape
1.759,-0.808,0.837,1.024,Watermelon
0.36,-1.191,-0.574,-0.615,Lemon
0.673,-0.677,-1.46,-1.445,Grape
-1.449,1.585,-0.858,0.509,Banana
1.004,-0.823,0.112,-0.057,Orange
1.574,0.987,-0.09,-0.054,Apple
0.674,-0.985,0.356,0.955,Watermelon
0.902,-0.719,-1.143,-0.821,Grape
-1.31,1.651,-0.801,0.019,Banana
1.227,-0.652,1.129,0.648,Watermelon
-0.217,1.224,-1.437,0.373,Banana
0.523,-0.998,-1.018,-0.481,Lemon
-1.291,0.878,-0.864,0.133,Banana
0.898,1.287,-0.611,-0.527,Apple
0.561,-0.888,-0.955,-0.776,Grape
0.718,-0.787,1.037,0.516,Watermelon
1.061,-0.182,-1.662,-0.298,Grape
-1.214,0.423,-0.952,0.591,Banana
0.902,-0.491,-0.258,-0.928,Grape
0.044,1.443,-0.982,0.402,Banana
0.888,-0.913,1.197,0.859,Watermelon
0.517,-0.138,-0.659,-1.496,Grape
1.06,-0.241,-0.677,-1.243,Grape
0.944,-0.995,-0.464,-0.822,Lemon
-0.49,-0.872,-0.812,-1.072,Grape
1.228,-0.613,-0.416,-0.35,Orange
-1.765,0.458,-1.469,0.495,Banana
-1.112,0.813,-1.227,0.027,Banana
1.323,1.033,0.047,-1.068,Apple
1.186,-1.169,-0.399,0.273,Orange
0.864,-0.828,-0.656,-0.187,Orange
-1.557,0.98,-0.865,0.687,Banana
0.714,-1.185,-0.525,-0.289,Orange
-1.337,0.245,-1.365,0.283,Banana
0.948,-0.807,1.295,0.843,Watermelon
0.445,-0.859,0.997,0.91,Watermelon
1.427,1.158,-0.257,-0.243,Apple
1.297,-1.241,-0.608,-0.282,Orange
0.588,-1.016,1.034,0.976,Watermelon
0.874,1.579,0.029,-0.334,Apple
1.033,-0.518,0.795,0.662,Watermelon
1.079,-0.855,1.171,1.29,Watermelon
0.744,-1.493,0.795,1.204,Watermelon
0.677,-1.677,-0.25,-0.398,Orange
-0.004,-0.974,-0.735,0.087,Lemon
-0.969,1.205,-1.006,0.091,Banana
-1.171,1.378,-0.738,-0.221,Banana
-1.437,0.582,-0.629,-0.306,Banana
1.275,-0.861,-0.249,-0.366,Orange
1.416,-0.56,-1.505,-1.424,Grape
-1.576,1.42,-0.502,0.68,Banana
0.95,0.501,-0.669,-0.646,Apple
0.584,-0.514,-0.116,-0.671,Lemon
-0.183,-1.408,-0.184,-0.419,Lemon
0.876,0.851,-0.563,-0.721,Apple
1.725,0.001,-1.288,-1.614,Grape
0.659,-1.052,-0.38,-0.201,Lemon
0.59,-0.152,-1.124,-0.787,Grape
-1.092,1.323,-1.827,0.558,Banana
0.709,-0.974,1.436,0.719,Watermelon
0.664,-1.13,0.848,0.632,Watermelon
0.637,-0.945,-0.438,-0.787,Lemon
0.67,0.958,-0.386,-0.379,Apple
-1.248,1.116,-1.33,0.257,Banana
0.893,-1.012,0.115,-0.66,Orange
-1.837,0.792,-1.403,-0.754,Banana
1.611,-0.404,-0.766,-1.1,Grape
1.147,0.852,-0.015,-0.234,Apple
0.587,-0.986,-0.087,-0.441,Lemon
-1.36,1.118,-0.829,0.249,Banana
0.982,-1.373,-0.266,-0.625,Orange
0.912,-1.234,1.344,1.542,Watermelon
0.199,-1.002,-0.709,-0.337,Lemon
1.034,0.864,-0.267,-0.375,Apple
1.556,0.722,-0.21,-0.122,Apple
1.153,-1.104,0.179,-0.931,Orange
-1.383,1.232,-1.308,-0.028,Banana
0.436,-1.275,-0.377,-0.183,Lemon
1.031,-0.631,-0.785,-0.173,Orange
1.472,-0.258,-0.497,-1.207,Grape
1.321,-1.149,1.208,1.459,Watermelon
-1.278,0.35,-0.353,0.471,Banana
0.963,-0.657,-1.734,-0.927,Grape
0.814,-0.982,1.011,-0.182,Watermelon
1.171,-0.934,1.113,0.936,Watermelon
1.017,-0.54,-0.904,-0.834,Grape
-0.901,1.647,-1.254,0.169,Banana
-0.407,0.946,-0.674,0.347,Banana
0.92,1.345,-0.119,-0.837,Apple
-0.939,0.652,-0.555,0.914,Banana
1.656,-0.875,0.838,1.113,Watermelon
0.671,-0.179,1.418,1.107,Watermelon
1.349,-1.172,0.612,0.225,Watermelon
1.029,-1.073,1.182,1.005,Watermelon
1.166,-0.316,-1.511,-0.696,Grape
-1.142,1.181,-0.642,0.66,Banana
1.045,-0.938,1.312,0.475,Watermelon
0.667,-1.098,0.534,0.905,Watermelon
0.886,-0.97,-0.32,0.174,Orange
0.801,-1.025,-0.717,-0.517,Lemon
0.99,-0.118,-0.81,-0.524,Orange
0.624,-0.906,1.08,0.799,Watermelon
-0.686,1.129,-0.672,0.721,Banana
0.254,-0.76,-0.752,-0.113,Orange
-1.026,0.989,-1.422,0.661,Banana
0.148,-0.737,-1.101,-0.506,Lemon
1.632,0.227,-1.567,-1.247,Grape
0.817,-0.211,-0.324,0.176,Orange
0.705,-1.42,-1.251,-0.715,Lemon
-0.189,1.09,-0.631,-0.196,Banana
0.886,-0.727,0.618,0.978,Watermelon
0.292,-0.711,-0.461,-0.261,Lemon
0.905,-1.08,-0.249,-0.706,Lemon
-0.781,0.31,-1.261,1.111,Banana
1.214,1.214,-0.588,-0.683,Apple
-1.093,0.977,-0.33,0.657,Banana
1.038,1.023,-0.035,-0.762,Apple
0.328,-0.34,-0.975,-1.459,Grape
0.267,-0.287,-1.183,-0.86,Grape
0.908,0.988,-0.507,-0.327,Apple
1.202,-0.697,-1.116,-0.787,Grape
1.236,0.602,-0.31,-0.483,Apple
1.005,-0.098,-0.874,-0.243,Grape
-0.923,0.942,-1.007,0.35,Banana
1.113,-1.347,-0.382,-0.454,Orange
1.36,-1.674,-0.245,-0.731,Orange
1.151,0.86,-0.936,0.03,Apple
0.119,-1.011,1.242,1.482,Watermelon
-1.564,0.819,-0.621,0.703,Banana
1.048,-0.103,-0.778,-0.37,Lemon
0.879,-1.691,0.968,0.302,Watermelon
0.818,0.486,-0.146,-0.572,Apple
0.375,1.303,-0.511,-0.451,Apple
0.658,-0.598,-0.205,-0.415,Orange
0.33,-0.121,1.693,1.505,Watermelon
0.754,-1.175,1.14,0.687,Watermelon
-1.346,1.51,-1.019,-0.092,Banana
1.333,-1.201,0.307,0.603,Watermelon
0.819,-0.923,1.06,1.43,Watermelon
0.917,-1.163,1.436,1.343,Watermelon
-1.075,1.102,-1.166,-0.107,Banana
1.369,-1.19,-0.497,-1.03,Lemon
1.258,0.578,0.287,0.329,Apple
1.198,-0.96,0.934,0.983,Watermelon
1.143,1.031,0.044,-0.621,Apple
1.535,-1.148,0.739,1.127,Watermelon
1.149,-1.608,-0.468,-0.96,Orange
0.764,-1.221,1.104,0.724,Watermelon
0.807,-0.544,1.722,0.678,Watermelon
1.357,-0.864,0.391,0.723,Watermelon
-0.06,-0.887,-0.677,-0.153,Orange
1.9,-0.442,-0.568,-0.553,Orange
1.453,-1.352,0.047,0.758,Orange
1.236,1.414,0.074,-0.495,Apple
1.102,-0.935,-0.549,-1.38,Grape
1.245,-0.204,-1.172,-1.252,Grape
0.941,0.688,-0.245,-0.621,Apple
0.704,1.191,-0.084,-0.403,Apple
0.424,-0.59,-0.457,0.522,Orange
-1.046,1.048,-1.151,0.385,Banana
2.0,-1.122,0.147,-0.168,Orange
1.411,-1.676,1.681,1.119,Watermelon
0.506,-0.684,-0.55,-0.902,Lemon
0.152,-0.361,-0.378,-0.415,Orange
0.813,-0.087,-1.172,-0.774,Grape
0.483,-1.439,-0.285,-0.114,Lemon
0.762,-1.013,-0.266,-0.044,Orange
1.29,-1.113,-0.716,-0.561,Lemon
0.67,-1.603,-0.253,-0.015,Orange
1.001,-1.022,0.685,1.088,Watermelon
1.059,-0.834,1.113,1.138,Watermelon
1.462,-0.8,1.168,0.39,Watermelon
0.969,-1.104,-0.572,-0.946,Lemon
1.731,-1.866,0.221,-0.051,Orange
-1.667,1.713,-0.82,-0.525,Banana
0.852,-0.813,0.3,-0.343,Orange
-1.926,1.511,-0.826,-0.481,Banana
0.72,-0.843,-0.714,-0.79,Lemon
0.387,-1.114,-0.476,-0.224,Lemon
0.248,-0.91,1.171,1.059,Watermelon
0.858,-0.103,-0.529,-1.128,Grape
0.971,-0.73,0.149,-0.485,Orange
0.634,-0.904,0.607,0.319,Watermelon
0.313,-0.854,-0.056,-0.748,Lemon
0.957,-0.946,0.773,0.745,Watermelon
-0.883,0.581,-1.269,0.229,Banana
1.113,-1.53,0.954,0.548,Watermelon
0.761,-0.724,-0.326,0.384,Orange
0.975,1.339,-0.022,-0.305,Apple
-1.46,0.963,-1.186,0.1,Banana
1.055,-1.507,0.694,0.646,Watermelon
0.911,-1.269,0.754,1.047,Watermelon
0.444,-0.998,-0.99,-0.79,Lemon
1.714,-0.844,-1.737,-0.88,Grape
0.352,-0.915,-0.631,-0.308,Lemon
0.965,0.921,0.102,-1.076,Apple
0.536,0.711,-0.892,-0.468,Apple
0.798,-0.259,-1.031,-1.075,Grape
0.867,0.632,0.012,0.124,Apple
0.576,-0.433,-0.535,-0.463,Orange
-0.835,1.197,-1.025,0.179,Banana
1.41,-1.218,-0.324,0.393,Orange
0.532,-1.161,1.359,1.185,Watermelon
-0.687,0.537,-0.888,0.2,Banana
1.795,-0.317,-1.008,-0.9,Grape
0.619,-0.755,-0.9,-0.022,Lemon
0.536,-0.928,0.712,1.015,Watermelon
1.346,-1.599,0.941,0.496,Watermelon
0.902,-1.505,1.057,0.851,Watermelon
1.261,-0.17,-0.996,-0.687,Grape
-0.516,0.677,-0.498,0.287,Banana
-1.342,1.104,-1.025,-0.192,Banana
0.615,-0.427,1.098,1.519,Watermelon
0.454,-1.281,-1.189,-0.161,Lemon
1.144,-1.143,-0.577,0.194,Orange
0.938,-0.658,-1.21,-1.143,Grape
1.193,-1.096,-0.972,-0.666,Grape
0.97,-0.631,1.469,1.316,Watermelon
0.812,-0.612,-0.879,-1.164,Grape
0.824,0.803,0.59,-0.395,Apple
1.374,0.696,0.296,-0.432,Apple
-0.981,0.359,-0.609,0.767,Banana
0.184,-0.589,-1.068,-0.279,Lemon
0.499,-0.532,-0.513,-0.174,Lemon
1.433,-1.102,-0.31,-0.589,Orange
0.895,-0.326,1.265,0.634,Watermelon
1.171,-0.864,-0.309,-0.328,Lemon
0.747,-1.699,-0.213,-1.289,Lemon
1.356,1.035,-0.008,-0.245,Apple
1.365,1.006,-0.202,-0.158,Apple
-0.342,1.21,-1.461,0.103,Banana
1.209,-0.559,0.747,1.784,Watermelon
0.661,-0.853,-1.039,-0.11,Lemon
0.844,-1.261,-0.411,0.284,Orange
-0.837,0.689,-1.186,0.793,Banana
0.917,-0.404,-0.718,-2.0,Grape
1.443,-1.298,0.874,1.539,Watermelon
1.506,-0.828,1.255,1.342,Watermelon
-0.499,1.545,-0.962,0.042,Banana
0.911,-0.955,-0.319,-0.554,Orange
1.153,-1.549,-0.27,-0.148,Orange
-0.96,1.298,-0.748,1.078,Banana
0.819,-0.902,-0.225,-0.141,Orange
0.557,-1.414,-0.298,-0.752,Orange
0.883,0.773,-0.404,0.096,Apple
0.623,1.304,-0.5,-0.456,Apple
0.763,-1.096,-0.912,-0.63,Lemon
0.378,-0.467,-2.0,-0.689,Grape
-0.785,1.561,-0.236,0.628,Banana
0.38,-0.24,-1.018,-1.166,Lemon
1.648,1.211,-0.957,-0.774,Apple
-0.807,0.696,-1.254,0.988,Banana
1.752,-0.949,-0.353,0.116,Orange
0.803,-1.381,-1.967,-1.026,Grape
1.309,-0.594,-0.717,-0.682,Grape
1.485,-0.935,-0.203,-0.213,Orange
0.91,-1.55,1.41,0.866,Watermelon
-1.154,0.81,-1.469,0.27,Banana
1.181,-1.247,1.363,0.871,Watermelon
0.464,-0.119,-0.931,-0.698,Grape
1.31,0.669,-0.483,0.062,Apple
1.642,-0.978,-0.52,0.389,Orange
0.781,-0.485,-1.15,-0.906,Grape
0.669,-0.731,-1.22,-0.768,Grape
1.057,-0.292,-1.289,-1.073,Grape
1.219,-0.699,0.494,1.111,Watermelon
0.715,1.318,0.351,-1.214,Apple
0.37,-0.908,-0.601,-0.171,Lemon
1.028,-0.785,-1.357,-1.416,Grape
-1.26,0.802,-0.866,0.245,Banana
0.772,-1.353,-0.546,-0.397,Orange
0.338,-0.764,-0.121,-0.912,Lemon
1.392,-0.757,1.063,1.534,Watermelon
0.94,1.141,-0.257,-0.283,Apple
1.161,-0.984,1.163,0.766,Watermelon
0.376,-1.236,-0.728,-0.145,Lemon
0.838,-0.772,1.093,0.846,Watermelon
1.458,-0.742,1.001,0.972,Watermelon
-0.967,0.465,-1.289,0.462,Banana
-1.554,0.738,-1.137,1.316,Banana
1.236,-0.616,-0.582,-0.073,Orange
-1.616,0.884,-0.823,-0.196,Banana
1.138,-0.833,-0.511,-0.492,Orange
0.75,0.879,-0.411,-0.122,Apple
0.813,1.561,0.258,-0.217,Apple
0.479,-1.187,-0.489,-0.328,Lemon
0.93,-1.138,-0.177,-0.176,Orange
0.8,1.04,-0.512,-0.563,Apple
0.998,-0.801,-1.257,-0.634,Grape
-1.137,1.645,-0.781,0.013,Banana
1.406,-0.851,-0.309,-0.921,Grape
0.79,-0.989,-0.507,-0.58,Lemon
-1.324,1.119,-0.641,-0.117,Banana
-0.461,1.21,-1.153,0.141,Banana
1.652,-0.671,0.099,-0.288,Orange
-0.806,1.122,-1.061,0.338,Banana
1.389,1.56,-0.388,-0.76,Apple
1.175,-0.42,-0.46,0.127,Lemon
1.115,0.682,-0.759,-0.763,Apple
1.002,-1.163,0.797,0.963,Watermelon
-0.7,0.809,-1.25,0.132,Banana
1.322,-0.625,-0.902,-0.456,Grape
-0.005,1.224,-0.811,-0.115,Banana
1.129,1.022,0.012,-0.437,Apple
1.07,-0.388,-0.336,-0.453,Grape
-0.557,1.254,-1.151,0.554,Banana
0.73,0.928,0.322,-0.112,Apple
1.079,-0.876,-0.333,-0.955,Orange
0.557,-0.784,0.678,0.962,Watermelon
0.57,-1.252,-0.301,0.123,Orange
1.394,-1.257,-0.193,-0.699,Orange
1.02,-0.666,0.977,1.46,Watermelon
0.893,-0.916,-0.687,-0.687,Lemon
0.49,0.547,0.048,0.23,Apple
0.622,-0.976,0.449,0.658,Watermelon
0.691,-1.182,-1.271,0.102,Lemon
0.583,-1.387,-0.555,-0.528,Lemon
1.148,-1.119,1.11,1.33,Watermelon
0.539,-1.243,1.294,0.807,Watermelon
0.971,-1.165,-0.443,-0.373,Orange
0.559,1.161,0.072,-0.362,Apple
1.332,-0.772,-1.193,-0.856,Grape
1.15,-1.039,-0.063,-0.65,Orange
0.894,1.338,0.037,-0.007,Apple
1.357,-1.13,0.403,0.909,Watermelon
1.223,1.28,-0.484,-0.639,Apple
0.296,-1.19,-1.264,-0.685,Lemon
1.017,0.966,-0.416,-0.541,Apple
0.8,-1.194,-0.053,-0.2,Orange
0.108,0.884,-0.847,0.191,Banana
0.483,-0.453,-0.251,-1.114,Lemon
0.642,-1.048,0.819,0.472,Watermelon
-0.959,0.343,-0.956,0.555,Banana
1.305,-1.051,1.529,1.116,Watermelon
0.896,-1.258,-0.067,-0.501,Lemon
1.552,-0.525,-0.21,-0.058,Orange
0.537,-1.287,-0.392,-0.31,Lemon
0.433,0.971,0.004,0.213,Apple
1.254,0.469,-0.669,-0.421,Apple
1.49,0.788,0.071,-0.518,Apple
-0.814,0.671,-1.068,-0.096,Banana
1.505,0.757,-0.842,-0.869,Apple
0.97,-0.76,-0.773,-1.082,Grape
1.008,-1.135,-0.241,-0.833,Lemon
0.474,0.712,-0.695,-0.734,Apple
0.745,-1.093,-0.55,-0.315,Lemon
0.01,-0.801,-1.022,-0.702,Lemon
0.338,1.229,-0.891,-0.72,Apple
0.605,-1.045,-0.356,0.084,Orange
0.963,-0.662,1.133,0.669,Watermelon
-1.234,1.529,-0.57,0.588,Banana
0.934,-0.837,-0.483,-0.483,Lemon
1.595,-1.163,1.084,0.402,Watermelon
0.499,-0.365,-0.084,-0.274,Orange
1.027,-1.075,-1.15,-1.51,Grape
-1.103,1.238,-0.841,0.856,Banana
0.703,-1.867,0.083,-0.794,Lemon
1.057,1.036,-0.216,-0.283,Apple
1.023,-1.463,1.905,1.228,Watermelon
-0.982,1.645,-1.375,0.604,Banana
0.806,-0.459,-0.851,-1.818,Grape
0.099,-0.445,-0.688,0.201,Lemon
1.059,-1.077,-0.708,0.077,Lemon
1.336,-1.1,-0.062,-0.139,Lemon
1.421,-0.965,0.765,0.631,Watermelon
0.544,0.069,-0.996,-1.401,Grape
1.351,-1.168,0.772,1.724,Watermelon
0.534,-0.918,0.793,0.737,Watermelon
0.488,-0.579,-1.306,-0.793,Grape
0.984,-1.109,-0.604,0.301,Orange
1.257,0.762,-0.776,-0.961,Apple
0.998,-0.682,-0.234,-0.542,Lemon
1.282,-0.64,0.976,0.875,Watermelon
0.658,1.149,-0.104,-0.442,Apple
0.499,-1.076,-0.323,-0.981,Lemon
0.613,-1.38,-0.352,-0.09,Orange
0.626,1.318,0.212,-0.155,Apple
1.393,-1.32,-0.612,-0.02,Orange
0.587,-1.313,-0.101,-0.395,Lemon
1.246,-1.236,1.588,0.945,Watermelon
0.957,-1.204,-0.541,-0.305,Lemon
1.698,-0.754,-0.929,-0.793,Grape
0.505,-1.361,-1.349,-0.661,Grape
1.601,-1.323,-0.726,0.337,Orange
0.802,0.87,0.211,0.153,Apple
1.327,-1.599,-0.74,0.192,Orange
-0.889,0.728,-1.121,0.689,Banana
1.135,-1.002,-0.84,-0.596,Lemon
1.47,1.463,-0.232,-0.485,Apple
1.379,-0.032,-1.509,-1.081,Grape
1.405,-0.974,0.829,1.065,Watermelon
1.13,-0.994,-0.968,-0.871,Grape
0.828,0.727,-0.488,-0.64,Apple
0.898,-1.344,-0.534,-0.631,Lemon
0.753,-0.52,0.954,0.766,Watermelon
0.732,1.119,-0.011,0.145,Apple
0.941,0.92,-0.254,-0.242,Apple
0.73,1.512,-0.292,-0.113,Apple
1.149,-0.859,0.649,0.998,Watermelon
1.798,-0.444,-0.245,-0.328,Orange
-1.776,0.826,-1.027,0.189,Banana
0.913,1.218,-0.65,-0.205,Apple
-1.039,0.691,-0.414,0.562,Banana
0.725,-0.819,-0.786,-0.432,Orange
1.465,1.123,-0.205,0.045,Apple
1.214,-1.093,1.328,0.409,Watermelon
0.766,-0.634,-0.808,-1.114,Grape
0.376,-1.274,-1.024,-1.167,Grape
0.682,-1.377,1.047,1.456,Watermelon
1.047,-0.54,0.869,1.155,Watermelon
1.073,-1.055,-0.591,-0.631,Lemon
-0.793,1.316,-0.877,0.22,Banana
0.075,-1.017,-0.667,-0.417,Lemon
1.041,-0.45,-0.544,-0.751,Orange
0.6,-1.222,0.079,-0.654,Orange
-1.407,1.145,-0.703,-0.242,Banana
0.38,0.725,-0.07,-0.25,Apple
0.738,-0.741,1.044,0.962,Watermelon
0.435,-1.27,0.385,-0.318,Orange
0.665,-1.134,-0.258,0.109,Orange
1.217,-1.237,1.445,1.285,Watermelon
0.844,-1.045,-0.09,0.176,Orange
0.468,1.025,-0.311,-0.5,Apple
0.798,-0.231,-0.813,-0.263,Grape
0.801,-0.952,1.108,1.314,Watermelon
1.075,-0.967,-0.983,-0.749,Lemon
0.65,-0.607,-1.106,-0.91,Lemon
1.265,-1.053,-1.394,-0.602,Grape
0.523,-1.104,-0.121,-0.872,Lemon
0.558,-0.43,-0.218,0.038,Orange
0.891,-0.637,-1.246,-0.889,Grape
1.291,-0.531,-0.629,-0.768,Grape
0.633,0.949,-0.457,-0.036,Apple
-0.838,1.045,-0.645,-0.353,Banana
0.789,0.819,-0.212,-0.107,Apple
0.6,-1.46,-0.458,-0.455,Lemon
0.086,-1.103,-0.469,0.079,Lemon
0.619,-0.723,-0.677,-0.645,Orange
-1.424,1.212,-0.955,0.19,Banana
1.16,-0.586,-0.961,-1.106,Grape
0.64,-0.408,1.49,1.557,Watermelon
0.811,-1.239,0.855,1.376,Watermelon
1.0,0.81,-0.173,-0.558,Apple
0.126,-0.955,-0.781,-0.505,Lemon
-1.94,0.688,-1.016,-0.231,Banana
0.481,-0.986,-0.054,-0.512,Orange
-1.092,0.916,-1.547,0.714,Banana
0.936,-1.06,-0.169,-0.746,Orange
1.322,-0.632,1.049,1.162,Watermelon
0.886,1.302,-0.588,-0.311,Apple
1.01,0.986,0.074,0.466,Apple
-1.038,1.165,-1.281,0.661,Banana
-1.181,2.0,-1.585,1.052,Banana
1.347,-0.993,-0.188,-1.325,Grape
-1.11,0.546,-1.051,0.282,Banana
1.291,-0.147,0.82,0.037,Watermelon
1.227,-1.193,1.636,0.988,Watermelon
0.334,-1.355,-0.382,-0.596,Lemon
1.514,-1.074,0.195,-0.683,Orange
0.391,-0.71,0.837,0.908,Watermelon
0.246,-1.38,-0.378,-0.507,Lemon
0.629,-0.723,1.411,0.962,Watermelon
1.351,-1.351,-0.098,-0.143,Orange
0.723,-0.281,1.081,0.793,Watermelon
1.007,-0.904,-1.405,-1.157,Grape
0.866,-0.881,-0.562,-1.268,Grape
0.674,-1.015,-1.449,-0.64,Grape
-0.91,1.242,-0.644,0.183,Banana
-0.485,0.781,-1.384,0.431,Banana
0.651,-0.95,-0.245,-0.463,Lemon
1.11,-0.124,-0.907,-0.827,Grape
0.504,0.302,0.443,0.811,Watermelon
0.801,0.138,-1.21,-0.845,Grape
0.803,-0.964,-0.8,-1.252,Grape
1.073,1.219,0.367,-0.742,Apple
0.947,0.961,-0.3,0.599,Apple
0.939,-1.882,0.931,0.959,Watermelon
0.916,-1.252,0.538,1.756,Watermelon
1.111,-1.067,1.745,0.696,Watermelon
1.211,-1.437,1.263,0.603,Watermelon
0.765,-0.316,-0.567,-1.267,Lemon
1.013,1.168,0.015,0.216,Apple
1.534,-0.646,-1.231,-1.391,Grape
-1.189,1.167,-1.472,-0.024,Banana
0.797,-1.226,-0.471,-0.785,Lemon
-0.899,0.73,-1.666,0.635,Banana
0.356,-1.087,-0.842,-0.309,Lemon
1.117,-0.81,0.808,0.983,Watermelon
1.146,-0.459,1.107,0.649,Watermelon
1.094,-1.058,0.3,0.354,Watermelon
0.977,-0.594,-1.103,-0.691,Grape
-1.327,0.515,-1.289,0.087,Banana
0.98,-1.279,-1.05,-1.099,Orange
1.043,-1.395,-1.002,0.019,Orange
1.541,-0.633,-0.906,-0.903,Grape
0.19,-0.689,0.134,0.443,Orange
0.847,-1.397,1.475,1.175,Watermelon
1.306,-1.226,-0.205,-0.569,Orange
-1.002,0.878,-0.18,0.492,Banana
0.247,-0.601,-0.871,-1.166,Grape
0.614,-0.369,-1.336,-0.799,Grape
0.634,-1.187,1.335,1.171,Watermelon
1.011,-0.61,-0.968,-1.277,Grape
0.469,-0.801,1.536,1.211,Watermelon
1.089,0.577,0.007,-0.132,Apple
1.266,-0.638,0.255,-0.59,Orange
-1.451,1.052,-1.323,-0.083,Banana
1.427,-1.353,-0.304,-0.771,Orange
-0.978,1.414,-0.575,0.666,Banana
0.973,-0.211,-0.849,-1.154,Grape
0.734,-0.69,-1.065,-0.871,Lemon
0.95,-1.028,-1.433,-1.147,Grape
1.347,-0.659,-0.188,-0.137,Orange
1.731,0.811,-0.216,-0.506,Apple
0.549,-0.585,-0.407,0.043,Orange
0.914,-0.164,-1.349,-0.593,Grape
1.313,0.372,-0.481,0.057,Apple
1.573,-0.75,-0.439,-0.539,Orange
1.198,-1.149,-0.434,-0.278,Orange
1.309,-0.368,0.059,-0.197,Orange
0.685,1.234,0.283,0.051,Apple
1.073,-0.771,-0.879,-0.596,Grape
1.081,-1.036,-0.541,0.706,Orange
0.688,-0.944,-0.943,-1.071,Grape
1.358,-0.23,-1.425,-1.264,Grape
0.694,-0.725,-0.15,-0.33,Orange
0.676,-1.394,-0.86,-0.955,Lemon
-0.949,1.05,-1.345,0.447,Banana
0.97,-1.361,-0.714,-0.32,Lemon
-1.002,0.52,-1.154,0.134,Banana
0.94,0.955,0.248,-0.373,Apple
-1.601,1.032,-0.388,0.242,Banana
0.847,-1.107,-0.096,-0.308,Orange
0.47,-1.235,-0.323,-0.013,Orange
0.796,-0.704,-0.984,-1.272,Grape
0.968,-0.836,0.585,1.107,Watermelon
0.218,-1.375,-0.832,-0.022,Lemon
-0.0,-1.162,-0.609,-0.091,Lemon
1.682,0.852,-0.111,-0.333,Apple
0.965,1.096,-0.855,-0.317,Apple
1.158,-0.901,-0.84,-1.605,Grape
-0.967,1.47,-1.077,-0.042,Banana
0.501,-0.463,-0.675,-1.02,Grape
-1.162,0.324,-0.957,0.059,Banana
0.779,-0.034,-1.631,-1.584,Grape
-0.919,0.865,-1.182,0.395,Banana
1.09,-0.941,-1.207,-0.983,Grape
1.058,-0.431,-1.204,-0.879,Grape
-0.667,1.016,-1.036,0.218,Banana
0.784,0.672,-0.404,-0.142,Apple
0.689,-1.026,-0.367,0.422,Orange
-0.747,1.247,-0.678,0.109,Banana
1.482,1.056,-0.316,-0.725,Apple
0.459,-1.618,-0.687,-0.702,Lemon
0.861,-1.485,1.246,1.207,Watermelon
1.191,-0.418,-0.545,-0.142,Lemon
0.691,-1.15,-0.697,-0.276,Lemon
2.0,1.408,-0.214,-0.131,Apple
1.166,0.968,-0.035,-0.354,Apple
0.646,-0.831,-0.085,-0.251,Orange
1.108,-0.664,0.982,0.844,Watermelon
0.752,0.911,0.237,-0.369,Apple
1.126,-0.714,-1.144,-1.308,Grape
-0.965,0.819,-0.554,0.262,Banana
0.984,-0.663,-0.87,-0.478,Grape
0.636,-0.503,-1.549,-0.572,Grape
0.962,-1.123,-1.447,-0.715,Grape
0.417,-0.903,-0.45,-0.268,Orange
0.764,-1.333,-0.471,0.0,Orange
0.898,-0.853,-0.385,0.014,Orange
0.745,-1.189,-0.934,-0.166,Lemon
0.315,-0.825,-0.589,-0.662,Lemon
1.15,-0.521,-0.081,-0.155,Orange
1.168,-1.586,-0.989,-0.663,Lemon
1.497,1.33,-0.901,-0.453,Apple
0.537,-1.014,0.016,0.141,Orange
1.094,-1.149,0.967,1.239,Watermelon
1.822,0.585,0.256,-0.215,Apple
1.287,1.065,0.191,-0.185,Apple
0.373,-0.842,-0.206,-0.5,Lemon
0.274,-0.64,-0.966,-1.016,Grape
0.827,-0.537,0.169,1.033,Watermelon
1.038,1.733,-0.305,-0.144,Apple
1.044,-0.567,-0.383,-1.389,Grape
0.766,-0.736,-0.21,-0.299,Orange
0.975,-0.68,-0.13,-0.45,Orange
1.083,-0.617,-0.835,-1.112,Grape
0.577,1.235,-0.108,0.195,Apple
0.539,-0.625,-1.081,-1.139,Grape
0.461,-1.373,-0.205,-0.375,Orange
-1.289,1.501,-0.169,0.28,Banana
0.474,1.139,-1.03,-0.773,Apple
0.745,-1.484,-0.704,-1.019,Lemon
1.02,1.393,-0.514,-0.307,Apple
0.714,-0.861,-1.291,-0.725,Grape
0.505,-1.116,1.143,1.318,Watermelon
0.754,-1.025,-0.799,-0.176,Lemon
-1.304,0.702,-0.527,0.426,Banana
0.738,-0.791,-0.633,-1.003,Lemon
1.088,-1.006,-0.601,-0.581,Orange
0.584,-1.475,-0.65,-0.592,Lemon
0.558,-0.859,-0.382,-0.749,Lemon
1.304,-0.677,-0.386,-1.205,Grape
0.036,-0.708,-0.451,-0.079,Lemon
1.108,1.819,-0.366,0.066,Apple
0.416,-0.828,-0.363,-0.209,Lemon
-0.728,-0.133,-1.024,0.099,Banana
0.868,-1.099,1.342,1.071,Watermelon
0.822,0.486,0.237,-0.527,Apple
0.954,0.149,-1.217,-1.096,Grape
1.081,-1.162,-1.603,-1.169,Grape
0.844,1.047,-0.642,-0.148,Apple
0.245,0.975,-0.174,-0.185,Apple
0.943,0.769,-0.367,0.132,Apple
0.39,-0.658,-0.202,-1.108,Lemon
0.555,-1.342,-1.126,-0.223,Lemon
1.166,-0.908,0.62,1.074,Watermelon
0.541,1.027,-0.532,0.068,Apple
0.873,-0.919,-0.218,-0.227,Orange
1.037,-0.494,-1.314,-0.859,Grape
1.302,1.139,-0.424,-0.239,Apple
0.473,-1.042,-1.016,-0.017,Lemon
1.677,-1.246,-0.025,0.31,Orange
0.665,-1.355,-0.469,-1.004,Grape
0.818,-0.983,0.871,2.0,Watermelon
0.414,-0.885,-0.148,-0.049,Lemon
1.384,-1.149,0.947,0.239,Watermelon
0.974,-0.989,-0.04,0.428,Orange
0.849,-0.625,-0.606,-0.05,Lemon
0.604,-0.601,-0.318,-0.363,Lemon
0.461,-0.617,-0.168,0.046,Orange
1.11,-0.83,0.155,-0.366,Orange
1.164,-1.272,1.202,1.088,Watermelon
0.379,-0.967,-0.799,-0.632,Lemon
1.124,-0.906,0.328,1.13,Watermelon
0.894,-1.145,0.605,0.984,Watermelon
0.817,-0.554,-0.912,-0.537,Orange
0.639,-0.909,1.411,1.176,Watermelon
0.617,-1.15,0.717,1.178,Watermelon
0.843,0.506,-0.095,0.142,Apple
0.937,-0.558,-1.527,-1.721,Grape
-1.647,0.984,-1.108,0.491,Banana
0.931,-0.254,-0.695,-1.113,Grape
0.649,0.329,0.202,-0.63,Apple
-1.524,1.045,-1.521,0.345,Banana
0.882,-0.277,-0.707,-0.614,Grape
1.072,0.7,-0.663,-0.486,Apple
1.698,-0.687,-0.944,-0.468,Grape
1.089,-1.262,1.256,0.85,Watermelon
-0.899,1.179,-1.173,0.365,Banana
-0.44,0.781,-0.539,0.093,Banana
1.631,-1.299,-0.438,0.328,Orange
1.143,-0.714,-0.979,-0.471,Lemon
1.0,-0.9,-0.756,-1.272,Grape
0.548,0.433,0.299,-0.479,Apple
0.829,0.639,0.179,-0.783,Apple
0.179,-1.113,-0.608,-0.269,Lemon
0.764,-0.459,-0.534,-0.553,Orange
-1.386,0.729,-1.409,0.563,Banana
0.65,-1.046,0.64,0.589,Watermelon
-0.613,1.561,-0.556,-0.215,Banana
0.534,1.692,-0.389,-0.781,Apple
1.379,-0.976,-0.101,-0.983,Orange
0.886,-0.668,-0.524,0.232,Orange
0.539,-1.039,0.276,-0.603,Orange
0.695,-0.795,-0.568,-0.588,Lemon
0.293,-0.931,-0.636,-1.003,Lemon
1.385,-1.319,0.506,0.792,Watermelon
0.688,-1.09,0.565,1.157,Watermelon
-0.517,1.037,-1.505,-0.02,Banana
0.677,-1.688,-1.031,-1.077,Lemon
1.04,-0.243,-0.741,0.086,Orange
0.403,-1.462,-0.053,0.256,Lemon
1.144,1.127,-0.278,-0.352,Apple
1.119,1.237,0.282,-0.483,Apple
-0.955,0.969,-0.642,1.14,Banana
1.37,-0.721,0.018,0.244,Orange
1.845,-1.59,1.21,0.097,Watermelon
1.333,1.193,-0.491,-1.235,Apple
-1.005,1.078,-1.022,0.083,Banana
-1.314,0.982,-1.281,0.583,Banana
0.972,-1.604,1.062,1.145,Watermelon
1.566,-0.275,-1.315,-0.501,Grape
0.115,-0.99,-0.336,0.011,Lemon
1.661,-0.554,-0.348,0.003,Orange
1.079,0.752,-0.34,0.329,Apple
0.826,-0.279,-0.979,-0.634,Lemon
1.145,1.26,-0.341,-0.02,Apple
1.278,0.514,-0.036,0.076,Apple
1.104,-1.644,-0.397,-0.047,Orange
0.697,1.321,-0.045,-0.253,Apple
1.006,1.068,-0.301,-0.75,Apple
0.849,-0.575,-0.503,-0.758,Grape
1.515,0.508,-0.425,0.426,Apple
0.74,0.733,-0.395,0.406,Apple
0.765,-0.805,1.137,0.325,Watermelon
0.595,-1.194,-0.363,0.109,Lemon
0.479,-1.121,0.281,-0.749,Lemon
-1.47,1.482,-1.018,0.399,Banana
-0.219,0.509,-1.068,-0.133,Banana
0.717,-1.194,-1.011,-0.244,Lemon
-0.996,0.562,-1.417,0.373,Banana
0.415,-0.52,-0.531,-0.767,Grape
0.782,-0.504,-1.438,-0.952,Grape
0.486,-1.364,-0.382,-1.192,Lemon
0.585,-1.373,0.823,1.455,Watermelon
1.264,-0.963,-0.28,-0.204,Orange
1.48,0.365,-0.03,-0.478,Apple
0.776,-0.822,-0.343,0.054,Lemon
-1.48,1.352,-1.022,0.139,Banana
-0.288,1.246,-1.146,0.635,Banana
-1.016,0.848,-1.212,0.407,Banana
0.785,-0.546,-0.69,-0.961,Grape
1.292,-0.995,-0.128,-0.158,Lemon
1.534,-0.31,0.384,1.093,Watermelon
-1.039,1.039,-1.139,0.11,Banana
-1.385,1.034,-0.673,0.127,Banana
0.485,-1.244,-0.948,-0.583,Lemon
1.12,-0.56,-0.717,-0.211,Orange
-0.588,0.587,-0.557,0.146,Banana
-0.751,0.924,-0.839,0.863,Banana
0.958,1.349,-0.204,-0.575,Apple
0.949,-1.073,-0.794,-0.039,Orange
1.23,-0.716,1.5,1.334,Watermelon
0.789,-0.737,-0.706,-0.864,Grape
0.994,-1.306,-0.486,0.004,Orange
-1.683,0.181,-0.757,0.113,Banana
1.164,-0.048,-1.355,-1.584,Grape
0.903,-0.84,-1.009,-0.812,Grape
1.114,-0.984,1.37,1.235,Watermelon
0.937,-0.778,0.459,1.372,Watermelon
1.008,-1.42,0.854,1.363,Watermelon
0.731,-0.456,-0.692,-0.991,Grape
0.697,0.978,-0.793,-0.471,Apple
0.612,-0.616,-1.444,-0.971,Grape
1.397,1.418,-0.736,-0.533,Apple
1.298,-0.754,-0.515,-0.37,Orange
1.029,0.358,-0.116,0.079,Apple
0.864,-1.097,-0.506,-0.923,Grape
1.248,-1.462,-0.761,-0.055,Orange
0.96,-1.395,-0.636,-1.056,Lemon
0.354,-1.09,-0.429,-1.237,Lemon
1.462,-0.66,-0.547,-0.755,Grape
0.898,-0.293,-0.874,-0.453,Lemon
0.653,-1.036,-0.048,0.195,Orange
0.866,-1.422,1.026,0.702,Watermelon
0.798,-0.765,-0.13,0.092,Orange
0.882,-0.247,-0.995,-1.099,Grape
0.615,-1.331,-1.547,-0.925,Grape
0.682,-1.576,-0.447,-0.102,Orange
-0.855,0.99,-1.021,0.112,Banana
1.222,-1.062,-0.327,0.163,Orange
1.277,-0.665,-1.114,-1.117,Grape
0.293,-0.616,0.76,1.299,Watermelon
-0.985,1.487,-0.815,0.619,Banana
-1.207,0.55,-0.948,-0.371,Banana
0.836,-1.016,-1.294,-0.792,Grape
1.185,-1.057,-0.188,-0.389,Orange
1.849,-0.895,0.793,1.306,Watermelon
-0.566,0.729,-1.496,-0.127,Banana
0.766,-1.019,0.43,0.854,Watermelon
0.927,-0.886,-0.086,-0.059,Orange
1.227,-0.617,-0.522,-0.84,Lemon
0.764,0.5,-0.246,-0.184,Apple
0.913,-0.906,-0.231,-0.124,Lemon
0.64,-0.781,-1.004,-1.247,Grape
0.515,-0.895,-0.643,-0.5,Lemon
-1.33,1.177,-0.848,0.033,Banana
0.147,-0.569,0.012,-0.418,Lemon
-1.127,1.366,-0.835,0.226,Banana
1.339,-1.283,-0.542,-0.073,Orange
1.04,-0.377,-0.582,-1.543,Grape
-0.986,1.665,-1.209,0.05,Banana
-1.784,1.036,-0.797,0.502,Banana
0.637,-1.003,1.078,1.018,Watermelon
0.617,-0.973,0.715,0.345,Watermelon
1.238,1.049,-0.093,-0.487,Apple
0.819,-0.642,0.014,-0.215,Lemon
-0.865,0.517,-1.037,-0.198,Banana
0.713,-0.316,-0.658,-1.02,Orange
0.885,-1.236,-0.331,-0.91,Lemon
0.851,-0.181,-1.463,-1.059,Grape
1.102,-1.252,1.085,1.005,Watermelon
1.187,1.645,0.636,-0.138,Apple
0.961,-0.846,0.919,0.444,Watermelon
-1.016,1.379,-1.513,-0.045,Banana
-1.204,1.13,-0.168,0.017,Banana
1.032,1.002,-0.405,-0.317,Apple
-1.163,1.96,-0.738,0.14,Banana
-0.586,1.09,-0.98,0.236,Banana
-1.088,0.573,-1.586,0.43,Banana
0.933,-0.693,-0.611,-0.584,Orange
1.272,0.897,-0.0,-0.288,Apple
1.657,-0.735,-0.157,0.08,Orange
-1.096,0.425,-0.874,0.98,Banana
0.198,1.164,-0.837,-0.308,Apple
1.028,1.261,-0.226,0.181,Apple
1.408,-1.069,1.383,0.891,Watermelon
0.43,-1.422,-0.141,-0.605,Lemon
-0.248,-0.81,-0.752,-0.605,Lemon
0.918,0.882,0.655,0.282,Apple
1.245,1.084,0.095,-0.215,Apple
1.286,-0.405,-0.955,-0.671,Grape
0.853,-0.98,-0.643,-0.502,Orange
0.115,-0.84,-0.044,0.18,Orange
0.614,-0.846,-0.3,0.058,Orange
0.772,-1.118,0.456,0.749,Watermelon
0.601,-0.939,-1.19,-0.679,Lemon
-0.944,1.493,-1.296,0.472,Banana
-1.197,0.844,-1.307,-0.066,Banana
0.434,-0.633,-0.864,-0.819,Lemon
1.073,1.002,-0.324,-0.211,Apple
0.647,0.685,0.045,-0.351,Apple
-0.791,1.428,-0.704,-0.179,Banana
-1.041,1.364,-0.817,0.364,Banana
0.426,-0.816,-0.976,-1.499,Grape
1.278,-1.041,-0.993,-0.398,Orange
0.9,-1.045,1.497,1.202,Watermelon
0.122,-1.521,-0.693,-0.456,Lemon
1.347,-0.395,0.324,-0.355,Orange
1.327,-0.451,-1.382,-1.661,Grape
1.05,-1.523,-0.598,-0.44,Orange
1.077,1.448,-0.296,-0.489,Apple
0.276,-0.44,-0.99,-1.192,Grape
1.008,-1.417,-0.84,-0.586,Lemon
-1.197,1.193,-0.838,0.668,Banana
1.176,-0.64,-1.119,-0.841,Grape
0.533,-0.983,-0.422,-0.452,Lemon
1.108,0.723,0.172,-0.687,Apple
1.154,-1.17,1.379,1.309,Watermelon
-1.001,1.544,-1.066,0.609,Banana
-1.254,1.142,-1.326,0.307,Banana
0.982,-0.693,0.765,2.0,Watermelon
0.516,-0.518,-0.899,-0.812,Grape
0.42,-0.915,-0.798,0.156,Lemon
0.778,0.948,-0.532,-0.58,Apple
0.51,1.235,-0.535,-0.579,Apple
0.663,-0.493,-0.992,-0.991,Grape
0.734,-0.848,-0.532,-0.175,Orange
0.951,-1.591,0.41,0.001,Orange
1.063,1.118,0.418,0.098,Apple
-0.878,0.752,-1.193,-0.331,Banana
0.871,-0.768,1.222,1.216,Watermelon
0.82,1.193,-0.012,-1.079,Apple
1.107,0.128,-1.102,-1.883,Grape
0.716,-1.635,0.778,0.572,Watermelon
-0.674,1.272,-0.88,0.729,Banana
-1.198,1.026,-0.232,0.505,Banana
1.204,-0.869,-1.146,-1.351,Grape
1.588,0.455,0.02,-0.097,Apple
0.439,1.4,-0.391,-0.762,Apple
1.128,0.712,-0.372,-0.477,Apple
-1.308,0.584,-0.721,0.414,Banana
1.091,-0.727,-0.982,-1.258,Grape
0.736,-0.401,1.31,0.803,Watermelon
0.476,-1.595,0.778,1.038,Watermelon
1.041,-0.548,-0.883,-1.363,Grape
1.528,0.931,-0.197,-0.53,Apple
-0.891,1.727,-1.346,-0.09,Banana
0.697,-1.117,-0.482,-0.564,Orange
0.983,-0.454,0.948,0.966,Watermelon
1.12,-0.373,-0.519,-0.916,Grape
0.999,-0.947,-0.741,-1.296,Grape
-1.306,1.068,-0.46,0.554,Banana
0.987,-1.344,0.233,-0.22,Orange
-1.102,1.194,-1.157,0.036,Banana
0.77,-1.231,-0.695,-0.634,Orange
-0.66,1.234,-1.288,0.611,Banana
-0.892,0.887,-1.429,0.42,Banana
1.653,-0.995,0.05,-0.274,Orange
0.923,-1.053,-1.442,-0.753,Lemon
1.046,-0.221,-1.054,-0.99,Grape
-1.206,1.546,-0.475,0.063,Banana
0.069,-1.633,-0.389,-0.453,Lemon
-1.274,1.095,-1.431,0.578,Banana
0.466,-1.379,-0.728,-0.641,Lemon
-0.872,1.408,-0.61,0.356,Banana
0.934,0.801,-0.919,-0.307,Apple
-1.298,1.426,-1.07,0.561,Banana
0.831,-0.836,-0.788,-0.903,Grape
-0.887,0.967,-0.724,0.526,Banana
-0.162,-1.09,-0.245,-0.857,Lemon
0.408,-1.049,1.182,0.839,Watermelon
1.453,1.645,-0.974,-0.434,Apple
0.201,-0.769,0.762,0.833,Watermelon
1.002,-1.465,-1.153,-1.297,Lemon
1.445,-0.637,-0.403,-0.646,Orange
1.292,0.364,-1.082,-1.421,Grape
1.035,-1.396,-0.728,-1.424,Lemon
0.894,0.553,0.141,-0.642,Apple
1.273,-1.037,1.044,1.183,Watermelon
-1.019,0.773,-1.284,0.478,Banana
-1.666,1.587,-0.954,0.182,Banana
0.693,-1.208,-0.662,-0.896,Lemon
0.731,-1.027,-0.534,0.019,Lemon
0.719,-1.045,-0.878,-0.007,Orange
0.594,-0.994,-0.655,-0.702,Lemon
-0.126,1.013,-0.896,-0.099,Banana
1.31,-0.643,-0.844,-0.684,Grape
0.964,-1.237,-1.115,-0.336,Orange
-1.239,0.6,-0.491,0.644,Banana
-1.64,1.054,-1.286,0.428,Banana
0.72,-1.189,0.037,0.087,Orange
1.528,-1.076,-0.809,0.122,Orange
-0.676,1.22,-1.26,-0.075,Banana
1.188,-1.31,-0.408,0.817,Orange
1.745,-0.723,0.768,0.747,Watermelon
0.851,-0.476,-0.779,-0.66,Lemon
1.031,-1.486,-0.775,-0.612,Orange
1.191,-0.905,1.398,0.392,Watermelon
0.469,1.16,-0.605,-0.58,Apple
0.954,-1.194,-0.753,-0.588,Lemon
0.934,-0.76,-0.724,-0.266,Orange
1.007,-0.254,-1.075,-0.384,Lemon
0.933,0.965,-0.576,-0.035,Apple
1.247,0.283,-1.462,-1.612,Grape
-0.281,0.982,-1.16,0.366,Banana
0.512,-0.868,0.972,1.376,Watermelon
1.3,-0.671,-0.233,0.362,Orange
0.802,-1.187,-0.883,-0.744,Lemon
1.206,-1.066,-0.946,-1.292,Grape
0.561,-0.982,-1.008,-0.733,Grape
0.363,-1.727,0.504,-0.109,Lemon
1.326,-0.43,-0.268,-0.247,Orange
-0.525,1.472,-0.785,0.609,Banana
0.166,-1.09,-0.004,-0.218,Lemon
0.488,0.814,0.239,-0.141,Apple
-0.936,1.074,-1.029,0.117,Banana
-1.292,1.354,-0.917,0.547,Banana
0.791,-0.507,-0.441,-0.212,Lemon
1.059,-1.332,0.921,1.206,Watermelon
1.237,-0.492,0.839,1.079,Watermelon
0.955,-0.031,-0.868,-0.862,Grape
0.988,-1.079,0.493,0.559,Watermelon
-0.937,1.019,-0.935,0.629,Banana
0.633,-1.122,-0.673,-0.415,Lemon
0.867,-0.627,-0.304,-0.112,Orange
0.714,-0.227,-0.496,-1.477,Grape
1.14,-1.038,-0.201,-0.042,Orange
0.218,-0.734,1.389,1.429,Watermelon
-1.331,0.989,-1.189,-0.37,Banana
0.783,-0.979,-0.883,-1.571,Grape
0.657,-1.182,1.27,1.972,Watermelon
1.106,0.639,-0.538,-0.07,Apple
0.529,-0.616,-0.204,-0.244,Orange
0.41,-0.678,-0.567,-0.146,Orange
0.545,-1.554,-0.681,-0.924,Lemon
0.772,1.151,-0.054,-0.306,Apple
0.691,0.773,-0.533,-1.048,Apple
1.026,-1.583,-0.273,-0.711,Orange
0.578,-0.766,-0.291,-0.86,Orange
0.804,-0.508,-1.217,-1.12,Grape
1.085,-0.984,0.653,1.008,Watermelon
-1.101,1.603,-1.036,0.347,Banana
1.091,0.887,-0.552,-0.139,Apple
1.164,1.729,-0.04,-0.034,Apple
1.251,-1.242,0.56,0.649,Watermelon
1.241,-0.102,-0.743,-1.058,Grape
1.587,0.845,-0.702,-0.211,Apple
-0.548,0.705,-1.597,0.313,Banana
1.27,-1.638,-0.658,-1.478,Grape
0.854,-1.699,-1.116,-0.283,Lemon
1.426,-1.003,0.538,-0.558,Orange
-1.362,0.894,-1.122,0.399,Banana
-1.26,1.199,-0.81,0.865,Banana
0.828,1.118,-0.088,-0.303,Apple
0.926,-1.722,1.029,1.208,Watermelon
0.98,-1.274,-0.888,-0.041,Orange
1.012,-0.514,0.493,0.835,Watermelon
0.538,-0.641,1.434,1.673,Watermelon
1.182,-0.724,-0.147,0.001,Orange
1.017,-0.383,-0.251,-0.923,Grape
0.608,-0.931,-0.652,-0.414,Lemon
0.936,-0.6,1.365,1.758,Watermelon
-1.008,1.101,-0.914,0.37,Banana
1.395,-1.569,-0.139,0.499,Orange
1.477,1.437,-0.005,-0.509,Apple
0.338,-1.26,-0.998,-0.169,Lemon
1.514,-0.448,-0.718,-0.897,Grape
1.199,0.259,-0.19,-0.449,Apple
0.986,-0.921,0.75,0.624,Watermelon
0.739,-1.507,0.596,0.644,Watermelon
0.498,-0.815,0.685,0.348,Watermelon
0.86,0.61,0.211,-0.253,Apple
-1.515,1.199,-0.97,0.216,Banana
-0.449,0.659,-0.638,0.157,Banana
0.994,-0.862,-1.24,-1.153,Grape
0.335,-0.479,-0.96,-1.524,Grape
1.231,-0.49,-0.533,-0.475,Orange
0.99,-0.859,-0.648,-0.215,Lemon
1.096,-0.1,-1.006,-0.851,Grape
1.384,-1.457,-0.603,-1.177,Grape
0.775,-0.418,-0.707,-0.659,Lemon
-1.019,0.492,-0.23,0.285,Banana
1.576,-0.717,-0.988,-0.67,Grape
0.214,-1.036,-0.283,-0.575,Lemon
0.431,-0.61,-0.11,0.046,Lemon
0.764,0.797,-0.465,-0.049,Apple
0.581,-0.999,-1.25,-1.328,Grape
0.91,-0.714,-0.769,-0.568,Lemon
-0.289,-1.16,-0.165,-0.679,Lemon
0.218,-0.518,-0.99,0.041,Lemon
2.0,-0.638,-0.565,-1.584,Grape
0.4,-1.279,-0.012,-0.199,Orange
0.935,-1.052,-1.045,-1.225,Grape
0.677,-1.353,-0.233,-0.452,Orange
0.998,-1.219,-0.824,-0.916,Grape
0.919,-0.543,-0.673,-1.507,Grape
0.623,-1.457,-0.569,-0.591,Lemon
0.991,1.297,-0.014,0.08,Apple
0.861,-0.754,-0.123,-0.33,Orange
1.041,-1.046,1.488,1.284,Watermelon
0.882,0.858,0.035,0.169,Apple
1.11,1.231,0.156,-0.361,Apple
1.029,1.17,-0.45,0.295,Apple
0.847,-0.579,-0.329,-1.652,Grape
0.676,-1.231,-0.6,-0.922,Lemon
0.87,-0.991,1.083,1.313,Watermelon
0.187,-1.044,-0.361,-0.222,Orange
1.011,-0.891,-1.541,-0.924,Grape
0.652,-0.459,-1.328,-0.758,Grape
0.981,-0.595,-1.086,-1.142,Grape
0.918,-0.186,-1.537,-1.227,Grape
0.97,-0.713,-0.13,-0.521,Lemon
0.139,-1.388,-0.705,-0.234,Lemon
0.911,0.884,-0.161,-0.29,Apple
-1.154,0.649,-0.669,0.667,Banana
0.63,0.859,-0.067,-0.698,Apple
1.128,-0.714,-1.426,-0.378,Grape
0.88,-0.816,0.608,1.543,Watermelon
1.682,-1.126,-1.058,-0.535,Grape
0.836,1.143,-0.888,-0.576,Apple
0.707,-1.206,-0.726,-1.03,Lemon
-0.771,0.531,-0.461,0.061,Banana
0.88,-0.754,-0.945,-0.702,Lemon
0.84,-1.136,-0.754,-0.013,Orange
0.759,0.96,0.052,-0.1,Apple
0.783,1.364,-0.067,-0.547,Apple
0.82,1.35,-0.027,-0.826,Apple
0.248,-0.757,-1.011,-0.218,Lemon
-0.322,1.131,-1.323,0.362,Banana
1.362,-0.565,-0.831,-1.28,Grape
0.347,-0.683,-0.849,-1.405,Lemon
-1.107,1.11,-0.63,0.876,Banana
-0.97,1.231,-0.958,0.424,Banana
0.935,-0.865,-0.555,0.493,Orange
0.163,-0.4,-0.888,-0.87,Grape
0.186,-1.587,-0.388,-0.031,Lemon
1.077,-0.318,-1.16,-0.884,Grape
1.429,-0.71,-0.585,-1.572,Grape
0.785,-0.809,0.366,-0.195,Orange
0.638,1.658,-0.344,-0.067,Apple
-1.117,1.05,-1.197,1.09,Banana
1.417,-0.381,-0.576,-0.839,Orange
-1.103,1.881,-1.113,0.668,Banana
0.641,-1.29,0.972,1.738,Watermelon
0.985,-1.719,-0.367,-0.902,Lemon
0.761,-0.421,-0.511,-0.528,Grape
1.116,1.121,0.171,-0.851,Apple
1.64,-1.258,1.091,0.826,Watermelon
0.595,-0.838,1.083,0.963,Watermelon
0.947,-0.466,1.767,1.439,Watermelon
1.097,-1.173,-0.78,-0.765,Grape
-0.73,0.601,-0.702,0.847,Banana
-1.344,1.24,-1.284,0.264,Banana
0.268,-1.123,-0.72,-0.356,Lemon
0.912,-0.574,-0.828,-0.374,Lemon
0.616,-0.639,-0.985,-1.323,Grape
-0.804,0.945,-0.946,0.729,Banana
0.85,1.298,0.205,0.184,Apple
-1.066,0.66,-1.248,-0.255,Banana
0.84,-0.738,-0.559,-0.982,Lemon
0.872,-0.517,1.213,1.274,Watermelon
2.0,-0.485,-1.756,-1.385,Grape
1.107,1.007,-0.36,-0.354,Apple
0.725,-0.469,-0.512,-0.394,Grape
1.596,-1.335,-0.307,-0.31,Orange
1.207,-1.029,0.921,1.509,Watermelon
1.034,-0.557,-0.855,-0.763,Grape
1.239,1.543,-0.75,-0.186,Apple
0.964,-1.105,-0.035,0.254,Orange
0.793,-0.41,-0.801,0.007,Orange
0.688,-1.225,-0.279,-0.34,Orange
-0.002,-0.786,-0.027,-0.256,Orange
-1.084,0.869,-1.599,-0.336,Banana
-0.719,1.373,-0.791,0.433,Banana
-0.726,1.251,-1.275,0.378,Banana
0.896,-1.099,1.399,1.551,Watermelon
-0.221,-1.089,-0.708,-0.093,Lemon
-1.508,-0.046,-0.713,0.637,Banana
0.376,-1.044,1.536,0.623,Watermelon
1.035,-0.822,0.5,0.803,Watermelon
0.008,-1.058,-0.877,-0.427,Lemon
1.222,-0.514,0.516,-0.127,Orange
-1.111,0.869,-1.338,0.457,Banana
0.827,-0.819,-0.627,-0.363,Orange
1.151,-1.044,0.328,0.995,Watermelon
-1.281,1.414,-0.66,-0.499,Banana
-0.719,1.136,-1.519,0.607,Banana
0.552,-0.199,-1.226,-1.531,Grape
1.742,-1.541,0.718,0.787,Watermelon
0.841,-0.755,-0.28,0.152,Orange
1.13,-1.186,-0.808,-0.918,Grape
0.381,-0.274,-0.387,-0.17,Lemon
1.342,0.853,-0.078,-0.189,Apple
-1.195,0.572,-0.992,0.505,Banana
1.006,-1.064,-0.29,-0.3,Orange
-0.458,1.095,-1.17,-0.333,Banana
0.931,0.798,-0.515,0.03,Apple
-0.972,0.411,-0.783,-0.254,Banana
1.243,0.834,-0.27,-0.309,Apple
0.948,1.073,-0.271,0.354,Apple
0.678,-0.913,-0.848,-0.367,Lemon
0.642,-0.597,-0.82,-0.495,Orange
0.03,-0.853,-0.748,-0.26,Lemon
0.659,-0.814,-0.097,-0.126,Orange
1.011,-0.552,-1.319,-1.376,Grape
1.19,0.871,-0.141,0.243,Apple
0.84,-0.81,-1.113,-0.986,Grape
1.215,-1.01,0.427,-0.053,Orange
1.273,-0.613,-0.646,-1.072,Grape
0.775,-0.683,-0.32,-0.114,Orange
1.344,-0.951,-0.352,-0.387,Orange
1.372,-1.12,-0.318,-0.1,Orange
1.099,-0.245,-1.024,-0.518,Grape
0.913,1.13,-0.364,0.433,Apple
0.877,-1.091,1.04,0.907,Watermelon
1.11,-0.17,-0.948,-0.936,Grape
0.92,-0.777,-0.966,-0.997,Grape
1.411,-1.336,1.509,0.949,Watermelon
0.652,-1.373,-0.403,-0.836,Lemon
1.131,1.096,-0.414,-1.023,Apple
1.756,-1.369,1.095,0.745,Watermelon
1.367,-1.133,-0.563,0.008,Orange
0.155,-1.145,-0.358,0.027,Lemon
-1.337,0.786,-0.877,-0.399,Banana
1.075,-1.35,-0.753,-0.409,Lemon
1.018,-1.337,0.303,-1.101,Orange
-1.393,0.777,-1.332,0.727,Banana
0.42,-0.455,-0.397,-0.676,Orange
0.265,0.925,-0.546,-0.217,Apple
0.842,-0.265,-1.05,-1.148,Grape
0.941,-0.92,-0.329,-0.098,Lemon
-1.103,1.013,-0.705,-0.558,Banana
0.564,-1.079,-0.469,-0.78,Lemon
1.383,0.742,-0.461,-0.533,Apple
1.43,-1.73,1.625,1.516,Watermelon
0.402,-0.641,-0.554,0.079,Lemon
1.333,-0.232,-0.847,-0.133,Orange
0.397,0.818,0.487,-0.136,Apple
1.345,-0.42,-0.842,-1.183,Grape
0.752,-1.192,0.044,0.971,Watermelon
-0.916,0.783,-1.046,0.484,Banana
1.31,-1.019,-1.278,-0.736,Grape
-0.794,1.471,-0.544,1.145,Banana
0.898,-0.448,0.678,1.838,Watermelon
1.159,-0.81,1.346,0.526,Watermelon
0.624,-0.56,-0.879,-0.271,Grape
0.668,-0.461,0.907,0.902,Watermelon
0.943,-1.107,1.17,0.862,Watermelon
0.506,0.906,-0.14,-0.791,Apple
1.204,-0.587,1.518,1.118,Watermelon
0.368,1.227,0.039,-0.544,Apple
0.975,1.169,0.326,-0.39,Apple
1.312,1.111,-0.23,0.166,Apple
0.709,-0.919,-0.29,-0.727,Orange
1.431,-0.31,-0.988,-1.091,Grape
1.0,1.248,-0.281,-0.534,Apple
0.819,-1.004,-0.626,-0.083,Orange
0.722,-1.334,2.0,1.679,Watermelon
-0.95,1.298,-0.643,0.274,Banana
1.099,-1.092,1.439,1.444,Watermelon
1.547,-0.907,1.759,0.973,Watermelon
-0.284,0.838,-1.454,1.01,Banana
-0.769,1.182,-1.126,0.004,Banana
0.737,-0.952,0.947,0.321,Watermelon
-0.407,0.853,-0.567,0.053,Banana
1.054,1.34,-0.008,-0.394,Apple
-0.822,1.237,-1.052,-0.09,Banana
-1.219,0.867,-0.991,0.857,Banana
1.318,-1.286,1.643,0.972,Watermelon
1.235,-1.329,0.842,1.363,Watermelon
0.692,-0.981,1.165,0.642,Watermelon
0.378,-0.682,0.702,-0.039,Orange
1.228,0.691,0.214,-0.432,Apple
1.407,-0.387,-0.779,-0.792,Grape
1.197,1.099,0.039,-0.554,Apple
0.916,1.514,-0.239,-0.414,Apple
0.962,-0.707,-1.055,-0.245,Lemon
-0.952,1.249,-0.996,0.463,Banana
0.359,-0.913,-0.741,-0.082,Grape
0.729,-1.242,-0.553,-0.813,Lemon
1.437,1.017,0.069,-0.354,Apple
1.0,-1.568,-0.591,-0.311,Lemon
0.906,-0.874,1.12,1.367,Watermelon
0.818,-0.862,-0.292,-0.974,Lemon
0.737,0.515,-0.108,-0.155,Apple
-0.515,1.123,-1.221,0.347,Banana
0.344,-1.143,0.179,1.115,Watermelon
0.902,-0.646,-1.326,-1.234,Grape
1.242,-1.503,-0.123,-0.484,Orange
-1.588,1.429,-0.535,0.111,Banana
0.808,-1.088,-0.584,-0.422,Orange
0.758,-0.274,-0.724,-0.142,Lemon
1.124,-1.585,-0.309,-0.253,Orange
1.513,-0.473,1.132,1.425,Watermelon
-1.051,1.392,-0.965,0.684,Banana
1.42,-0.749,0.74,0.853,Watermelon
1.263,-0.287,-0.945,-1.109,Grape
1.067,-0.697,-1.096,-0.314,Grape
0.434,-0.822,-0.546,-0.929,Lemon
0.559,0.972,-0.983,0.341,Apple
0.873,-0.755,-0.572,-1.049,Grape
1.228,-1.2,-0.284,0.139,Orange
0.698,1.185,-1.146,0.143,Apple
0.805,-1.03,0.966,0.659,Watermelon
0.632,1.182,-0.101,-0.61,Apple
1.189,1.195,-0.432,-0.753,Apple
0.987,-0.872,0.979,0.793,Watermelon
1.163,1.443,-0.57,-0.404,Apple
1.96,-0.498,-1.443,-1.167,Grape
0.735,-0.867,-0.192,-0.423,Orange
1.65,1.03,-0.46,-0.727,Apple
-1.313,0.564,-1.067,-0.01,Banana
-0.726,0.795,-0.706,0.472,Banana
1.226,-0.686,1.698,0.703,Watermelon
-0.704,1.139,-0.628,0.339,Banana
1.412,-1.052,-1.352,-1.199,Grape
0.574,-0.984,-0.859,-0.847,Lemon
0.771,0.402,-0.401,-0.32,Apple
1.154,1.058,0.328,-0.016,Apple
1.258,1.128,-0.112,-0.377,Apple
1.035,-0.327,-0.325,-0.666,Orange
1.244,-0.694,-0.246,-0.857,Orange
1.45,1.08,-0.409,0.116,Apple
0.291,-0.561,-1.189,-0.478,Grape
1.085,-1.303,0.098,-1.061,Orange
1.178,0.558,-0.462,-0.384,Apple
1.319,-0.229,-0.923,-0.044,Orange
-0.229,0.799,-1.222,0.383,Banana
-0.71,1.23,-1.126,0.019,Banana
1.461,-1.271,0.329,0.491,Watermelon
0.798,-0.478,-0.716,0.333,Orange
1.457,-0.521,-1.892,-1.414,Grape
0.778,0.006,-1.199,-1.271,Grape
0.666,-1.493,-0.609,-0.779,Lemon
1.941,-1.321,1.675,0.601,Watermelon
1.092,-0.425,-0.95,-0.972,Grape
1.302,-0.454,-1.061,-1.236,Grape
0.942,-1.062,-0.369,-0.173,Orange
-1.493,0.64,-0.709,-0.488,Banana
1.419,-1.196,0.284,0.229,Orange
0.885,-0.678,-0.442,-0.554,Grape
0.94,-0.6,-0.981,-0.428,Lemon
0.73,0.61,-0.243,-0.445,Apple
0.942,0.825,-0.739,0.294,Apple
1.055,0.495,-0.236,0.232,Apple
1.336,-1.182,0.827,0.665,Watermelon
0.74,0.769,-0.814,-0.455,Apple
1.12,-1.145,1.076,1.568,Watermelon
1.242,-1.024,-0.292,-0.558,Lemon
0.429,-1.391,-0.57,-0.12,Lemon
0.554,0.9,-0.417,-0.214,Apple
1.092,-0.812,0.364,-0.505,Orange
0.676,-0.513,-0.492,-1.512,Grape
1.116,0.93,-0.001,-0.08,Apple
1.017,-0.429,-1.23,-0.72,Grape
1.485,1.035,-0.443,-0.351,Apple
-0.724,0.985,-1.42,0.633,Banana
0.656,-0.851,0.347,1.038,Watermelon
-1.024,0.312,-0.884,-0.085,Banana
1.03,0.856,-0.818,-0.666,Apple
0.662,-0.656,-0.007,0.568,Orange
0.821,0.81,-0.253,-0.424,Apple
-1.204,1.019,-0.754,-0.439,Banana
0.4,-1.491,-0.654,-0.349,Lemon
1.391,-1.152,-0.263,-0.789,Orange
0.299,-0.928,-1.076,-0.067,Lemon
1.183,-1.317,-0.819,-0.452,Orange
0.685,-1.426,-0.792,-0.281,Orange
1.256,0.751,-0.144,-0.415,Apple
-0.786,0.725,-0.902,0.342,Banana
-0.523,1.196,-0.91,-0.214,Banana
0.816,-1.28,-0.588,-0.195,Orange
1.084,-0.502,-0.558,-0.831,Grape
0.57,-0.929,1.205,1.442,Watermelon
0.946,-1.051,0.078,-0.137,Orange
0.441,-1.235,-0.356,-1.6,Grape
0.941,-0.291,-1.618,-1.379,Grape
0.564,-0.37,0.406,-0.457,Orange
1.203,-0.892,0.902,0.431,Watermelon
1.808,-1.636,1.074,0.773,Watermelon
1.353,-0.704,-0.643,-0.477,Orange
0.457,-0.532,-0.751,-1.155,Grape
0.914,-0.332,1.328,1.472,Watermelon
-0.185,-0.808,-0.512,-0.938,Lemon
0.635,-0.676,-1.47,-1.28,Grape
0.838,-0.799,0.753,0.843,Watermelon
1.359,-1.617,-0.22,-0.064,Orange
-0.854,0.825,-1.373,0.832,Banana
0.3,-1.391,-0.593,-0.759,Lemon
1.368,0.907,0.113,-0.143,Apple
-1.136,1.39,-1.228,0.188,Banana
-0.815,1.079,-1.236,-0.238,Banana
0.993,0.746,-0.29,-0.447,Apple
0.749,-1.094,0.974,1.243,Watermelon
-0.852,1.733,-0.95,0.064,Banana
0.942,-0.801,1.351,1.47,Watermelon
0.644,1.448,-0.316,-0.624,Apple
0.929,-0.176,-0.84,-1.424,Grape
0.578,-1.431,-0.556,-0.173,Orange
0.606,-1.15,1.491,1.566,Watermelon
1.543,-1.628,0.286,-0.168,Orange
0.627,-0.64,-0.354,-1.154,Lemon
-1.214,0.872,-1.466,0.649,Banana
1.504,-1.004,1.105,0.996,Watermelon
1.035,-0.609,0.382,1.17,Watermelon
1.004,-0.85,-1.176,-0.359,Grape
0.535,-1.059,1.57,0.555,Watermelon
0.84,1.015,-0.156,-0.328,Apple
0.287,-0.843,-0.635,-0.28,Lemon
1.323,0.48,0.062,-0.389,Apple
1.289,-0.827,0.349,-0.198,Orange
-1.141,0.82,-1.363,0.583,Banana
0.615,-0.72,0.922,0.383,Watermelon
1.521,-2.0,0.971,1.082,Watermelon
-0.207,-0.846,-0.834,-0.587,Lemon
1.47,-0.95,0.877,0.94,Watermelon
1.622,-0.858,0.691,0.829,Watermelon
0.583,-0.758,-0.437,-1.058,Grape
0.532,-0.849,-0.437,-0.004,Orange
0.915,-0.494,-0.619,-0.608,Orange
1.328,-1.301,-1.06,-0.72,Grape
0.232,1.023,-0.824,-0.946,Apple
0.227,-1.064,-0.847,-0.113,Lemon
1.029,-1.171,-0.758,-0.122,Orange
1.721,-0.846,-1.205,-1.371,Grape
1.014,-0.676,-0.756,-0.71,Lemon
0.67,-1.101,0.057,-0.185,Orange
-0.549,0.748,-1.809,1.212,Banana
0.675,-0.728,-0.876,-0.977,Lemon
-0.946,0.303,-1.093,0.658,Banana
1.157,-0.911,1.61,1.131,Watermelon
0.333,0.948,0.374,-0.408,Apple
1.252,-0.642,-0.743,-0.878,Lemon
1.119,-0.555,0.447,1.042,Watermelon
-0.114,-1.119,-1.179,-0.303,Lemon
0.759,-0.195,-1.189,-1.221,Grape
0.035,-0.863,-0.428,-0.171,Lemon
1.229,-0.86,-0.091,0.044,Orange
-0.682,0.465,-1.162,-0.268,Banana
1.116,1.57,0.014,-0.512,Apple
1.177,-0.878,1.082,0.544,Watermelon
1.06,-1.412,-0.728,-0.164,Lemon
0.869,1.028,-0.258,-0.277,Apple
1.04,-0.925,-0.274,-0.513,Orange
0.457,1.349,0.065,-0.182,Apple
1.115,-0.92,-1.854,-1.087,Grape
0.336,1.065,0.156,-0.516,Apple
0.404,-1.352,-0.585,-0.512,Lemon
0.243,-0.681,0.346,-0.084,Lemon
0.561,-1.043,-0.78,-0.687,Lemon
1.335,1.351,-0.709,-0.172,Apple
1.389,-0.723,-1.074,-0.756,Grape
-0.746,1.15,-0.911,0.436,Banana
0.903,-1.391,0.455,1.208,Watermelon
1.038,-0.841,-0.59,-0.164,Orange
0.628,-0.552,-0.302,-0.759,Lemon
1.177,-1.261,0.085,1.604,Watermelon
0.869,1.364,-0.531,-0.583,Apple
-1.191,1.088,-0.938,0.474,Banana
0.826,-0.986,-0.595,0.314,Orange
0.54,-1.288,0.852,1.836,Watermelon
1.268,-0.899,-0.712,-0.819,Grape
1.096,-0.356,-0.98,-0.94,Grape
0.456,-0.095,-1.157,-1.433,Grape
0.823,-0.762,-1.28,-0.728,Grape
-0.659,0.314,-1.18,0.145,Banana
0.94,1.597,-0.585,0.247,Apple
0.949,-0.45,0.891,0.85,Watermelon
0.992,-0.548,-0.245,-0.127,Orange
1.223,0.692,-0.182,-0.52,Apple
1.515,-0.453,-0.758,-1.714,Grape
1.247,-1.062,0.497,1.033,Watermelon
0.469,-0.386,-0.498,-1.627,Grape
0.99,-1.058,-0.996,0.121,Orange
0.819,-0.291,-0.426,-0.808,Lemon
1.18,1.45,-0.463,-0.002,Apple
0.176,1.516,-0.02,-1.191,Apple
1.134,-1.295,-1.214,-0.762,Grape
0.952,-0.16,-0.978,-1.013,Grape
1.384,-1.118,0.991,1.037,Watermelon
0.976,1.406,-0.533,-0.591,Apple
0.628,-1.75,1.519,0.685,Watermelon
0.916,-0.455,-0.35,-0.02,Orange
0.503,-0.111,-1.043,-1.356,Grape
0.243,-0.409,-0.805,-0.849,Lemon
-1.152,1.016,-0.947,0.456,Banana
1.082,-0.774,-0.395,0.525,Orange
0.829,1.473,-0.51,-0.8,Apple
0.417,-0.894,0.107,-0.603,Orange
-1.307,1.135,-1.001,0.095,Banana
-1.448,1.108,-0.771,0.472,Banana
1.009,-1.369,-0.19,-0.116,Orange
0.54,0.894,-0.172,-0.327,Apple
-0.086,-1.224,-0.847,-0.304,Lemon
1.909,1.047,-0.719,-0.356,Apple
1.004,-0.735,0.135,0.287,Orange
1.188,1.0,0.219,-0.422,Apple
1.019,-0.685,-1.746,-0.555,Grape
1.236,-1.83,0.051,-0.306,Orange
1.346,-0.973,-0.775,-0.191,Orange
-1.314,0.572,-0.697,0.437,Banana
1.124,-1.138,-0.937,-0.276,Lemon
0.308,-1.109,-0.416,-0.544,Lemon
-1.171,0.509,-0.672,0.171,Banana
1.216,-0.83,0.082,-0.282,Orange
-1.122,0.612,-1.19,0.419,Banana
0.314,-0.889,-0.086,-0.656,Lemon
0.54,-1.145,0.502,1.467,Watermelon
-0.97,0.745,-1.196,-0.114,Banana
-0.646,1.643,-1.523,0.665,Banana
0.914,1.444,-0.942,-0.221,Apple
-1.143,1.231,-0.979,0.308,Banana
0.963,1.547,-0.361,0.002,Apple
1.22,-0.289,-1.355,-0.752,Grape
1.118,-1.016,-1.074,-0.197,Grape
0.863,-1.129,1.158,0.811,Watermelon
1.049,-1.157,1.141,0.978,Watermelon
1.683,-0.984,0.922,1.36,Watermelon
0.113,-0.408,-0.946,-0.083,Lemon
1.51,0.816,-0.45,-0.338,Apple
1.218,0.651,-0.338,-0.41,Apple
0.597,-0.966,-0.955,-0.961,Grape
0.733,1.028,-0.526,0.157,Apple
-1.036,1.384,-1.592,0.413,Banana
1.209,0.952,-0.489,-0.354,Apple
1.26,-1.024,-0.755,-0.889,Grape
0.909,-1.076,1.022,1.581,Watermelon
1.122,0.67,-0.452,-0.701,Apple
0.339,-1.407,-0.258,0.246,Orange
1.349,-1.404,0.721,0.671,Watermelon
-1.904,0.941,-0.719,0.212,Banana
0.556,-1.296,-0.415,0.07,Orange
0.936,-0.778,-0.328,-0.117,Orange
-1.329,0.76,-1.44,0.511,Banana
0.898,-0.259,-0.132,0.041,Apple
0.716,-0.832,-0.373,-0.941,Orange
1.684,-1.071,-0.23,-0.419,Orange
0.897,-0.543,-1.365,-0.407,Grape
1.293,-0.819,0.95,0.734,Watermelon
1.361,-0.786,-0.44,-0.58,Orange
0.448,-0.99,0.913,1.415,Watermelon
0.947,-0.986,-0.628,-0.903,Lemon
-0.629,0.98,-0.788,0.712,Banana
0.802,-0.89,-0.136,-0.792,Grape
-1.098,1.434,-1.108,0.414,Banana
-1.199,0.994,-1.096,0.037,Banana
1.085,0.776,-0.098,-0.407,Apple
0.398,-0.383,-0.777,-0.211,Grape
-0.994,1.064,-0.832,0.657,Banana
-0.665,1.112,-1.012,0.595,Banana
0.574,-1.451,-1.125,-0.603,Lemon
-0.958,1.865,-1.042,0.316,Banana
-1.142,1.217,-0.902,0.077,Banana
0.646,-0.741,-1.295,-1.081,Grape
1.05,-1.175,1.509,1.406,Watermelon
0.52,-1.337,-0.61,-0.547,Lemon
0.578,-1.139,-0.967,-0.488,Lemon
0.477,-1.092,-0.567,-0.524,Lemon
-0.975,0.861,-0.874,0.049,Banana
0.619,-1.311,0.763,0.549,Watermelon
0.408,-0.824,0.146,-0.005,Orange
0.831,-1.601,-0.233,-0.763,Orange
0.57,-1.28,-1.398,0.018,Lemon
0.56,0.875,-0.345,-0.465,Apple
0.763,-1.259,-0.466,-0.389,Lemon
0.518,-0.517,-1.369,-1.408,Grape
1.102,-0.743,-0.869,-0.866,Grape
0.5,-0.741,1.1,0.795,Watermelon
0.952,-0.731,0.888,1.74,Watermelon
1.522,-0.959,0.92,0.935,Watermelon
0.79,1.044,-0.059,-0.772,Apple
-0.775,1.327,-0.8,0.255,Banana
0.786,-0.545,-0.62,-0.492,Lemon
1.746,-0.892,0.647,1.306,Watermelon
0.741,-1.229,-0.986,-0.416,Lemon
0.979,-1.035,-1.031,-1.053,Grape
0.978,-0.828,0.383,0.611,Watermelon
0.83,-0.536,1.829,1.002,Watermelon
1.016,-1.855,0.017,-0.043,Orange
1.099,-1.436,0.393,0.332,Orange
-0.897,1.347,-0.982,0.587,Banana
0.542,0.204,-0.744,-0.582,Apple
0.775,-0.843,0.91,0.99,Watermelon
0.585,-1.445,1.014,0.81,Watermelon
1.002,-0.409,-0.426,-1.007,Grape
1.235,-0.858,-0.359,-0.131,Lemon
-0.748,0.719,-0.621,0.169,Banana
0.706,-0.954,-0.2,-0.362,Lemon
0.515,-0.268,-0.008,-0.393,Orange
0.602,-0.668,-0.657,0.08,Orange
1.374,-1.227,0.741,0.835,Watermelon
0.654,-0.92,-0.17,0.055,Orange
0.708,-0.706,-0.646,0.094,Orange
0.48,1.549,-0.483,-0.09,Apple
1.237,-1.444,1.292,0.807,Watermelon
-1.107,0.765,-0.435,-0.109,Banana
1.151,-1.218,0.082,0.612,Orange
0.779,-0.951,0.865,1.363,Watermelon
0.913,-0.683,0.861,1.785,Watermelon
0.233,1.132,-0.304,-0.316,Apple
0.7,-0.98,-0.523,-0.357,Lemon
1.612,0.032,0.346,0.596,Apple
0.387,-0.983,1.48,1.321,Watermelon
1.187,-0.87,-1.311,-0.043,Lemon
1.222,1.513,-0.837,-0.726,Apple
1.006,-0.133,-0.436,-1.254,Grape
-1.142,2.0,-1.193,0.536,Banana
0.842,1.166,-0.603,-0.593,Apple
0.87,-1.191,0.894,1.184,Watermelon
1.662,0.793,-0.646,-0.297,Apple
-1.298,0.428,-0.628,0.328,Banana
0.662,-1.675,-0.805,-0.996,Lemon
0.993,-0.953,1.047,0.767,Watermelon
0.701,0.932,-0.175,-0.503,Apple
0.672,-1.313,0.77,0.842,Watermelon
0.616,-0.756,-0.567,-1.103,Grape
0.566,-1.79,0.343,0.199,Orange
0.7,-0.593,-0.415,-0.526,Lemon
0.566,1.668,-0.453,-0.434,Apple
1.013,-0.981,-0.099,-0.039,Orange
0.798,-0.991,1.19,0.768,Watermelon
1.506,0.993,0.259,-0.787,Apple
1.229,-1.312,-0.522,0.117,Orange
0.92,-0.091,1.181,0.756,Watermelon
1.182,0.917,-0.009,-0.404,Apple
-0.858,1.069,-0.973,0.665,Banana
-1.631,1.034,-1.245,-0.172,Banana
0.707,-1.217,0.918,1.118,Watermelon
1.19,-1.143,0.255,-0.33,Orange
-1.681,0.879,-0.983,-0.846,Banana
1.423,-1.035,0.597,0.664,Watermelon
1.267,-0.691,-0.527,-0.674,Orange
-0.954,1.11,-0.802,0.103,Banana
0.957,-0.993,1.338,1.465,Watermelon
1.56,-0.544,0.335,0.155,Orange
0.794,-0.463,0.518,1.828,Watermelon
0.259,-0.689,-0.095,-0.339,Lemon
0.282,-1.332,-0.175,0.022,Orange
0.537,-0.974,-1.114,0.121,Lemon
0.468,-0.724,-0.109,-0.904,Lemon
0.645,-0.903,-0.69,-0.175,Lemon
0.766,1.019,-0.43,0.514,Apple
0.768,-0.739,0.329,-0.521,Orange
1.033,-0.945,-1.705,-1.275,Grape
0.8,-1.179,0.895,1.002,Watermelon
0.181,-0.877,-0.175,-0.034,Lemon
-1.091,1.313,-1.238,0.18,Banana
1.139,-1.117,0.558,1.292,Watermelon
-1.29,0.818,-0.63,0.488,Banana
-0.938,0.486,-1.407,0.439,Banana
1.221,-0.911,0.834,0.823,Watermelon
1.076,-1.038,-0.968,-1.486,Grape
0.632,-0.938,1.204,1.12,Watermelon
0.21,-1.655,-0.603,-1.165,Lemon
1.331,-1.378,0.482,-0.537,Orange
1.162,-0.858,-1.059,-0.936,Grape
1.301,-0.643,-0.045,0.163,Orange
0.784,-0.773,0.881,1.345,Watermelon
-0.96,1.217,-0.898,0.566,Banana
0.717,0.45,0.046,0.171,Apple
0.959,-0.316,-1.57,-1.218,Grape
-0.971,0.393,-1.535,0.355,Banana
0.788,-1.121,-0.442,-0.649,Orange
0.524,-1.005,-0.804,-0.676,Lemon
0.529,-0.713,-0.633,-1.174,Lemon
0.582,-0.674,-0.54,-0.231,Orange
-0.326,1.221,-1.752,0.806,Banana
-0.948,1.129,-0.894,0.62,Banana
0.972,0.481,-0.187,-0.784,Apple
1.636,0.873,-0.318,-0.537,Apple
-0.881,1.159,-1.238,0.459,Banana
1.024,-1.034,0.737,1.81,Watermelon
1.414,-0.745,0.094,-0.095,Orange
0.878,-1.525,-1.427,-0.242,Grape
1.406,-0.929,0.448,1.222,Watermelon
0.903,-0.756,-0.689,-0.371,Orange
1.31,-0.325,0.77,0.65,Watermelon
-0.642,0.559,-1.416,0.393,Banana
1.73,0.703,-0.429,-0.261,Apple
-1.165,0.382,-0.719,0.365,Banana
-0.872,0.95,-0.47,0.123,Banana
0.223,-0.418,-1.37,-0.554,Lemon
-1.026,0.96,-1.543,-0.115,Banana
-0.665,1.485,-1.146,-0.026,Banana
-0.025,-0.671,-0.25,-1.484,Lemon
0.152,1.048,-0.207,-0.467,Apple
0.988,-1.087,1.009,0.685,Watermelon
0.996,-1.236,-0.565,-0.853,Orange
0.939,1.281,-0.414,-0.424,Apple
-0.56,1.359,-0.393,1.09,Banana
1.021,0.595,-0.482,-0.099,Apple
1.504,0.633,-0.211,-0.578,Apple
-1.051,0.943,-0.867,1.011,Banana
1.166,-0.75,-1.208,-1.067,Grape
0.695,-0.951,-1.144,-0.274,Orange
0.554,-1.406,-0.734,-0.108,Lemon
1.417,-1.187,1.183,0.476,Watermelon
-1.104,1.081,-0.466,0.717,Banana
1.073,-0.919,-0.525,-1.119,Grape
0.757,-1.043,0.097,-0.714,Lemon
-0.679,0.97,-0.801,0.867,Banana
-0.102,-1.023,-0.913,-0.344,Lemon
-0.758,0.835,-1.183,0.371,Banana
0.554,-0.883,-0.586,0.057,Orange
-1.461,0.801,-1.263,0.196,Banana
1.482,-0.704,-0.468,-0.368,Orange
0.91,-1.407,-0.592,-0.712,Lemon
0.94,-0.317,-1.234,-0.659,Grape
1.77,-0.389,-1.029,-0.595,Grape
-1.388,1.532,-1.264,1.059,Banana
0.349,-0.768,-1.146,-0.575,Lemon
0.622,-1.505,0.122,-0.63,Orange
0.743,0.702,0.099,0.056,Apple
1.445,-0.875,-0.528,-1.278,Grape
0.736,0.755,-0.532,-0.332,Apple
0.706,1.081,-1.213,-0.22,Apple
0.619,-1.234,-0.526,0.13,Orange
1.177,0.942,-0.55,-0.026,Apple
1.228,-1.01,-1.159,-0.746,Lemon
1.196,-1.155,-0.601,-0.516,Orange
1.032,0.463,-0.312,-0.269,Apple
-1.157,0.635,-0.644,-0.166,Banana
1.06,-0.745,-0.244,0.231,Orange
0.603,-0.877,-1.161,0.152,Grape
1.178,1.243,-0.071,-0.272,Apple
-0.633,0.345,-0.903,0.45,Banana
1.357,0.596,-0.679,-0.657,Apple
1.183,-0.412,-1.332,-0.33,Grape
1.1,-0.957,0.927,1.326,Watermelon
1.136,-0.339,0.575,0.459,Watermelon
0.741,-0.806,-0.45,0.245,Orange
0.862,1.379,-0.591,0.114,Apple
-0.521,0.802,-0.829,0.394,Banana
1.181,-0.15,-0.659,-0.82,Grape
0.832,-1.444,-0.614,-0.886,Lemon
0.994,1.391,-0.302,-1.177,Apple
0.634,-0.797,-0.489,0.074,Orange
0.577,-0.866,1.151,1.276,Watermelon
0.771,-0.327,-0.473,-1.795,Grape
0.618,-1.632,-0.901,-0.773,Lemon
0.977,-0.868,0.017,-0.108,Orange
1.236,0.623,0.07,-1.454,Apple
1.534,-0.128,-0.737,-0.22,Grape
0.369,-0.327,-0.953,-0.915,Grape
0.593,-0.862,1.122,0.759,Watermelon
0.976,-1.06,-1.138,-0.664,Grape
0.943,-0.731,-0.264,-0.159,Lemon
0.775,-0.481,-0.62,-1.483,Grape
0.515,-1.504,-0.925,-0.568,Orange
0.816,1.529,-0.453,-0.831,Apple
-0.942,0.934,-1.274,0.094,Banana
1.373,0.507,-0.883,-0.137,Apple
-1.215,1.543,-1.054,0.265,Banana
1.275,-1.585,-0.182,-0.328,Orange
-0.641,0.774,-0.938,0.174,Banana
1.145,-1.088,-0.208,0.414,Orange
0.9,-0.859,0.5,-0.064,Orange
0.148,-1.233,0.579,1.323,Watermelon
0.967,-0.228,-0.786,-0.787,Grape
0.572,-0.823,0.178,-0.706,Orange
0.489,-0.876,-0.566,0.003,Lemon
-0.745,1.142,-0.714,0.568,Banana
1.014,-0.724,-0.653,-1.26,Grape
-1.025,0.595,-0.744,0.731,Banana
0.673,0.946,-0.468,0.076,Apple
1.496,-1.168,-1.382,0.203,Orange
1.016,-0.983,0.037,-0.327,Orange
0.779,0.876,-0.129,0.008,Apple
1.572,-0.459,-1.051,-0.69,Grape
-1.34,1.497,-0.926,0.22,Banana
0.261,-0.781,-0.698,-0.533,Lemon
-1.585,0.848,-1.199,0.446,Banana
-1.094,0.073,-1.145,-0.209,Banana
-1.365,1.351,-1.591,0.403,Banana
0.422,-1.245,-0.943,-0.388,Lemon
1.151,-1.604,1.403,0.585,Watermelon
1.136,-1.413,-0.461,-0.648,Orange
0.815,-1.07,-0.702,-0.09,Orange
1.156,0.347,-0.675,-0.588,Grape
0.381,-1.685,-0.404,0.425,Orange
1.466,-1.241,-0.805,-0.31,Lemon
0.931,-0.66,-0.778,-0.05,Grape
1.457,0.054,-1.645,-0.624,Grape
0.668,-0.013,-0.525,-0.789,Grape
0.74,-1.169,0.859,1.267,Watermelon
1.141,-0.503,0.264,-0.496,Orange
1.166,1.162,-0.333,0.03,Apple
-0.828,0.799,-1.05,0.178,Banana
0.745,-1.03,0.546,1.166,Watermelon
1.491,-0.982,1.331,1.054,Watermelon
0.642,0.102,-1.848,-0.996,Grape
0.731,1.554,-0.224,0.594,Apple
-0.987,0.734,-1.599,0.687,Banana
0.708,-0.747,-0.57,-0.631,Grape
0.787,-0.759,-1.615,-1.719,Grape
1.267,-0.294,-0.875,-0.934,Grape
0.353,-0.486,-1.224,-0.664,Lemon
0.656,-1.0,-0.601,-0.682,Lemon
-0.811,0.575,-1.05,0.451,Banana
0.884,-0.598,-0.925,-1.616,Grape
0.416,-0.953,-0.513,-0.392,Orange
1.199,-1.346,-1.145,0.38,Orange
1.423,1.419,-0.692,-0.327,Apple
0.556,0.979,-0.422,-0.677,Apple
1.176,-1.091,0.303,-0.17,Orange
-0.292,-1.634,0.133,-0.626,Lemon
-0.916,1.003,-0.504,-0.367,Banana
1.465,-0.559,1.002,1.145,Watermelon
0.87,-1.59,1.203,1.086,Watermelon
1.094,-0.431,-1.212,-0.477,Grape
1.003,-0.81,-0.395,0.168,Orange
1.036,-1.03,0.123,-0.803,Orange
0.902,0.786,-0.169,-0.189,Apple
0.996,-1.25,-0.308,-0.087,Orange
0.938,1.388,-0.086,-0.293,Apple
0.179,-1.076,1.221,0.902,Watermelon
1.106,-1.079,1.081,1.49,Watermelon
0.875,-1.453,-1.18,-0.345,Lemon
1.409,-1.581,-0.373,0.631,Orange
-1.094,1.884,-1.288,0.074,Banana
0.754,-1.448,-0.892,-0.277,Orange
1.051,-1.251,-0.467,0.306,Orange
-0.66,0.909,-0.85,-0.273,Banana
-0.906,0.978,-1.131,0.311,Banana
0.955,-1.06,-0.412,-0.667,Grape
0.864,-1.616,0.14,1.702,Watermelon
-1.061,1.267,-1.332,0.192,Banana
0.91,-0.915,-0.269,-0.523,Orange
0.674,0.971,-0.914,-0.588,Apple
0.546,-0.861,-0.074,-0.667,Lemon
0.613,-1.654,-0.483,-0.818,Lemon
-1.108,1.167,-0.819,-0.209,Banana
1.281,0.986,0.144,0.212,Apple
1.562,-1.499,1.141,0.448,Watermelon
1.456,1.505,0.042,-0.449,Apple
1.19,-1.193,1.005,0.968,Watermelon
0.301,-1.283,1.795,0.97,Watermelon
1.056,-0.603,-1.144,-0.987,Grape
-1.142,0.201,-0.725,0.865,Banana
0.593,-1.144,0.225,-0.47,Orange
1.136,0.514,1.221,1.024,Watermelon
1.309,-0.328,-1.232,-1.608,Grape
1.208,-0.34,-1.104,-0.424,Grape
1.506,1.271,-0.398,-1.032,Apple
0.539,-1.643,-1.425,-0.273,Lemon
1.41,-1.683,-0.39,-0.206,Orange
-1.102,0.518,-0.534,-0.173,Banana
0.318,-1.481,1.168,0.906,Watermelon
-1.27,1.185,-0.884,-0.508,Banana
-0.819,1.413,-1.043,0.218,Banana
-0.337,0.752,-1.058,0.416,Banana
-0.983,0.905,-0.969,0.849,Banana
1.283,0.974,-0.602,-0.556,Apple
1.333,-1.558,1.841,0.989,Watermelon
0.518,1.064,-0.58,-0.447,Apple
0.471,-1.084,-1.043,-0.41,Orange
0.71,-0.776,-1.267,-0.988,Grape
1.311,1.126,0.155,-0.474,Apple
0.714,-0.873,-0.197,-0.756,Lemon
1.276,-1.3,-0.499,-0.326,Orange
-0.841,0.62,-1.332,0.074,Banana
1.017,0.672,-0.208,-0.425,Apple
1.23,1.022,0.313,-0.258,Apple
0.574,-1.074,-0.293,-0.518,Orange
1.531,0.892,-0.526,-0.236,Apple
0.683,-0.662,-0.032,-0.154,Orange
-0.793,0.825,-1.526,0.186,Banana
-1.176,0.287,-1.37,-0.131,Banana
0.231,-0.533,-0.421,-0.162,Lemon
1.178,-0.221,-0.991,-0.47,Grape
0.569,-1.024,0.641,1.435,Watermelon
0.747,-0.585,-1.091,-0.711,Lemon
0.376,-0.474,-1.15,-0.736,Grape
1.011,-1.746,0.419,1.029,Watermelon
1.163,-1.376,-1.029,-1.356,Grape
0.611,0.771,-0.257,-0.547,Apple
-0.095,-0.96,-0.723,-0.828,Lemon
0.892,-1.122,-0.285,-0.287,Orange
1.058,0.983,-0.013,0.255,Apple
-1.005,0.782,-1.503,0.526,Banana
-1.316,1.822,-0.027,0.225,Banana
0.417,1.229,0.435,-0.759,Apple
1.664,-1.247,-1.509,-0.892,Grape
0.956,-1.023,-0.443,-0.113,Lemon
1.427,-0.818,-1.302,-0.631,Grape
1.159,1.206,-0.531,-0.077,Apple
0.617,1.087,-0.261,-0.258,Apple
1.273,-1.357,-0.063,-0.193,Orange
0.723,-1.063,-0.339,-1.024,Grape
-1.124,0.6,-0.619,0.654,Banana
-0.714,0.979,-0.737,0.012,Banana
0.676,-1.019,-0.507,-1.135,Lemon
1.654,1.566,-0.703,-0.098,Apple
0.48,-0.971,-1.069,-0.302,Orange
0.429,-0.595,-0.016,0.092,Lemon
1.005,-0.971,-0.464,-0.366,Lemon
-1.413,1.401,-0.758,0.558,Banana
0.201,1.158,0.052,-0.305,Apple
0.825,-1.477,-0.802,-0.146,Orange
0.918,-0.687,-0.465,-1.44,Grape
0.479,-0.407,-0.709,-0.477,Lemon
0.939,1.247,-1.019,-0.371,Apple
1.019,-0.949,-0.88,-0.725,Grape
1.158,1.623,-0.452,-0.125,Apple
0.767,-1.082,-0.203,-0.399,Lemon
0.58,-0.737,-0.475,-0.313,Orange
0.913,-0.743,0.078,-0.256,Orange
0.924,-1.717,-0.548,-0.531,Orange
0.709,-1.037,-0.918,-0.447,Lemon
0.976,0.111,0.088,0.054,Apple
0.917,-0.877,0.886,0.438,Watermelon
1.757,-0.738,1.329,0.9,Watermelon
1.394,0.52,-0.386,-0.041,Apple
0.781,-0.281,-0.894,-0.927,Grape
0.748,-0.858,0.376,-0.139,Orange
1.195,1.246,-0.701,-0.346,Apple
0.943,-1.344,-0.724,-1.326,Grape
1.238,0.735,0.415,-0.397,Apple
1.272,-1.06,-0.619,0.048,Lemon
0.679,1.017,-0.111,-0.159,Apple
1.015,-0.633,-0.704,-0.938,Grape
1.338,-0.463,-0.772,-0.603,Grape
0.891,1.387,-0.355,-0.79,Apple
0.885,-1.253,1.131,0.9,Watermelon
1.045,-0.645,0.22,-0.098,Orange
1.38,-1.062,0.453,0.587,Watermelon
0.932,1.278,-0.368,0.115,Apple
1.641,-1.311,1.744,0.428,Watermelon
1.647,0.988,-0.381,-0.303,Apple
0.72,-0.474,-0.542,-0.398,Orange
0.517,-1.256,0.755,0.731,Watermelon
0.939,-1.39,1.558,0.947,Watermelon
1.131,1.302,0.409,0.018,Apple
0.913,-1.375,1.118,1.372,Watermelon
0.65,-0.977,-0.525,-1.154,Lemon
1.051,-0.344,-1.016,-0.607,Grape
1.405,-0.776,-0.845,-0.985,Grape
-1.71,0.934,-1.361,0.347,Banana
1.239,-0.676,-1.315,-0.918,Grape
1.855,0.24,-0.219,-0.49,Apple
0.851,-1.037,-0.42,0.011,Orange
0.915,-1.757,1.448,1.395,Watermelon
0.788,1.017,0.126,0.062,Apple
1.475,-0.469,-0.731,-0.507,Grape
0.88,-0.846,0.249,0.447,Watermelon
1.175,-0.772,0.864,0.788,Watermelon
0.876,-0.933,-1.11,-0.037,Orange
1.011,1.087,-0.343,-0.784,Apple
0.616,-0.467,-0.525,0.083,Orange
0.621,-1.005,-0.454,-0.301,Orange
-1.119,1.505,-0.325,0.383,Banana
0.856,-1.465,0.511,1.507,Watermelon
0.486,-1.154,1.054,0.089,Watermelon
0.562,-1.468,0.767,1.091,Watermelon
1.36,-0.832,-1.162,-1.042,Grape
0.718,-0.454,-0.843,-1.953,Grape
1.224,-0.955,-0.209,0.213,Orange
0.375,-1.439,0.975,0.188,Watermelon
0.926,-0.704,-0.161,-0.172,Orange
0.519,-1.15,-0.77,-0.42,Lemon
-1.543,1.512,-1.258,0.495,Banana
1.028,-1.404,0.152,0.179,Orange
0.45,0.974,-0.227,-1.025,Apple
-1.742,0.708,-1.46,-0.065,Banana
0.54,-1.043,-0.612,0.19,Orange
1.063,-0.722,-0.891,-0.42,Orange
1.048,-0.841,-0.527,-0.375,Orange
0.863,-0.704,-0.243,-0.89,Grape
1.014,0.559,-0.732,-0.375,Apple
1.396,-1.07,0.945,0.74,Watermelon
0.39,-0.847,0.911,1.156,Watermelon
1.054,-1.337,-0.221,-0.652,Orange
0.676,-1.022,-0.061,-0.803,Lemon
0.536,-1.145,1.213,0.021,Watermelon
1.306,-1.073,0.6,0.871,Watermelon
0.741,-1.029,-1.679,-0.744,Grape
0.804,-1.137,-0.004,-0.18,Orange
-1.546,1.235,-0.481,0.476,Banana
-1.303,0.485,-1.315,0.336,Banana
1.499,0.734,-0.527,0.058,Apple
0.848,1.6,-0.352,0.109,Apple
1.134,1.247,-0.362,-0.339,Apple
-0.853,1.279,-0.816,-0.319,Banana
1.09,0.77,-0.491,-0.14,Apple
1.194,-1.081,0.091,-0.884,Lemon
-0.569,1.151,-0.927,0.784,Banana
0.777,-0.553,-0.373,-0.425,Orange
0.536,-0.445,1.399,0.833,Watermelon
1.191,1.044,-0.424,0.038,Apple
0.781,-1.767,1.091,1.023,Watermelon
-1.208,0.688,-1.546,0.173,Banana
0.694,-0.262,-0.819,-1.17,Grape
1.183,-1.038,0.906,0.981,Watermelon
1.22,-0.775,-0.704,-0.187,Lemon
1.3,-0.909,-0.415,-0.338,Orange
0.624,-0.937,-0.513,-0.353,Orange
1.218,1.591,-0.169,-0.337,Apple
0.993,1.398,-0.164,-0.232,Apple
1.093,-1.5,-0.163,-0.506,Orange
0.738,-1.257,-0.393,-0.554,Lemon
0.199,-1.102,0.172,-1.296,Lemon
-0.942,0.646,-0.518,0.586,Banana
1.065,-0.279,-0.914,-0.998,Grape
-1.21,0.874,-1.162,0.304,Banana
-0.062,-0.64,0.081,-0.651,Lemon
-0.589,0.953,-1.211,0.166,Banana
-0.97,0.748,-0.788,0.118,Banana
0.624,-0.607,-1.243,-1.115,Grape
0.981,-1.069,-0.489,-0.716,Grape
0.779,-1.007,1.223,1.073,Watermelon
1.658,0.916,0.116,-0.767,Apple
0.587,-0.41,-0.451,-0.609,Orange
0.983,1.442,-0.567,-0.315,Apple
0.351,0.836,0.049,-0.575,Apple
0.155,-1.272,-0.813,-0.232,Lemon
0.733,-0.799,-0.59,-0.717,Lemon
0.728,1.151,0.256,-0.629,Apple
0.644,-0.998,-0.709,-1.015,Grape
0.794,-1.178,-0.384,-0.601,Lemon
-1.541,1.323,-1.013,0.191,Banana
1.098,-1.105,-0.849,-1.209,Grape
0.945,-0.201,-0.775,-1.062,Grape
0.965,-1.896,0.712,1.058,Watermelon
0.333,-1.464,-0.432,-0.043,Lemon
0.748,-0.294,-0.746,-1.342,Grape
0.745,-0.369,-0.691,-0.413,Orange
1.688,-1.199,0.174,-0.558,Orange
1.048,-0.62,-0.464,-0.165,Orange
0.861,-1.316,0.184,-0.137,Lemon
0.475,-1.082,0.069,-0.624,Lemon
0.835,-0.199,-1.49,-1.027,Grape
1.029,0.754,-0.848,-0.276,Apple
1.241,-1.238,0.587,1.44,Watermelon
0.785,-1.127,-0.278,-0.415,Lemon
1.626,-0.768,0.514,0.769,Watermelon
-1.214,1.108,-1.106,-0.095,Banana
1.206,-0.65,0.964,1.073,Watermelon
0.261,-1.183,-0.769,-0.304,Lemon
1.09,-1.115,-0.429,-0.889,Orange
-0.438,0.27,-0.852,0.313,Banana
0.907,-1.003,0.768,1.228,Watermelon
0.54,-0.885,-0.537,-0.349,Orange
0.86,-0.658,-0.824,-1.013,Grape
0.927,-0.634,-0.492,-0.261,Lemon
1.709,0.505,0.077,0.241,Apple
1.152,1.666,0.321,-0.418,Apple
0.509,-0.814,-0.818,0.449,Lemon
0.876,-0.984,-1.094,-0.412,Lemon
-1.415,1.266,-1.876,0.784,Banana
0.452,-1.592,-0.606,-0.494,Lemon
0.977,1.483,-0.167,-0.021,Apple
0.513,-0.851,-1.058,-0.41,Lemon
0.735,-0.538,1.026,1.232,Watermelon
1.092,-0.368,0.454,0.96,Watermelon
0.264,-1.717,-0.959,-0.09,Lemon
0.989,-0.677,-0.729,-0.96,Grape
-0.785,1.113,-0.81,0.143,Banana
0.966,-1.424,-0.63,-0.116,Lemon
0.946,-1.151,1.801,1.497,Watermelon
1.05,-0.94,-1.712,-0.752,Grape
-0.557,1.139,-1.599,0.356,Banana
0.83,-0.943,1.68,1.276,Watermelon
1.202,-0.616,-0.855,-1.253,Grape
0.794,-1.068,-0.888,-0.215,Lemon
0.219,-1.191,1.215,1.429,Watermelon
1.165,-1.235,0.982,1.102,Watermelon
1.546,1.322,0.025,-0.277,Apple
0.625,-1.492,0.895,1.245,Watermelon
0.824,-0.4,-1.278,-1.224,Grape
1.093,-0.732,-0.707,-0.791,Lemon
1.332,-0.293,-0.776,-1.062,Grape
-1.383,0.995,-0.507,-0.018,Banana
-0.983,1.573,-1.106,0.255,Banana
0.527,-0.382,-1.259,-1.544,Grape
0.666,-0.927,0.447,0.515,Watermelon
1.196,0.975,-0.62,-0.412,Apple
1.608,-0.551,-0.338,0.086,Orange
1.042,-1.221,-1.684,-1.318,Grape
-1.552,1.095,-1.192,0.449,Banana
1.154,-0.358,-1.326,-0.82,Grape
0.666,-0.351,-0.572,-0.747,Grape
-1.062,1.198,-1.537,-0.316,Banana
1.163,-0.542,-0.731,-0.195,Orange
1.154,-1.215,0.881,1.215,Watermelon
1.038,-0.961,-0.644,-0.211,Orange
-1.139,0.879,-1.189,0.29,Banana
0.696,-0.996,0.872,0.674,Watermelon
0.318,1.332,-0.039,-0.582,Apple
1.239,0.641,-0.407,-0.486,Apple
0.903,-0.774,0.859,0.881,Watermelon
-0.74,1.022,-1.207,0.384,Banana
1.347,-0.63,0.536,0.554,Watermelon
1.35,-0.701,-1.77,-1.255,Grape
0.846,-1.109,-0.032,-0.525,Orange
1.327,-0.9,0.55,0.888,Watermelon
-0.827,1.014,-0.867,0.094,Banana
0.794,-1.139,0.291,-0.962,Lemon
-0.056,0.667,-0.555,0.59,Banana
0.682,-0.39,-1.174,-0.904,Grape
1.052,-1.122,-0.451,-0.081,Orange
-1.316,0.697,-0.666,0.45,Banana
-1.457,0.649,-1.748,0.618,Banana
1.241,-1.381,1.227,1.695,Watermelon
0.461,-0.815,-1.546,-0.668,Grape
0.966,-1.139,-0.22,-0.395,Orange
0.859,-0.904,-0.514,-0.364,Orange
0.945,-0.968,1.211,1.204,Watermelon
0.475,-0.107,-0.979,-1.116,Grape
-1.316,1.696,-0.174,0.953,Banana
1.042,1.12,0.222,-0.384,Apple
0.789,-0.92,0.072,0.003,Lemon
0.952,-0.066,-1.001,-1.191,Grape
0.9,1.052,-0.575,-0.481,Apple
0.095,-1.288,-0.518,-0.135,Lemon
-0.68,1.15,-1.535,-0.001,Banana
0.531,-0.663,-0.795,-0.927,Lemon
1.507,0.743,-0.695,-0.22,Apple
0.982,-1.175,-0.3,-0.524,Orange
-1.179,0.987,-1.713,0.634,Banana
0.519,-0.929,-0.65,-0.801,Grape
0.631,-1.598,-0.812,-0.576,Lemon
0.95,-0.201,-0.302,-0.785,Grape
0.813,-0.575,0.794,0.082,Watermelon
0.563,-1.83,-0.434,-0.262,Orange
0.443,-0.899,-1.499,-1.044,Grape
0.701,-0.647,-0.241,0.362,Orange
0.841,0.151,-0.999,-1.185,Grape
1.843,-1.24,-1.193,-1.583,Grape
0.357,-1.723,1.216,0.535,Watermelon
0.911,1.312,-0.138,-0.155,Apple
-0.575,1.563,-1.438,0.469,Banana
0.905,-1.051,-0.829,-0.386,Orange
0.852,-0.499,-0.704,-1.035,Orange
0.998,-1.04,-1.049,-0.769,Grape
0.565,-1.151,-0.655,-0.203,Lemon
0.596,-0.745,-0.652,0.011,Orange
0.46,1.19,-0.336,-0.266,Apple
1.336,0.713,-0.309,-0.194,Apple
0.895,1.251,-0.185,-0.503,Apple
1.441,1.197,-0.595,-0.598,Apple
0.923,-0.443,-1.775,-1.28,Grape
0.398,-1.503,-0.958,-0.452,Lemon
0.829,-0.744,-1.483,-1.075,Grape
0.474,-0.489,1.61,0.834,Watermelon
0.607,-0.701,-0.093,0.456,Orange
1.749,-1.709,0.106,-0.278,Orange
1.192,1.272,-0.042,0.05,Apple
0.804,0.666,0.115,-0.605,Apple
1.651,-0.868,-1.133,-1.067,Grape
0.461,-1.538,0.019,-0.802,Orange
-0.118,0.967,-1.36,0.447,Banana
0.138,-1.117,-0.372,-0.643,Orange
0.379,-0.466,-0.536,-0.36,Lemon
-1.275,0.537,-1.084,-0.56,Banana
0.616,-1.438,0.286,1.227,Watermelon
0.554,-1.217,-0.365,-1.075,Lemon
-1.47,1.391,-0.202,0.539,Banana
1.165,0.796,-0.496,-0.22,Apple
1.481,-0.451,-0.665,-1.321,Grape
-0.784,0.765,-0.951,0.516,Banana
0.814,-1.356,-0.173,-0.247,Orange
-0.952,1.23,-0.542,0.532,Banana
1.186,-1.175,0.879,1.159,Watermelon
0.873,-0.842,0.715,1.675,Watermelon
-0.932,1.045,-1.169,0.97,Banana
0.561,-1.246,-0.001,-0.116,Orange
0.798,0.808,-0.402,-0.264,Apple
1.544,-0.788,1.358,0.848,Watermelon
0.781,-1.544,-0.536,-0.459,Lemon
1.637,-0.055,-1.09,-1.286,Grape
0.724,-1.103,1.456,1.145,Watermelon
0.781,-0.716,-0.948,-0.748,Lemon
1.182,-1.273,0.466,0.621,Watermelon
1.369,0.869,-0.221,-0.661,Apple
1.133,-1.094,-0.144,-0.367,Orange
1.176,0.816,-0.328,-0.395,Apple
0.609,-0.902,-0.773,-0.542,Lemon
0.665,-0.822,-0.627,-0.81,Lemon
-0.97,1.235,-1.467,-0.163,Banana
0.768,0.933,-1.069,-0.099,Apple
0.536,-1.823,-0.99,-0.605,Lemon
0.38,-0.26,-0.935,-0.763,Grape
0.24,-0.856,-0.831,-0.567,Lemon
1.123,-1.025,-0.017,-0.151,Orange
-1.162,1.295,-0.631,0.331,Banana
1.468,0.918,-0.345,-0.298,Apple
0.955,-0.709,-1.25,-1.348,Grape
0.639,-0.581,-0.315,-0.364,Lemon
1.437,-0.593,-1.346,-1.122,Grape
0.979,-0.779,-0.786,-0.673,Grape
0.394,0.949,-1.316,-0.332,Apple
-1.036,1.622,-0.483,0.626,Banana
0.664,-1.356,-0.684,0.334,Orange
0.681,-1.135,-0.615,-0.64,Orange
1.116,-0.546,-1.779,-1.456,Grape
1.089,0.975,-0.44,-0.088,Apple
0.495,-0.808,-0.819,-1.227,Grape
1.109,-1.401,0.712,0.376,Watermelon
0.28,-0.767,-0.842,-1.04,Grape
1.406,0.863,-1.042,-0.18,Apple
0.223,-0.956,-1.4,-0.596,Lemon
1.246,-0.797,-0.388,-0.218,Orange
0.826,-1.104,-0.081,-0.462,Orange
0.772,-1.553,1.226,0.888,Watermelon
0.558,-0.312,-1.035,-1.279,Grape
1.293,-0.739,-1.568,-0.684,Grape
0.287,0.038,-0.775,-1.224,Lemon
1.595,-1.039,1.071,1.115,Watermelon
-1.495,0.223,-0.335,-0.266,Banana
1.154,-0.835,-0.558,-0.683,Lemon
1.789,-1.261,0.748,1.217,Watermelon
0.746,0.627,-0.339,-0.078,Apple
1.639,-0.289,-0.945,0.146,Orange
0.237,-1.345,-0.807,-0.729,Lemon
0.207,-1.832,-0.112,-0.204,Lemon
0.576,-1.357,-0.186,-0.54,Lemon
-1.219,0.407,-0.829,0.165,Banana
1.074,1.041,-0.095,-0.242,Apple
0.876,-0.424,-0.685,-0.476,Grape
0.19,-0.628,-1.173,-0.162,Lemon
0.776,-0.723,1.505,1.063,Watermelon
0.583,-1.034,-0.765,-0.106,Lemon
0.962,-1.761,0.009,0.091,Orange
1.015,-1.276,0.594,0.725,Watermelon
1.07,0.355,-0.151,-0.275,Apple
1.451,-0.355,-1.253,-1.592,Grape
0.713,-0.517,1.103,1.209,Watermelon
0.78,-0.83,0.468,1.327,Watermelon
0.196,-1.691,0.192,-0.453,Lemon
0.638,-1.654,-0.382,-0.19,Lemon
0.93,-0.689,1.41,1.184,Watermelon
-0.158,-1.403,-0.01,-0.471,Lemon
0.63,-1.291,-0.823,-0.083,Lemon
1.124,-0.721,-0.407,-0.281,Lemon
-1.025,0.579,-1.497,0.76,Banana
0.988,1.167,-0.226,-0.208,Apple
0.721,-0.756,-0.869,-0.086,Lemon
0.342,-0.916,-1.014,-0.558,Lemon
0.769,1.008,-0.043,-0.273,Apple
-0.314,1.279,-1.08,0.27,Banana
1.132,-0.753,0.568,1.223,Watermelon
-1.423,1.189,-0.615,0.405,Banana
0.186,-1.624,1.197,0.141,Watermelon
-0.787,1.345,-0.603,0.215,Banana
1.153,-0.927,0.485,1.261,Watermelon
1.487,-0.359,-1.176,-0.741,Grape
1.454,1.408,0.059,-0.857,Apple
1.139,1.226,0.064,-0.12,Apple
1.543,-1.24,-0.805,-0.832,Grape
1.316,-0.46,-0.611,0.328,Orange
1.285,-1.066,-0.618,-0.131,Orange
-0.9,1.119,-1.219,0.513,Banana
0.858,-0.574,0.299,-0.484,Orange
-0.979,1.34,-0.903,-0.173,Banana
1.303,0.788,-0.23,-0.648,Apple
0.878,-1.147,-0.285,-0.575,Lemon
0.832,1.144,-0.676,0.329,Apple
-0.935,0.802,-1.14,0.306,Banana
1.349,-0.913,-1.129,-1.017,Grape
1.54,-0.25,-0.443,-0.989,Grape
1.501,-0.556,-0.056,0.072,Orange
-1.208,1.64,-1.086,0.496,Banana
1.237,-1.08,-1.018,-0.929,Grape
-1.04,0.986,-0.478,0.011,Banana
0.156,-1.205,-0.34,-0.205,Lemon
-0.788,1.319,-0.91,0.119,Banana
0.669,-1.442,-0.38,0.076,Orange
1.083,-0.592,-1.369,-0.097,Grape
0.711,-0.958,1.351,1.015,Watermelon
-1.282,1.283,-1.469,0.91,Banana
1.099,-1.089,0.504,0.597,Watermelon
0.982,-0.338,-0.218,-0.079,Orange
1.135,1.827,-0.454,0.248,Apple
-1.14,0.754,-1.028,0.27,Banana
1.197,-1.813,-0.248,-0.41,Orange
0.747,-1.054,-1.128,-1.181,Grape
0.451,-1.574,-0.566,-0.777,Lemon
0.428,-1.192,0.729,1.014,Watermelon
0.803,0.493,-0.611,-0.904,Apple
1.398,-0.546,1.497,0.794,Watermelon
1.454,1.142,-0.588,-0.52,Apple
0.54,-0.964,-0.473,-0.501,Lemon
0.878,-0.127,-1.04,-1.06,Grape
-1.076,0.96,-1.477,-0.051,Banana
-0.144,0.422,-0.905,0.42,Banana
1.354,-0.472,-0.338,-0.916,Grape
1.472,-0.236,-0.46,-0.991,Grape
-0.861,0.871,-0.944,0.375,Banana
0.273,-1.05,1.311,0.527,Watermelon
0.655,-0.596,0.17,-0.417,Orange
1.061,0.973,0.112,-0.487,Apple
0.867,-0.531,-0.651,-0.374,Orange
0.647,-0.467,-1.018,-0.749,Lemon
1.207,-0.339,-0.926,-1.041,Grape
1.045,-1.128,-0.965,-0.481,Grape
0.538,-1.274,0.861,0.883,Watermelon
1.244,-1.326,-0.996,-0.23,Lemon
0.774,-0.324,-1.069,-0.839,Grape
0.451,-0.841,-0.224,-0.289,Orange
0.569,1.076,-0.047,-0.486,Apple
0.821,-0.322,-0.401,-0.671,Grape
0.68,-1.085,-0.61,-0.964,Lemon
0.946,1.392,-0.286,-0.519,Apple
0.749,-1.011,0.568,0.682,Watermelon
1.536,0.637,-0.581,-0.198,Apple
0.845,-0.569,-0.698,-1.541,Grape
1.264,-1.204,0.9,1.673,Watermelon
0.509,-0.393,-0.605,-1.239,Grape
-1.234,0.871,-1.241,0.323,Banana
0.912,-1.127,-0.275,-0.01,Lemon
1.151,1.184,-0.508,-1.218,Apple
-0.795,1.279,-0.915,0.618,Banana
0.808,-0.819,1.515,1.233,Watermelon
1.47,-0.528,0.573,1.252,Watermelon
0.779,-0.988,-1.1,-0.386,Grape
0.81,-1.615,-0.806,-0.033,Orange
0.334,-1.715,-1.092,-0.442,Lemon
-0.727,0.844,-0.773,0.62,Banana
0.326,-1.042,-0.81,-0.311,Lemon
0.386,-1.425,-0.582,-0.111,Lemon
1.179,-0.648,1.322,1.015,Watermelon
0.791,0.696,-0.855,0.116,Apple
0.484,-1.597,-0.168,-0.467,Lemon
-0.661,0.908,-1.278,0.456,Banana
1.185,-1.098,1.46,1.331,Watermelon
0.798,-1.388,-1.038,-0.08,Lemon
0.234,-1.032,-0.249,-0.371,Orange
0.988,-0.853,0.794,1.308,Watermelon
0.804,-1.063,-0.889,-0.532,Lemon
1.739,-0.865,-0.464,-1.614,Grape
0.699,-1.19,1.332,1.019,Watermelon
-0.541,0.884,-1.019,0.185,Banana
1.709,-1.392,0.822,0.658,Watermelon
0.801,-1.399,0.038,-0.472,Lemon
1.144,-0.838,0.993,1.043,Watermelon
1.03,-0.418,-1.288,-1.347,Grape
1.287,0.999,-1.002,-0.466,Apple
1.535,0.944,-0.486,-0.823,Apple
0.801,-1.007,-0.85,-0.983,Grape
0.473,-1.267,-0.066,-0.747,Lemon
0.754,-1.085,0.964,1.169,Watermelon
1.326,-0.701,1.85,0.407,Watermelon
1.081,-1.182,1.703,1.061,Watermelon
0.29,-0.448,-0.907,-0.735,Grape
0.747,1.115,-0.395,-0.535,Apple
1.12,-0.947,1.368,1.009,Watermelon
-0.789,0.577,-0.512,0.028,Banana
1.316,1.092,-0.252,-0.034,Apple
0.251,-0.801,-0.739,-0.327,Grape
0.991,-1.853,-0.411,-0.221,Orange
0.988,-0.983,-1.047,-0.163,Lemon
0.799,-1.245,-0.348,-0.691,Lemon
0.896,-0.785,-1.108,-0.683,Grape
0.375,-0.614,-0.238,-0.337,Orange
0.607,-1.318,-1.171,-0.808,Lemon
0.337,-1.073,-1.568,-0.572,Grape
0.551,0.986,0.091,-0.002,Apple
0.897,-1.102,-0.237,0.539,Orange
1.145,-0.366,-0.207,-0.903,Grape
1.402,1.167,-0.138,-0.637,Apple
-1.395,0.821,-0.691,0.592,Banana
1.067,-1.004,-0.412,-0.31,Lemon
0.962,-1.113,0.48,0.947,Watermelon
0.964,-0.203,-0.568,-0.949,Grape
1.722,1.066,0.062,-0.335,Apple
0.601,0.851,0.216,-0.392,Apple
0.837,-1.001,0.864,1.418,Watermelon
1.66,-0.998,-0.111,0.14,Orange
0.638,-1.307,-0.743,-0.356,Lemon
-0.862,0.373,-1.153,0.042,Banana
1.309,-0.844,-1.161,-1.174,Grape
0.877,-0.661,-0.427,-0.113,Lemon
1.032,-1.634,-0.393,-0.629,Lemon
0.56,0.888,-0.044,0.209,Apple
-1.471,1.216,-0.312,0.941,Banana
-0.209,0.163,-0.664,-1.808,Grape
0.732,-0.56,-0.174,-0.401,Orange
1.023,1.191,-0.503,-0.344,Apple
1.314,-0.845,-1.475,-1.223,Grape
0.689,-0.812,-1.605,-0.918,Grape
-0.696,0.716,-1.228,0.234,Banana
0.681,-0.256,-1.311,-1.184,Grape
0.733,1.353,-0.381,0.398,Apple
0.724,-0.595,-0.713,-0.83,Lemon
0.988,0.762,-0.999,0.055,Apple
0.611,-1.245,-0.468,-0.484,Lemon
1.093,-0.849,-0.655,-0.257,Lemon
0.587,-0.936,-0.171,-0.909,Lemon
0.698,-0.747,-1.096,-0.595,Grape
0.505,0.99,-0.493,0.295,Apple
1.309,-0.916,1.339,0.538,Watermelon
1.71,-1.295,0.14,-0.007,Orange
1.093,-0.575,0.049,-0.162,Orange
0.852,-0.557,-1.036,-0.876,Grape
1.357,1.164,-0.235,-0.529,Apple
1.114,-1.594,-0.579,0.012,Orange
1.31,-1.007,1.07,1.13,Watermelon
1.239,-0.67,-1.344,-0.864,Grape
1.685,-1.323,-0.344,-0.335,Orange
1.845,-1.336,0.944,0.872,Watermelon
-1.439,0.542,-0.801,0.548,Banana
0.404,-0.507,-1.388,-0.94,Lemon
0.711,-1.003,0.842,0.93,Watermelon
1.17,-0.49,-0.019,-0.18,Orange
0.972,1.385,0.359,-0.077,Apple
0.828,-0.909,1.203,0.806,Watermelon
1.303,-0.908,1.408,0.658,Watermelon
-0.01,-1.137,-0.592,-1.13,Lemon
0.787,1.449,-0.113,-0.252,Apple
-1.37,1.438,-1.146,0.333,Banana
-0.857,1.06,-0.478,0.501,Banana
1.118,-1.03,-0.149,-0.273,Orange
1.066,-0.72,-1.175,-1.321,Grape
0.905,-0.718,-0.36,-0.653,Grape
-1.047,0.852,-0.785,0.98,Banana
1.279,-1.202,-0.698,-0.636,Grape
1.37,-1.087,-0.552,-0.342,Lemon
-1.267,0.701,-0.86,-0.24,Banana
0.539,-0.715,1.174,1.437,Watermelon
0.762,-0.996,-0.149,-0.648,Lemon
0.883,0.977,-0.142,-0.323,Apple
0.48,-0.693,-1.011,-0.96,Grape
-1.157,1.177,-1.564,0.446,Banana
-0.372,0.788,-0.98,0.214,Banana
-1.081,0.64,-0.303,0.435,Banana
-1.235,0.725,-0.978,-0.459,Banana
1.368,-1.18,-0.164,-0.048,Orange
1.338,-0.828,1.26,1.357,Watermelon
0.484,-0.247,-0.476,-0.51,Lemon
0.706,0.928,-0.159,-0.267,Apple
1.24,-1.136,-0.362,-0.894,Lemon
1.764,0.582,0.426,-0.348,Apple
-1.782,1.473,-0.971,0.141,Banana
1.225,1.233,-0.155,0.097,Apple
1.088,-0.773,0.817,1.268,Watermelon
0.819,-0.994,-1.072,-1.097,Grape
1.325,-1.109,-0.617,-1.218,Grape
0.137,-1.423,0.892,1.155,Watermelon
0.953,0.577,-0.572,-0.718,Apple
1.091,0.968,-0.085,-0.92,Apple
-1.187,1.71,-0.776,0.196,Banana
0.654,-0.612,1.536,0.598,Watermelon
0.631,-0.502,-0.87,-0.831,Grape
-0.355,0.66,-0.986,0.552,Banana
1.249,0.773,-0.513,-0.461,Apple
-0.404,0.658,-1.114,0.571,Banana
0.619,1.09,-0.965,-0.233,Apple
1.018,-0.943,0.696,1.08,Watermelon
0.986,-0.545,-0.077,-0.707,Orange
0.709,0.784,-0.237,-0.359,Apple
0.939,-0.014,-0.48,0.287,Orange
0.948,0.238,-0.233,0.092,Apple
-0.778,1.09,-0.992,0.127,Banana
1.314,-1.152,-0.524,-0.056,Orange
0.895,-0.152,-0.836,-1.272,Grape
0.599,-1.201,0.518,-0.283,Orange
1.265,-1.457,0.621,0.934,Watermelon
1.195,-1.452,-0.82,-0.184,Lemon
1.557,-0.447,-0.763,-1.314,Grape
0.537,-1.001,-1.306,-0.921,Grape
0.573,-0.512,-1.11,-1.197,Grape
1.31,-0.936,-0.498,-0.709,Grape
0.653,-0.179,-1.388,-0.547,Grape
1.117,0.447,-0.753,-0.442,Apple
1.304,-1.06,0.932,1.014,Watermelon
0.302,1.288,0.169,-0.024,Apple
-1.148,0.69,-1.379,-0.097,Banana
1.793,-0.628,-0.683,-0.703,Grape
1.05,-1.326,-0.118,-0.579,Orange
0.811,-1.363,-0.753,-0.653,Lemon
1.49,0.148,0.516,-0.582,Apple
0.957,1.145,-0.185,-0.005,Apple
0.814,-0.287,-0.344,-0.541,Lemon
0.806,-1.203,0.153,0.414,Orange
1.351,-2.0,-1.087,-0.203,Orange
0.942,-0.993,0.138,0.221,Orange
0.661,-1.533,-1.03,-0.476,Lemon
1.146,-1.026,-0.769,-1.613,Grape
0.068,-1.306,1.481,1.533,Watermelon
0.442,-1.531,-0.034,-0.354,Orange
1.478,-0.739,0.021,-0.488,Orange
1.155,1.706,-0.25,-0.316,Apple
0.848,-1.561,0.615,0.688,Watermelon
0.424,-1.14,-1.857,-1.274,Grape
1.236,-0.711,-1.109,-0.732,Grape
-0.409,1.796,-0.949,0.201,Banana
0.855,-0.793,0.945,0.947,Watermelon
0.97,0.67,-1.116,-0.534,Apple
-0.49,1.494,-0.671,0.127,Banana
0.323,-0.431,-0.979,-0.486,Lemon
1.591,-0.557,-1.103,-0.594,Grape
0.625,-0.931,-0.07,-1.391,Lemon
1.126,0.732,-0.373,-0.26,Apple
0.364,-0.92,-0.465,-0.429,Lemon
1.039,-1.041,0.966,1.028,Watermelon
-1.33,1.445,-1.032,0.159,Banana
1.139,-1.04,1.435,1.313,Watermelon
1.033,-0.271,-0.918,-1.404,Grape
1.311,0.335,-1.531,-0.056,Apple
-0.845,1.132,-0.514,0.291,Banana
-1.132,1.279,-1.25,0.217,Banana
1.088,1.116,-0.417,-0.472,Apple
-1.392,0.724,-0.363,0.207,Banana
1.066,0.478,0.597,-0.602,Apple
0.589,0.979,-0.612,-0.172,Apple
-1.529,1.398,-0.671,0.258,Banana
-1.579,0.716,-0.978,-0.124,Banana
0.633,-0.633,-0.246,-0.157,Orange
1.185,0.943,-0.321,-0.14,Apple
-0.717,1.174,-0.489,0.309,Banana
0.528,-0.619,-0.386,-0.469,Orange
1.249,1.13,-0.748,-0.065,Apple
-0.344,1.113,-1.09,-0.284,Banana
1.718,0.819,-0.793,-0.261,Apple
1.353,-0.567,0.765,0.966,Watermelon
1.0,-0.658,1.207,1.095,Watermelon
-0.68,0.523,-0.853,0.378,Banana
-1.018,0.913,-0.953,0.1,Banana
1.955,-0.524,1.383,0.815,Watermelon
0.265,-1.074,-0.56,-1.007,Lemon
-0.832,1.379,-1.782,-0.015,Banana
1.43,-0.469,-1.303,-0.743,Grape
0.392,-1.083,-0.999,-0.494,Lemon
1.356,-0.767,-0.774,-1.017,Grape
1.378,-0.762,-0.456,-0.761,Grape
1.085,-0.902,0.837,0.815,Watermelon
1.092,-1.42,-0.511,-0.528,Orange
1.2,-0.395,-0.556,-1.117,Grape
0.717,0.486,-0.205,0.189,Apple
0.974,-0.991,0.998,1.089,Watermelon
1.349,1.672,-0.126,-0.103,Apple
0.916,-0.638,-1.042,-1.128,Grape
1.045,-0.381,-0.978,-1.098,Grape
1.044,-1.336,-0.019,-0.345,Orange
-1.404,1.162,-0.821,-0.001,Banana
-0.782,1.222,-0.309,0.218,Banana
-1.019,0.788,-0.827,0.298,Banana
1.346,-1.152,-0.135,-0.283,Orange
-1.645,1.22,-1.612,0.244,Banana
0.95,-1.003,-0.283,-0.187,Orange
1.127,-1.038,1.915,0.88,Watermelon
-1.428,0.506,-0.77,-0.257,Banana
-1.423,0.526,-0.84,0.766,Banana
0.67,-0.852,0.077,0.739,Watermelon
0.811,-1.109,-0.252,-1.282,Lemon
0.743,-0.442,-0.846,-0.819,Grape
0.673,-1.4,-0.873,0.311,Lemon
0.559,0.505,-0.062,-0.671,Apple
1.627,-0.043,0.916,1.108,Watermelon
-0.039,-0.639,-1.384,-0.969,Lemon
1.042,-0.808,-0.819,-0.39,Orange
0.418,-0.711,-1.28,-1.222,Grape
1.228,-0.901,-0.104,-0.245,Orange
1.251,-1.012,-0.472,-0.0,Orange
0.852,-1.115,0.074,0.141,Orange
-1.104,1.305,-1.447,0.198,Banana
0.737,0.999,-0.043,-0.106,Apple
1.147,-0.552,-1.056,-0.58,Grape
0.459,-1.233,1.144,1.535,Watermelon
0.879,-1.091,0.549,0.81,Watermelon
0.848,-0.447,-0.703,-0.78,Lemon
1.024,0.435,0.132,-0.731,Apple
0.71,-0.895,-0.38,-0.411,Lemon
1.001,1.15,-0.008,0.329,Apple
0.614,0.356,-0.841,-0.935,Apple
0.18,-1.464,-0.746,-0.201,Lemon
1.219,0.782,-0.488,0.404,Apple
-0.792,1.06,-0.957,0.199,Banana
1.701,0.934,-0.248,-0.877,Apple
-1.223,0.807,-0.83,0.029,Banana
1.017,-1.212,-0.685,-0.599,Orange
0.939,-0.564,-1.068,-1.292,Grape
0.952,-1.113,0.635,1.029,Watermelon
1.634,-0.652,-1.511,-0.486,Grape
1.44,1.501,-0.315,-0.574,Apple
-1.313,1.399,-0.438,-0.022,Banana
0.118,-1.006,0.684,0.752,Watermelon
0.917,-0.457,-1.273,-0.952,Grape
0.956,-1.407,-0.809,-1.158,Grape
0.558,-0.854,-0.929,-0.984,Grape
1.226,-0.847,-0.71,-1.234,Orange
1.042,1.221,-0.371,-0.069,Apple
0.649,-1.121,-0.622,0.044,Orange
0.681,-0.279,-0.476,0.079,Orange
-1.171,1.468,-0.545,0.187,Banana
-0.904,1.446,-0.893,-0.022,Banana
0.625,-1.262,-0.547,-0.776,Lemon
1.13,0.374,-0.693,-0.578,Apple
-1.056,0.471,-1.309,0.572,Banana
0.914,-1.887,-0.805,-0.054,Lemon
1.135,-0.857,1.197,0.664,Watermelon
1.075,1.165,-0.263,-0.438,Apple
0.983,-1.399,1.215,0.498,Watermelon
0.714,-0.761,-0.198,-0.369,Orange
0.401,0.984,-0.521,-0.132,Apple
0.419,-1.613,-1.084,-0.649,Lemon
0.638,-1.407,-0.865,-0.223,Lemon
0.988,-0.903,-0.7,-0.717,Lemon
-0.811,0.889,-0.678,0.64,Banana
1.144,-1.174,0.853,0.425,Watermelon
0.582,-1.029,-1.082,0.327,Lemon
0.795,-1.294,0.119,-0.674,Lemon
-0.709,1.031,-1.162,0.182,Banana
1.503,-0.693,0.957,0.282,Watermelon
1.107,0.564,-0.111,-0.55,Apple
0.787,-1.223,1.357,0.382,Watermelon
1.258,-0.88,0.975,0.843,Watermelon
0.77,-1.154,-0.757,-0.478,Lemon
1.602,-1.53,-0.125,-0.25,Orange
0.923,-1.534,0.385,1.119,Watermelon
0.556,1.356,-0.656,-0.107,Apple
0.798,-1.218,-0.62,-0.047,Orange
1.25,0.89,-0.093,-0.296,Apple
0.133,-0.868,-0.705,-1.415,Lemon
-1.137,0.407,-1.431,0.213,Banana
0.974,0.708,-0.115,-0.34,Apple
0.852,-0.585,-0.578,-1.753,Grape
1.455,-1.216,-0.573,-0.341,Orange
0.29,-1.364,-0.304,-0.444,Lemon
0.329,-0.764,-0.115,-0.72,Orange
1.063,-0.783,-0.862,-0.1,Orange
0.364,-0.81,-0.927,-0.135,Lemon
0.915,0.785,-0.553,0.006,Apple
0.347,-0.629,-0.525,-0.985,Lemon
1.009,-0.584,-1.496,-0.997,Grape
1.19,-0.205,-0.62,-0.164,Grape
-1.0,1.194,-1.212,0.959,Banana
0.688,-0.356,0.299,-0.475,Orange
0.963,-0.84,-0.744,-0.548,Lemon
1.093,1.126,0.223,-0.1,Apple
-1.269,1.26,-1.612,0.165,Banana
-1.102,1.23,-0.38,0.376,Banana
0.874,-0.844,-0.708,-1.068,Grape
-1.176,1.333,-0.591,-0.036,Banana
0.476,-1.034,0.601,0.553,Watermelon
0.636,-0.234,-0.772,-0.14,Grape
-1.225,1.465,-0.827,0.105,Banana
0.949,-0.796,-0.909,-0.655,Grape
0.871,1.297,0.145,0.223,Apple
0.189,-1.017,-0.352,-0.88,Lemon
0.542,0.991,-0.445,-0.36,Apple
0.435,-0.244,-0.762,-0.295,Lemon
0.782,-1.591,-0.087,-0.281,Lemon
-0.945,1.37,-1.017,0.609,Banana
-0.057,-0.714,-0.536,-0.43,Lemon
0.705,-0.677,-1.087,-1.399,Grape
1.125,-0.449,0.503,1.172,Watermelon
0.853,-1.188,1.026,1.031,Watermelon
-0.935,0.604,-0.619,0.328,Banana
1.208,-0.575,0.328,1.221,Watermelon
0.943,-0.643,-0.58,0.127,Orange
0.231,-0.859,-0.501,-0.554,Lemon
0.639,-1.129,0.023,0.321,Orange
1.684,-0.816,1.088,1.157,Watermelon
1.675,-0.818,-0.269,-0.296,Orange
-1.056,1.135,-1.263,0.081,Banana
0.578,-1.158,-0.391,-0.264,Lemon
1.092,-0.829,1.041,-0.327,Watermelon
0.693,-0.352,-1.294,-0.701,Grape
1.319,-1.093,-0.507,-0.197,Orange
0.985,-0.781,0.181,0.743,Watermelon
0.646,-1.481,-1.173,-1.525,Grape
0.864,-1.171,-0.141,-0.288,Orange
0.408,-0.479,-0.153,-0.624,Grape
1.238,0.932,-0.472,-0.496,Apple
1.084,-0.998,-0.923,-1.232,Grape
0.4,-1.237,0.138,-0.152,Orange
-0.243,-1.236,1.316,0.896,Watermelon
1.183,-1.138,1.064,1.012,Watermelon
0.774,-0.8,0.236,-0.065,Orange
1.036,-1.295,0.028,-0.379,Orange
1.196,-0.333,-0.654,-0.648,Grape
1.339,-1.44,-0.601,-0.68,Orange
0.096,-0.466,-0.945,-0.894,Lemon
-1.02,0.739,-0.208,0.204,Banana
1.156,-1.273,-0.882,-0.455,Orange
0.749,-0.854,-1.56,-0.952,Grape
0.882,-1.54,1.037,1.267,Watermelon
-0.581,0.153,-1.256,-0.18,Banana
0.772,-0.114,-1.255,-1.166,Grape
0.71,1.569,-1.105,-0.495,Apple
0.697,-1.202,-0.614,-1.631,Grape
0.839,0.972,-0.563,-0.907,Apple
0.541,-1.267,-0.317,-0.319,Lemon
1.28,-0.962,-0.394,-0.626,Lemon
1.199,-0.996,-0.636,-0.311,Lemon
0.774,-1.175,1.189,1.256,Watermelon
1.209,0.972,-0.205,0.036,Apple
0.617,-1.0,-0.019,1.259,Watermelon
-1.274,0.735,-1.043,0.517,Banana
-0.163,0.456,-1.297,0.38,Banana
0.746,1.293,-0.359,0.01,Apple
0.913,-0.809,-0.635,0.478,Orange
0.005,-1.248,-1.097,-0.22,Lemon
-0.811,0.574,-0.651,0.056,Banana
1.136,1.218,-0.386,0.018,Apple
0.95,-0.481,-1.096,-1.654,Grape
0.557,-1.306,-0.113,-0.977,Lemon
-0.571,0.937,-0.858,-0.183,Banana
0.892,-0.833,-0.264,-1.241,Grape
1.404,-0.591,1.399,0.792,Watermelon
1.632,1.704,-0.172,-0.463,Apple
0.699,-0.835,-0.277,-0.136,Orange
0.128,-0.988,-0.2,-0.215,Lemon
0.855,-0.638,-1.514,-1.233,Grape
0.481,-0.778,-0.847,-0.863,Lemon
0.865,-1.148,-0.894,-0.216,Lemon
1.161,-1.073,-0.423,-0.067,Orange
1.189,-0.527,-0.958,-1.212,Grape
0.809,-1.06,0.664,0.623,Watermelon
0.969,1.346,-1.026,-0.437,Apple
1.095,-0.625,1.63,0.91,Watermelon
1.69,-0.441,-0.715,-1.373,Grape
0.759,-0.685,-0.841,-1.412,Lemon
1.052,-0.675,-0.53,-1.188,Grape
0.353,-1.41,-0.821,0.433,Lemon
-1.555,0.533,-1.019,0.991,Banana
0.86,-0.457,-0.735,-0.987,Lemon
0.843,0.956,-0.296,-0.375,Apple
1.207,-0.849,-1.325,-1.422,Grape
1.072,-0.563,-0.618,-0.459,Grape
0.577,1.008,-0.372,-0.838,Apple
-1.185,1.548,-1.221,0.02,Banana
0.982,1.319,-0.407,-0.255,Apple
0.2,1.2,-0.223,0.01,Apple
-0.054,-1.106,-0.263,-0.695,Lemon
1.018,-1.143,-0.435,0.208,Orange
0.502,0.982,-0.212,0.028,Apple
0.957,1.339,-0.319,-0.258,Apple
1.028,-0.771,1.19,0.61,Watermelon
1.076,-0.811,1.512,0.647,Watermelon
1.188,-1.122,1.067,0.624,Watermelon
0.995,1.112,-0.64,0.207,Apple
0.46,-0.812,-1.15,-0.289,Orange
0.768,-0.751,-0.637,-0.585,Lemon
1.199,-0.267,-0.517,-1.452,Grape
0.93,-1.768,0.521,0.754,Watermelon
1.303,-1.168,0.899,1.105,Watermelon
0.765,-1.698,-0.561,-0.242,Orange
0.764,-1.072,-0.442,-0.176,Lemon
1.392,-0.94,0.602,0.564,Watermelon
-1.403,0.624,-0.965,0.961,Banana
1.074,-1.029,1.337,0.71,Watermelon
1.365,-0.661,-0.279,0.533,Orange
0.99,-0.984,-0.65,-0.651,Lemon
0.954,-0.636,-1.112,-1.075,Grape
0.583,-1.199,-0.859,-0.055,Orange
1.028,-1.043,1.31,0.698,Watermelon
0.751,-1.518,0.058,0.012,Orange
1.465,1.554,-0.449,-0.549,Apple
-1.628,0.616,-1.114,-0.421,Banana
0.623,-0.629,-0.687,-1.251,Grape
0.645,-0.348,-1.232,-0.12,Lemon
-0.867,1.443,-0.662,0.068,Banana
-0.999,0.489,-1.183,0.31,Banana
1.106,-0.724,1.554,0.848,Watermelon
1.401,-0.506,-1.458,-1.053,Grape
1.041,-1.293,-0.664,-0.576,Orange
-1.19,0.697,-0.569,-0.558,Banana
-0.961,1.185,-1.337,0.219,Banana
0.88,-1.027,1.232,1.201,Watermelon
0.79,-1.527,-0.242,-0.43,Orange
0.815,-0.522,-1.152,-0.893,Grape
-0.121,1.24,-0.529,0.479,Banana
1.027,-0.816,1.167,1.302,Watermelon
1.021,-1.458,-0.814,-0.039,Orange
0.606,-0.36,-0.531,-1.077,Grape
1.424,-0.909,-0.291,-0.175,Orange
-1.291,0.664,-1.575,0.043,Banana
1.749,-1.523,0.588,0.718,Watermelon
0.734,-0.506,-1.214,-1.069,Grape
0.303,-1.166,-0.621,-0.547,Lemon
1.693,-0.61,-1.073,-1.874,Grape
1.084,0.309,-0.107,-0.25,Apple
1.279,-0.822,-0.991,-0.763,Grape
0.675,-0.786,-0.103,-0.247,Orange
1.552,-0.82,0.414,1.346,Watermelon
0.77,-0.721,-0.197,-1.125,Orange
1.212,-0.678,-1.161,-1.148,Grape
1.276,0.678,0.09,-0.832,Apple
0.703,-0.73,-0.338,-0.436,Lemon
0.528,-1.192,-1.028,-0.74,Lemon
-1.336,0.606,-0.369,-0.302,Banana
1.394,-1.433,0.642,0.637,Watermelon
-1.389,1.323,-0.794,0.219,Banana
1.548,-1.006,-0.579,-0.74,Lemon
0.718,-0.787,-0.702,-0.8,Grape
1.452,-1.251,1.206,1.107,Watermelon
1.152,-1.302,0.636,1.189,Watermelon
1.305,0.784,-0.087,0.12,Apple
0.873,0.496,-0.76,-0.537,Apple
0.444,-1.013,-0.606,-0.595,Lemon
1.238,-0.866,-0.557,-0.671,Grape
-0.697,0.769,-1.041,0.553,Banana
0.93,-1.245,0.741,0.758,Watermelon
0.594,2.0,-0.983,-0.643,Apple
1.209,0.762,-0.423,-0.162,Apple
0.961,-1.096,-0.277,-1.094,Lemon
0.788,1.173,0.391,-0.638,Apple
0.6,1.119,-0.281,-0.551,Apple
-1.426,0.82,-0.818,0.183,Banana
1.41,-1.048,1.211,1.097,Watermelon
0.459,-0.708,-1.026,-0.694,Lemon
0.855,-0.466,-0.779,-1.285,Grape
0.665,-0.972,0.462,1.353,Watermelon
0.922,-1.009,-1.416,-0.89,Grape
1.1,-1.269,-0.34,-0.595,Orange
0.91,-0.484,0.446,-0.274,Orange
0.751,-0.863,-1.202,-0.902,Lemon
-0.21,-0.843,0.081,-0.127,Lemon
-0.984,0.966,-1.123,0.671,Banana
-0.925,1.022,-1.386,0.51,Banana
0.948,-0.461,-0.65,-1.572,Grape
0.497,-1.154,-0.785,-0.891,Lemon
0.745,-1.384,1.289,1.132,Watermelon
0.708,-1.674,0.082,-0.643,Lemon
1.611,-0.738,-0.381,0.515,Orange
1.199,0.92,-0.437,0.061,Apple
0.812,-1.132,0.791,0.736,Watermelon
0.757,0.02,-0.647,-0.918,Grape
0.808,-0.793,-1.128,-0.374,Grape
1.102,1.262,-0.23,-0.61,Apple
1.036,-0.977,-0.582,-1.262,Grape
0.4,-0.715,-0.844,-0.577,Lemon
-0.323,-1.113,-0.392,-0.719,Lemon
1.196,-0.606,-0.619,-1.257,Grape
0.515,-1.514,-0.632,-0.648,Lemon
1.336,-0.819,-1.148,-1.236,Grape
1.01,0.096,-2.0,-1.017,Grape
1.411,0.82,-0.116,0.112,Apple
0.903,-0.828,-0.673,-0.827,Grape
0.978,-0.786,1.336,0.981,Watermelon
1.107,1.183,-0.462,0.116,Apple
0.639,-1.046,-0.031,-0.57,Orange
0.905,-0.933,-0.136,-0.286,Lemon
0.943,-0.919,1.094,1.708,Watermelon
1.03,0.952,-0.368,-0.234,Apple
-1.397,0.866,-1.354,-0.009,Banana
0.881,-0.991,-0.86,-0.553,Lemon
0.514,-0.982,-1.127,-0.882,Lemon
-1.505,0.685,-1.253,-0.062,Banana
0.868,-0.356,-0.311,-0.698,Lemon
1.074,-1.023,-0.513,0.264,Orange
1.303,-1.515,-0.096,-0.707,Lemon
0.908,-0.501,-0.458,-0.902,Grape
1.144,-0.701,1.354,1.179,Watermelon
-0.644,0.791,-1.607,0.939,Banana
0.637,-1.187,-0.416,-0.376,Orange
-1.254,1.162,-0.834,0.517,Banana
1.195,-1.146,0.854,1.392,Watermelon
0.418,-1.189,-0.275,-0.507,Lemon
0.423,-1.173,-0.207,-0.295,Lemon
1.083,-1.408,-0.216,-0.274,Orange
-1.319,0.789,-0.756,0.735,Banana
-1.37,0.674,-0.757,0.157,Banana
0.793,-1.148,-0.398,-0.981,Lemon
-0.808,0.265,-0.676,0.288,Banana
1.154,-0.917,0.403,1.478,Watermelon
1.117,-0.735,-0.58,-0.116,Orange
0.542,-0.948,-0.629,1.553,Orange
1.212,1.466,-0.387,-0.16,Apple
1.317,-1.375,-0.535,0.14,Orange
0.524,-1.262,-0.821,-0.928,Lemon
0.314,0.406,-0.284,-0.065,Apple
1.482,-1.014,-1.048,-0.51,Lemon
1.246,-0.639,0.027,0.0,Orange
1.033,1.258,-0.715,-1.003,Apple
1.733,-1.016,-0.113,-1.181,Orange
1.541,-0.195,-1.548,-1.111,Grape
1.093,-1.042,-0.829,-0.634,Grape
-0.887,0.452,-1.363,0.257,Banana
0.513,-1.08,-0.693,-1.131,Lemon
0.882,-0.78,-0.417,-0.35,Lemon
0.501,-1.212,-0.956,0.04,Lemon
-1.007,0.419,-1.01,-0.429,Banana
1.087,-0.55,-1.19,-1.329,Grape
1.197,-1.029,0.32,1.421,Watermelon
0.671,-1.461,1.476,1.371,Watermelon
0.453,-1.438,-0.918,-0.653,Lemon
1.426,-0.547,1.058,1.228,Watermelon
0.527,-1.305,-1.125,-0.387,Lemon
1.315,-1.179,0.116,-0.335,Orange
-0.971,0.923,-0.567,0.472,Banana
0.98,-0.973,0.584,0.218,Watermelon
0.814,-0.668,-0.814,-1.057,Grape
0.836,-1.632,-0.815,-0.926,Grape
1.285,-0.99,0.101,-0.393,Orange
0.986,-0.516,-0.769,-0.854,Grape
-0.833,1.094,-1.067,0.615,Banana
0.414,0.78,0.257,-0.535,Apple
-1.027,1.486,-1.044,0.008,Banana
1.419,0.899,-0.377,-0.993,Apple
0.955,-0.761,0.849,0.552,Watermelon
0.832,-1.215,-0.389,-0.381,Orange
1.583,1.106,-0.909,-0.275,Apple
0.986,1.418,-0.355,-0.365,Apple
1.652,-1.374,-0.021,-0.178,Orange
0.825,0.773,0.175,-0.137,Apple
1.21,1.311,-0.18,-0.671,Apple
-1.55,1.539,-0.927,0.328,Banana
-0.368,0.627,-1.883,-0.334,Banana
0.814,1.041,0.187,-0.005,Apple
-0.297,-0.02,-0.744,-0.07,Lemon
1.191,-0.598,-1.083,-1.389,Grape
0.549,0.942,-0.786,0.277,Apple
0.634,-0.268,-0.752,-0.707,Lemon
0.807,-1.091,-0.259,0.003,Lemon
1.385,1.478,-0.014,-0.492,Apple
1.399,-0.756,0.784,0.828,Watermelon
0.968,1.389,-0.259,-0.302,Apple
0.944,0.876,-0.707,-0.022,Apple
-1.356,1.024,-1.143,0.568,Banana
0.48,-1.352,-0.254,-0.789,Lemon
0.654,-0.554,-0.856,-0.536,Lemon
-1.151,1.046,-1.024,0.622,Banana
0.783,-0.554,0.262,-0.11,Orange
-1.277,0.986,-1.044,0.92,Banana
-1.036,1.484,-0.961,0.316,Banana
-1.124,0.909,-0.689,0.044,Banana
1.336,-0.496,-0.507,0.223,Orange
-0.633,1.304,-1.223,0.258,Banana
0.958,-0.268,0.996,0.936,Watermelon
0.598,-1.34,-0.539,-0.074,Orange
0.502,0.767,-0.951,0.191,Apple
-0.963,1.109,-1.381,0.706,Banana
1.526,1.023,-0.468,-0.107,Apple
-0.743,1.305,-0.768,0.637,Banana
0.758,-0.281,-1.159,-1.878,Grape
0.838,0.806,-0.216,-0.007,Apple
0.667,-0.297,-0.784,-1.196,Lemon
1.097,-1.191,0.62,0.896,Watermelon
0.326,-1.24,-0.067,-0.456,Lemon
0.907,-0.441,-0.403,-0.631,Orange
0.536,-1.028,0.425,0.59,Watermelon
0.867,-0.204,-0.548,-0.769,Grape
-1.001,0.8,-0.864,0.924,Banana
-0.951,0.838,-1.055,0.207,Banana
0.792,-1.267,-0.458,-0.301,Lemon
-0.88,0.62,-1.052,0.116,Banana
0.974,0.767,0.135,-0.235,Apple
-1.566,0.535,-0.578,0.237,Banana
0.864,-0.605,0.947,0.582,Watermelon
0.605,-0.78,1.71,1.294,Watermelon
0.866,-1.079,1.017,0.293,Watermelon
1.008,-0.796,0.321,0.182,Orange
1.675,-0.412,0.188,-0.191,Orange
1.121,-1.585,1.046,1.198,Watermelon
0.901,-1.54,0.254,-0.058,Orange
-0.398,1.26,-0.521,0.707,Banana
0.762,0.822,-0.45,-0.638,Apple
1.218,-0.985,-0.439,-0.966,Lemon
1.287,-0.743,-0.559,-1.24,Grape
1.066,-0.671,-0.763,-0.004,Lemon
-0.598,1.171,-1.348,0.58,Banana
-0.977,1.017,-0.974,0.289,Banana
0.697,-1.13,-1.603,-0.895,Grape
-1.848,1.254,-0.823,0.194,Banana
0.959,-1.091,-0.454,-1.185,Lemon
0.215,-1.082,-0.152,0.133,Orange
-1.062,1.086,-0.725,0.255,Banana
0.806,-1.395,-1.18,-0.687,Lemon
1.271,0.751,-0.072,-0.659,Apple
0.796,-0.515,-1.234,-1.174,Grape
0.087,-0.706,-0.342,-0.531,Orange
1.641,-1.276,0.82,0.663,Watermelon
1.386,-0.098,-0.533,-0.536,Grape
0.791,-0.415,0.932,0.46,Watermelon
0.851,1.114,-0.526,-0.249,Apple
1.188,-0.856,-0.071,-0.263,Orange
0.745,-1.115,-1.031,-1.188,Grape
0.559,-1.725,-1.131,-0.322,Lemon
0.428,-1.067,-0.591,-0.513,Orange
0.63,-0.99,-0.409,-0.886,Lemon
0.69,-0.607,0.921,1.128,Watermelon
0.826,-0.841,0.129,1.403,Watermelon
0.441,-1.437,-0.972,-0.592,Lemon
0.961,1.049,-0.717,0.005,Apple
0.817,-1.201,-0.379,0.032,Orange
0.988,-1.19,0.887,1.427,Watermelon
-0.631,1.128,-0.948,1.11,Banana
1.162,-0.537,-1.071,-0.875,Grape
-0.066,-0.24,-1.445,-1.251,Grape
0.11,-1.258,-0.719,-0.189,Lemon
1.451,-0.321,-0.264,-0.277,Orange
1.273,-1.299,-0.638,-0.329,Orange
0.988,-1.723,1.373,1.084,Watermelon
1.279,-1.55,0.767,0.749,Watermelon
0.929,-1.012,0.004,-0.165,Orange
0.741,1.766,-0.393,-0.617,Apple
0.34,-0.968,1.242,0.601,Watermelon
1.219,-0.971,-0.921,0.019,Orange
0.907,0.606,0.035,0.028,Apple
0.598,-0.497,-0.929,-1.024,Grape
0.42,-1.052,-0.272,-0.357,Lemon
0.325,-1.75,-0.95,-0.675,Orange
0.736,-1.158,-0.323,-0.212,Orange
0.583,-0.6,-1.187,-0.383,Lemon
1.115,-1.042,-0.813,-0.87,Grape
-1.015,0.154,-0.663,0.379,Banana
1.141,-1.787,-1.186,-1.502,Grape
1.453,-1.387,1.518,1.333,Watermelon
1.077,-0.603,-0.631,-0.468,Orange
-0.677,0.671,-1.464,0.188,Banana
0.291,-0.347,-0.329,-0.702,Lemon
0.65,-0.881,1.416,1.102,Watermelon
0.267,-1.503,-0.732,-0.389,Lemon
-1.165,1.353,-0.815,0.383,Banana
1.178,-1.486,0.826,0.636,Watermelon
1.135,0.641,-0.271,-0.358,Apple
1.21,-1.019,-0.842,-1.374,Grape
0.662,-1.05,1.418,0.705,Watermelon
0.378,-1.331,0.865,1.654,Watermelon
1.136,-1.264,0.951,1.55,Watermelon
0.916,-1.08,-0.442,0.044,Orange
0.816,-0.695,1.372,1.215,Watermelon
0.922,-1.089,-1.078,-1.234,Grape
0.727,-1.084,1.168,0.782,Watermelon
0.519,-0.936,-0.408,-0.808,Grape
0.265,-0.549,-0.684,0.297,Lemon
1.092,-0.402,-0.707,-0.48,Grape
0.446,-0.51,-0.818,-0.627,Lemon
0.603,-0.678,-0.716,0.078,Lemon
1.464,-0.986,0.662,1.35,Watermelon
0.267,-0.741,-0.588,0.24,Orange
0.515,-0.832,-0.847,-0.789,Grape
0.781,-1.116,0.033,0.152,Orange
0.877,-0.812,-1.479,-0.911,Grape
1.284,-0.547,-1.324,-0.375,Grape
-0.136,-0.693,-0.524,-0.336,Lemon
-1.275,0.947,-0.897,0.27,Banana
0.372,-0.401,-0.072,-0.188,Orange
1.035,-0.411,0.74,0.661,Watermelon
-0.702,1.162,-1.353,0.681,Banana
-0.897,0.686,-0.828,0.419,Banana
0.969,-0.865,-0.081,0.12,Orange
1.038,-1.095,-0.216,0.217,Orange
0.82,-1.114,-0.581,0.083,Lemon
1.262,-0.547,-0.601,-1.19,Grape
1.115,0.056,-0.771,-0.433,Grape
0.971,-1.167,1.406,0.36,Watermelon
1.063,-0.639,-0.103,-0.936,Orange
0.529,-0.64,-0.834,-0.82,Grape
-1.002,1.256,-0.847,0.255,Banana
1.188,-1.227,-0.077,-0.496,Orange
1.171,-0.438,-1.105,-0.778,Grape
1.54,-0.957,-0.666,-0.62,Grape
0.527,-0.72,-0.689,-0.06,Lemon
0.041,-0.494,-0.689,-0.169,Orange
0.715,-0.476,-0.38,-0.39,Orange
1.392,-0.744,-0.417,-0.547,Orange
0.606,-0.154,-0.853,-0.939,Grape
1.172,-1.682,-0.414,-0.304,Orange
1.343,-1.514,0.069,0.428,Orange
-1.602,1.006,-0.825,0.606,Banana
0.242,-0.882,-0.377,-0.299,Orange
-0.276,0.925,-0.843,0.258,Banana
1.084,1.193,0.013,-0.572,Apple
0.653,-0.934,-1.177,-0.834,Lemon
1.312,-0.762,-0.086,-0.663,Grape
1.158,-0.471,-0.03,-0.136,Orange
0.105,-0.767,-0.111,-0.708,Lemon
-0.039,-1.374,0.016,-0.472,Lemon
1.511,-0.993,-0.474,0.547,Orange
0.87,-0.687,-0.839,-1.102,Grape
1.272,-0.844,-0.13,-0.416,Orange
0.018,-1.291,-0.86,-0.398,Lemon
0.715,-1.513,-0.701,-0.064,Orange
-0.759,0.823,-1.14,0.515,Banana
1.058,-0.585,0.945,0.709,Watermelon
0.98,-1.109,-0.876,-0.188,Lemon
-0.493,1.064,-1.351,0.837,Banana
1.132,-0.523,-1.141,-0.605,Grape
0.612,-1.421,1.663,0.698,Watermelon
1.336,1.482,-0.226,-0.608,Apple
1.22,-0.513,-0.18,-0.461,Orange
1.107,-1.485,-0.641,-0.291,Orange
-0.978,0.579,-0.913,0.483,Banana
0.925,-1.755,1.037,1.635,Watermelon
1.16,-0.995,-0.43,0.002,Orange
1.073,-0.752,-0.684,-0.158,Orange
0.839,-0.47,-1.681,-1.137,Grape
1.19,-0.754,-0.311,-0.956,Orange
-0.776,1.554,-1.294,0.151,Banana
-0.718,1.292,-0.616,0.655,Banana
0.464,0.832,-0.081,-0.33,Apple
1.128,-1.046,-0.453,-0.285,Orange
0.207,-1.253,-0.623,-0.517,Lemon
1.199,-1.1,0.287,0.23,Orange
0.824,1.069,0.124,-0.524,Apple
0.738,-0.545,1.242,1.376,Watermelon
-0.89,0.911,-1.47,0.348,Banana
1.031,-0.565,-0.225,-0.224,Lemon
1.774,-1.543,-0.219,-0.528,Orange
1.543,-1.193,0.053,-0.357,Orange
1.147,0.962,-0.305,-0.183,Apple
1.322,-1.038,1.312,1.363,Watermelon
0.854,1.66,-0.039,-0.451,Apple
1.215,-0.637,-0.094,-0.129,Orange
-0.208,-1.339,1.238,0.654,Watermelon
1.18,-0.69,-0.339,-0.818,Orange
0.742,-0.76,0.14,-0.929,Orange
-0.972,0.486,-0.968,0.245,Banana
1.826,0.811,0.067,0.053,Apple
0.932,-0.558,-1.0,-1.26,Grape
-1.291,0.857,-1.398,0.125,Banana
0.532,-0.943,-0.445,-0.569,Lemon
0.731,1.149,-0.023,-0.47,Apple
0.656,-0.756,-1.064,-0.599,Grape
1.243,-1.001,1.665,0.988,Watermelon
1.495,-0.173,-0.597,-0.888,Grape
1.041,-0.998,-0.002,-0.476,Orange
0.908,-0.017,-0.782,-0.666,Grape
0.573,-0.751,-0.883,-1.015,Grape
-1.429,1.266,-0.623,0.2,Banana
-0.721,1.71,-0.466,0.216,Banana
0.614,-0.919,1.821,1.468,Watermelon
0.998,1.547,0.109,-0.965,Apple
1.372,-0.558,-1.303,-0.968,Grape
1.145,-1.278,-0.342,-0.316,Orange
1.278,-1.105,0.405,0.843,Watermelon
-1.331,0.547,-0.587,0.581,Banana
0.662,-1.444,-0.336,-0.663,Orange
0.515,-0.975,-0.493,-0.381,Lemon
0.727,-0.975,1.448,0.266,Watermelon
1.114,-1.412,0.191,0.086,Orange
1.275,0.701,-0.208,-0.169,Apple
-1.83,1.051,-0.785,-0.195,Banana
0.811,-0.965,-0.117,-0.645,Lemon
0.662,-0.881,-1.583,-0.624,Lemon
1.03,-1.825,-0.064,-0.17,Orange
1.028,-0.348,-1.144,-0.985,Grape
1.303,-0.581,-1.645,-0.982,Grape
1.022,-0.285,-1.12,-1.342,Grape
-1.341,1.505,-0.899,0.787,Banana
1.538,-1.26,0.713,0.955,Watermelon
1.215,-1.491,-0.141,-0.059,Orange
0.606,-1.382,1.156,1.726,Watermelon
-1.103,1.115,-1.212,0.383,Banana
0.781,0.909,0.557,-0.263,Apple
0.453,1.225,0.095,-0.064,Apple
-1.062,0.679,-1.312,0.234,Banana
0.872,-1.195,1.425,1.322,Watermelon
-0.557,0.724,-1.322,0.327,Banana
1.145,-0.975,-0.179,0.355,Orange
0.924,-0.318,-0.819,-0.967,Grape
1.266,-1.269,-0.639,-0.048,Orange
-1.573,1.179,-1.395,0.831,Banana
0.861,1.509,-0.374,-0.389,Apple
1.303,-0.897,0.977,0.859,Watermelon
-1.138,1.825,-1.586,-0.121,Banana
1.412,-0.614,0.677,0.387,Watermelon
1.445,0.634,-0.472,-0.266,Apple
0.625,-0.676,-0.293,-0.509,Orange
0.722,1.454,-0.398,-0.085,Apple
0.997,0.386,-0.039,0.076,Apple
1.645,-1.665,-1.405,0.024,Orange
0.39,-1.501,-0.562,-0.657,Lemon
0.153,-1.029,-0.402,-0.439,Lemon
1.064,-0.845,0.408,0.982,Watermelon
0.684,-1.132,-0.89,-0.761,Lemon
-1.103,1.32,-0.465,0.763,Banana
-1.546,0.671,-0.77,0.755,Banana
0.662,1.064,-0.696,-0.203,Apple
0.775,-0.936,0.576,0.428,Watermelon
2.0,-0.976,0.447,0.328,Orange
-1.572,1.127,-1.453,0.196,Banana
0.34,-1.551,-0.599,-0.391,Orange
1.014,-0.963,-0.948,-0.602,Grape
0.696,-1.024,-0.48,-1.002,Lemon
-0.667,0.581,-0.457,0.57,Banana
1.195,1.21,-0.301,-0.575,Apple
0.67,-0.387,-0.264,-0.59,Orange
1.181,-0.88,-0.415,-0.514,Orange
1.257,1.331,-0.187,-0.275,Apple
0.326,-0.832,-0.822,-0.945,Lemon
1.394,-1.36,-0.964,0.258,Orange
0.389,-1.136,0.617,0.747,Watermelon
1.378,-1.036,-0.474,-0.223,Lemon
0.374,-0.624,-0.468,-0.236,Lemon
-1.254,1.155,-1.003,0.695,Banana
0.811,1.711,-0.181,-0.344,Apple
0.515,-1.002,-0.82,-0.267,Lemon
0.996,1.68,-0.452,-0.342,Apple
0.848,-0.346,-0.806,-0.167,Orange
0.71,-1.395,0.325,-0.826,Lemon
1.012,-0.011,-1.131,-0.95,Grape
0.879,0.981,0.079,-0.448,Apple
0.071,-1.012,1.022,1.068,Watermelon
0.936,-1.302,-0.386,0.418,Orange
0.985,-0.371,-1.362,-1.102,Grape
-1.35,1.453,-1.545,0.43,Banana
1.119,1.097,-1.121,-1.008,Apple
1.041,0.677,-0.525,-0.449,Apple
0.631,-1.429,1.0,0.333,Watermelon
0.823,0.766,-0.308,0.536,Apple
0.656,-0.458,-0.923,-0.804,Grape
-1.075,1.505,-0.76,0.545,Banana
0.505,1.034,-0.478,-0.602,Apple
0.781,-0.62,-0.84,-0.656,Grape
1.327,-0.898,1.019,0.886,Watermelon
0.913,0.727,-0.45,-0.176,Apple
-0.461,0.948,-1.283,0.639,Banana
0.299,-0.635,-0.801,0.03,Orange
0.833,1.112,0.429,-0.593,Apple
0.65,-0.973,1.534,1.063,Watermelon
1.016,-0.941,0.648,1.063,Watermelon
0.863,-0.537,-0.021,-0.663,Orange
0.501,-0.815,-0.944,-0.878,Lemon
0.838,-0.879,1.363,1.081,Watermelon
1.862,-0.837,-0.741,-1.388,Grape
1.564,-0.524,1.249,0.392,Watermelon
1.246,-1.287,-0.141,-0.709,Orange
1.094,-1.124,-0.572,0.007,Orange
0.982,-1.072,-0.042,0.466,Orange
1.096,-1.632,0.455,1.024,Watermelon
1.359,-0.553,-0.821,-1.021,Grape
-0.663,1.216,-1.357,0.457,Banana
0.46,-0.443,-1.099,-0.944,Grape
1.113,1.099,0.196,-0.288,Apple
1.066,1.465,0.364,-0.306,Apple
-1.179,0.838,-0.842,0.229,Banana
0.388,1.393,-0.015,0.101,Apple
1.07,-0.933,-0.509,-0.148,Lemon
0.175,-1.123,-0.621,-0.177,Lemon
0.411,-1.249,-0.751,-0.336,Lemon
-1.024,0.492,-1.439,0.348,Banana
1.059,1.01,-0.465,-0.024,Apple
1.129,-0.883,-0.17,0.359,Orange
0.242,-1.147,-0.718,-0.06,Lemon
0.469,-1.277,-0.637,-0.463,Lemon
1.019,-1.133,-0.841,-0.818,Lemon
0.88,-0.103,1.134,1.209,Watermelon
-1.0,1.048,-0.725,0.497,Banana
1.122,-0.594,-1.123,-0.851,Grape
1.029,0.146,-0.632,-1.236,Grape
0.591,-1.139,-0.679,-0.36,Orange
0.661,-1.114,0.89,1.052,Watermelon
0.928,-1.316,1.425,1.141,Watermelon
0.809,-0.91,-1.514,-1.539,Grape
1.367,-0.671,-0.504,0.278,Orange
1.216,-0.929,0.002,0.016,Orange
1.054,-0.684,-1.038,-1.563,Grape
0.72,-0.37,0.71,0.352,Watermelon
1.316,-0.513,-0.893,-1.055,Grape
-0.681,1.535,-1.183,0.522,Banana
0.991,-1.202,-0.072,-0.11,Lemon
0.165,-0.442,-1.016,-0.741,Lemon
1.239,1.365,-0.265,-0.52,Apple
-1.091,0.868,-0.706,0.158,Banana
-1.228,0.483,-1.208,0.259,Banana
-1.396,0.389,-0.657,-0.05,Banana
0.142,-0.451,-0.303,-0.141,Lemon
-0.823,1.459,-0.691,0.179,Banana
0.627,-1.449,-0.349,-0.585,Orange
0.721,-1.053,0.189,-0.729,Orange
1.01,-1.038,-1.195,-0.675,Grape
0.303,-1.092,-0.551,-0.255,Lemon
0.808,1.441,-0.456,-0.13,Apple
0.934,-0.341,-0.29,-1.097,Grape
0.994,0.849,-0.505,-0.545,Apple
0.993,-1.272,-0.561,-1.308,Orange
1.485,-0.425,1.227,0.694,Watermelon
-1.442,0.452,-0.776,0.743,Banana
1.058,-0.7,-0.144,-0.47,Orange
1.353,-0.669,0.653,1.282,Watermelon
-1.052,0.909,-0.863,0.426,Banana
1.311,-1.297,-0.102,-0.606,Orange
0.937,-1.039,0.04,-0.197,Orange
0.908,-0.101,-1.15,-1.165,Grape
-0.057,-1.076,-0.929,-0.588,Lemon
1.084,-0.98,-1.288,-1.56,Grape
0.822,-1.331,1.75,1.526,Watermelon
1.47,-1.453,-0.362,-0.621,Orange
1.645,-0.309,-1.368,-0.871,Grape
0.481,0.952,-0.361,-0.041,Apple
1.346,-0.993,-0.378,-1.332,Orange
1.547,-1.23,-0.264,0.591,Orange
0.582,-0.993,-0.126,0.182,Orange
1.0,1.411,-0.445,-0.11,Apple
-0.855,0.968,-0.887,-0.006,Banana
0.895,0.55,-0.455,0.098,Apple
-0.853,1.108,-1.56,0.412,Banana
0.978,-0.412,-0.516,-1.143,Grape
0.49,-0.679,-0.811,-0.469,Lemon
0.301,0.892,0.157,-0.183,Apple
1.315,-0.665,0.172,-0.322,Orange
0.93,-0.213,-0.609,-0.962,Lemon
0.792,1.164,-0.882,-0.567,Apple
0.885,-0.962,0.329,0.041,Orange
0.61,0.354,0.994,0.412,Watermelon
0.637,-1.361,0.528,1.18,Watermelon
-1.933,1.344,-0.715,0.14,Banana
-0.68,0.618,-1.295,0.492,Banana
0.927,-0.819,-1.04,-0.538,Grape
1.448,1.149,-0.424,-0.118,Apple
0.298,-0.591,-0.267,0.176,Lemon
0.719,0.676,-0.107,-0.396,Apple
0.95,-0.539,-0.004,-0.48,Lemon
1.308,0.819,-0.224,-0.319,Apple
0.963,-0.362,-0.77,-0.202,Orange
1.019,-0.375,-1.384,-1.105,Grape
0.791,-1.788,0.107,-0.714,Orange
-1.561,1.332,-1.117,0.195,Banana
0.902,-0.624,-0.493,0.008,Orange
0.601,1.116,0.016,0.192,Apple
0.458,-1.104,0.259,0.123,Orange
0.93,-0.599,-0.896,-1.131,Grape
0.792,-0.828,-0.99,-0.671,Lemon
0.841,-1.089,-0.206,-0.137,Orange
-1.252,1.469,-0.998,0.812,Banana
1.504,-1.371,-0.472,-0.346,Orange
0.71,-0.746,-0.549,-0.693,Lemon
-0.422,0.847,-0.74,0.287,Banana
0.577,-0.764,-0.06,-0.393,Lemon
0.829,-0.482,-0.127,-0.14,Orange
0.96,-0.887,0.26,-0.499,Lemon
1.402,-0.445,-0.846,-1.127,Grape
0.875,-0.426,-1.304,-1.201,Grape
0.605,-0.566,-0.572,-0.477,Lemon
-1.371,1.593,-0.613,0.727,Banana
0.492,1.123,-0.628,-0.03,Apple
1.113,-0.818,0.749,0.636,Watermelon
-1.224,1.108,-1.085,0.389,Banana
0.642,-1.002,1.488,1.116,Watermelon
1.138,-0.459,-1.179,-0.429,Grape
1.125,1.062,-0.06,0.029,Apple
0.564,-0.58,-0.218,-0.421,Grape
-1.037,1.255,-1.114,0.424,Banana
-1.16,0.834,-1.207,0.889,Banana
0.832,-0.2,-1.151,-1.191,Grape
1.136,-1.055,-0.767,-1.048,Grape
0.407,-1.268,0.09,-0.512,Lemon
0.973,-0.694,0.705,1.397,Watermelon
0.987,-1.484,-0.486,-0.583,Orange
1.028,-1.278,0.684,1.102,Watermelon
1.015,-0.177,-0.592,-0.979,Grape
1.175,-1.493,1.244,1.144,Watermelon
1.334,-0.707,-1.104,-1.102,Grape
1.502,-0.901,0.476,1.226,Watermelon
0.838,-0.62,1.189,1.434,Watermelon
0.964,-0.672,-0.203,-0.215,Lemon
0.757,-1.4,-0.591,0.056,Orange
0.222,-1.005,-0.393,0.228,Orange
0.959,0.871,0.161,-0.332,Apple
-1.089,0.829,-0.9,0.184,Banana
0.885,-0.092,-0.983,-1.157,Grape
0.652,-0.931,-0.496,-0.329,Orange
-1.298,1.069,-1.456,0.444,Banana
0.809,-0.749,-0.13,-0.164,Orange
1.296,-0.455,1.444,0.541,Watermelon
-1.212,0.831,-0.776,0.117,Banana
0.803,0.743,-0.195,-0.078,Apple
0.576,-1.18,0.337,0.163,Watermelon
1.17,-0.89,1.06,1.555,Watermelon
0.413,0.272,-0.693,-1.042,Apple
0.785,-0.796,-0.196,0.16,Orange
1.13,-1.141,0.816,1.153,Watermelon
0.464,-1.712,-0.863,-0.918,Grape
1.549,-0.356,-0.892,-1.109,Grape
0.716,-1.098,1.334,1.162,Watermelon
-0.673,1.037,-1.315,0.706,Banana
1.375,-0.935,-0.105,-0.025,Orange
0.836,-0.691,-1.318,-1.092,Grape
1.361,-0.706,1.195,1.336,Watermelon
0.872,-1.011,-1.055,-1.027,Grape
-0.763,1.179,-0.646,-0.405,Banana
0.721,-1.032,1.168,1.733,Watermelon
0.258,-1.248,-0.748,-0.761,Lemon
0.689,-0.984,1.344,1.042,Watermelon
0.699,-1.069,0.636,1.344,Watermelon
1.115,-1.558,-0.52,-0.772,Lemon
1.022,0.97,-0.769,0.123,Apple
0.947,-1.165,-0.259,-0.505,Orange
0.936,-1.243,-1.825,-1.34,Grape
0.814,0.385,-0.474,-0.487,Apple
0.978,1.215,0.299,-0.15,Apple
0.656,-0.767,1.49,0.608,Watermelon
0.627,0.503,-0.498,-0.169,Apple
-0.481,1.312,-0.865,0.316,Banana
1.137,-0.442,-0.544,-1.007,Grape
1.092,0.857,-0.26,-0.39,Apple
0.584,-0.694,1.521,0.987,Watermelon
0.716,-0.698,-0.65,-0.434,Lemon
-1.076,0.808,-0.817,0.479,Banana
-0.677,0.999,-1.42,0.688,Banana
0.343,-1.263,-0.786,-1.11,Lemon
0.924,-0.383,-1.152,-0.532,Grape
1.047,-0.689,-1.277,0.002,Lemon
0.917,1.587,-0.511,-0.349,Apple
0.631,-1.326,-1.167,-1.339,Lemon
2.0,-1.584,0.421,1.2,Watermelon
0.502,0.437,-1.306,-0.198,Apple
-1.375,1.225,-1.027,0.33,Banana
0.841,-1.097,-0.613,-0.48,Orange
-1.383,1.53,-1.139,-0.493,Banana
-0.909,0.719,-1.016,0.206,Banana
1.522,-1.134,-0.014,0.049,Orange
0.122,-0.934,-0.865,-0.923,Lemon
0.578,1.287,0.625,-0.582,Apple
1.076,-0.891,-0.485,0.293,Orange
1.769,-1.209,0.307,-0.391,Orange
0.66,0.951,0.004,-0.336,Apple
-0.742,1.079,-0.527,0.486,Banana
1.536,0.7,-0.371,-0.301,Apple
0.701,-0.952,-0.866,-0.767,Grape
-0.961,1.371,-1.386,0.163,Banana
0.587,1.049,-0.129,0.17,Apple
0.588,-0.47,-0.497,-1.351,Grape
0.567,0.484,-0.081,-0.554,Apple
-0.833,0.924,-0.37,0.576,Banana
0.719,0.894,-0.024,-0.674,Apple
1.414,-0.688,-0.717,-1.069,Grape
-1.183,0.759,-0.394,0.197,Banana
2.0,1.053,-0.598,-0.855,Apple
1.431,-0.668,-0.712,-0.187,Grape
-0.766,1.118,-0.571,0.581,Banana
0.558,-0.534,-0.316,0.339,Orange
0.777,-0.583,-0.679,-1.031,Lemon
1.197,-0.658,-0.495,-0.271,Orange
0.225,0.946,-0.738,-0.119,Apple
1.117,-0.995,1.463,1.084,Watermelon
0.668,-0.887,-0.804,-0.153,Lemon
0.679,1.148,0.127,-0.659,Apple
0.53,-0.965,-0.364,-1.213,Grape
0.58,1.128,-1.253,-0.634,Apple
1.495,-1.334,-0.391,-0.097,Orange
1.103,-1.186,-0.109,0.306,Orange
0.628,-0.77,-1.037,-0.755,Grape
0.612,-1.045,-1.142,-0.897,Lemon
1.067,-1.18,0.88,0.978,Watermelon
1.42,-1.174,-0.115,-0.04,Lemon
1.281,-0.897,-0.952,-1.137,Grape
1.705,-0.856,0.925,1.625,Watermelon
0.877,-0.807,1.246,1.122,Watermelon
0.963,-0.307,-1.22,-0.61,Grape
0.502,-0.532,-0.234,-0.308,Lemon
0.968,-0.614,-0.1,-1.326,Orange
0.714,1.059,-0.202,-0.052,Apple
1.142,-0.795,-1.33,-0.431,Lemon
-0.574,1.039,-0.929,0.127,Banana
-0.668,0.876,-0.793,0.45,Banana
0.619,-0.831,-0.529,-0.053,Lemon
-0.763,1.364,-1.267,0.011,Banana
1.022,-0.738,-0.114,-0.463,Orange
1.273,-1.22,-0.064,-0.1,Orange
0.921,0.812,-0.253,-0.271,Apple
-1.366,1.211,-0.595,0.601,Banana
1.11,-0.757,-0.955,-1.046,Grape
1.044,-0.272,-1.038,-1.643,Grape
-0.72,1.139,-0.948,-0.111,Banana
0.709,-1.25,-0.504,-0.372,Orange
0.586,-0.247,1.526,1.097,Watermelon
-1.012,1.639,-0.432,0.041,Banana
0.687,-1.064,-0.694,-0.558,Lemon
0.97,1.074,-0.224,0.203,Apple
0.718,1.338,-0.676,-0.217,Apple
0.965,-0.801,-0.711,-0.4,Lemon
1.578,-0.807,-0.802,-0.662,Grape
0.864,0.007,-0.274,-0.617,Grape
1.384,-1.205,-1.462,-1.03,Grape
0.77,-0.781,-1.297,0.017,Orange
0.938,0.81,0.367,-0.408,Apple
-1.566,1.16,-0.866,0.239,Banana
1.423,-0.926,-0.245,-0.387,Lemon
-0.555,0.884,-1.372,0.568,Banana
0.705,-0.722,-0.816,-0.332,Lemon
0.042,-1.168,-0.847,-0.326,Lemon
0.831,-1.48,0.801,1.209,Watermelon
1.046,-0.861,-0.706,-0.452,Grape
0.918,-1.808,-0.517,-0.55,Lemon
0.287,0.548,-0.02,-0.235,Apple
1.028,-1.228,0.079,-0.63,Orange
0.289,-1.111,-1.134,-0.809,Lemon
1.372,0.704,-0.027,-0.078,Apple
0.941,-1.497,1.022,0.261,Watermelon
-1.185,1.085,-0.696,0.247,Banana
0.787,-0.841,-1.164,-0.782,Grape
1.123,-1.008,-0.079,-0.2,Orange
-1.467,0.611,-0.789,-0.181,Banana
0.867,-0.64,-1.362,-1.584,Grape
0.589,-1.633,1.214,1.139,Watermelon
-1.266,0.521,-0.592,0.454,Banana
0.783,-0.585,-0.252,-0.089,Orange
0.635,-1.531,0.45,1.729,Watermelon
0.71,-0.977,-0.139,-0.207,Orange
0.546,-1.062,-0.432,-0.864,Lemon
0.446,-1.806,-1.252,-0.954,Lemon
0.899,-1.095,-0.356,-0.365,Lemon
-0.909,0.67,-0.974,0.389,Banana
1.77,-1.121,1.256,0.957,Watermelon
0.754,-0.296,-0.338,-0.908,Grape
0.761,-0.836,-0.202,0.576,Orange
1.26,-0.927,-0.554,-0.729,Grape
1.327,-0.844,1.353,1.154,Watermelon
0.911,-0.553,-1.041,-0.881,Grape
1.028,0.89,-0.364,-0.301,Apple
-0.023,-0.641,-0.478,-0.714,Lemon
1.207,-1.178,0.822,1.131,Watermelon
1.501,-0.902,-0.572,-0.323,Orange
0.897,-0.859,-0.264,-0.362,Lemon
1.27,-0.295,-0.773,0.643,Orange
1.328,1.919,-0.644,-0.166,Apple
1.056,-0.691,1.164,1.125,Watermelon
1.273,-0.637,-1.181,-0.841,Grape
-1.181,0.956,-1.504,0.32,Banana
0.675,0.988,-0.68,-0.307,Apple
0.915,-1.209,-0.927,-0.226,Lemon
1.32,1.148,-0.463,-0.52,Apple
0.884,-1.021,-0.904,-0.544,Orange
-0.562,1.073,-0.571,0.655,Banana
0.891,-1.104,0.038,0.066,Orange
0.946,-1.005,-0.55,-0.589,Lemon
-1.019,0.76,-1.026,0.244,Banana
0.839,1.277,-0.794,-0.182,Apple
0.677,-1.297,-0.567,-0.035,Orange
-1.79,1.059,-0.984,-0.04,Banana
1.064,-1.025,-1.015,-1.438,Grape
1.718,-0.699,-0.214,-0.534,Orange
-1.096,0.918,-0.915,0.439,Banana
1.079,1.12,-0.359,-0.18,Apple
0.777,-0.972,-0.353,-0.854,Grape
1.232,-1.096,0.244,-0.472,Lemon
1.401,1.011,-0.242,-0.34,Apple
0.828,1.343,-0.303,-0.009,Apple
1.316,-0.105,-0.853,-1.529,Grape
-1.112,0.991,-0.996,0.761,Banana
-0.602,0.949,-0.149,0.178,Banana
0.906,-1.382,-0.846,-0.613,Orange
1.355,1.26,-0.609,-0.265,Apple
1.282,0.288,0.32,0.068,Apple
1.284,-0.579,0.285,0.923,Watermelon
1.44,-0.602,-0.74,-0.493,Grape
1.246,-1.09,-0.099,-0.785,Orange
0.772,-0.738,-0.547,-0.093,Lemon
1.098,-0.549,-0.359,-1.335,Grape
1.087,-0.54,-0.304,-0.642,Lemon
1.12,0.718,-0.497,-0.254,Apple
0.691,0.918,-0.686,-0.071,Apple
-0.428,1.769,-1.362,-0.0,Banana
0.983,-0.712,-0.332,0.177,Orange
0.826,-1.579,-0.541,-0.894,Lemon
0.842,-1.104,-0.001,-0.171,Orange
0.876,-0.227,0.727,1.14,Watermelon
-0.727,1.098,-1.275,0.007,Banana
1.256,1.405,-0.279,-0.722,Apple
1.042,1.569,-0.613,-0.372,Apple
0.659,-0.58,-0.747,-0.292,Lemon
1.126,-1.48,-1.02,-0.494,Lemon
1.382,1.155,0.113,-0.857,Apple
1.16,0.042,0.203,0.155,Apple
0.924,-1.37,-1.034,-0.571,Grape
1.184,-0.314,0.935,1.749,Watermelon
0.331,0.773,-0.715,-0.004,Apple
0.614,-0.609,-0.022,-0.099,Orange
0.998,-0.931,-0.752,-1.141,Grape
1.305,-0.04,-1.072,-0.502,Grape
1.102,1.245,-0.727,-0.505,Apple
0.791,1.507,-0.387,-0.044,Apple
1.009,-0.689,-1.48,-1.633,Grape
0.917,0.937,-0.572,-0.214,Apple
-0.277,1.558,-0.97,0.342,Banana
-0.754,1.108,-0.754,0.418,Banana
1.054,-0.807,-0.857,-1.775,Grape
1.109,0.293,-0.191,-0.626,Apple
-0.536,1.048,-0.983,0.459,Banana
0.314,-0.591,-0.341,-0.676,Lemon
0.246,-1.131,-0.638,-0.88,Lemon
0.84,0.793,-0.371,-0.368,Apple
-0.829,1.011,-0.859,0.387,Banana
0.532,-0.761,-1.56,-0.626,Lemon
-1.2,1.042,-1.222,0.492,Banana
1.254,-1.484,-0.222,-0.648,Orange
0.768,-1.163,-0.881,-1.099,Lemon
0.968,0.595,-0.819,-0.235,Apple
-0.661,1.138,-1.501,0.252,Banana
1.238,-1.048,1.114,0.847,Watermelon
0.865,-1.231,-0.086,0.036,Orange
0.806,-0.336,-1.499,-1.06,Grape
0.526,-0.996,-1.478,-1.23,Grape
-0.783,0.973,-1.204,0.239,Banana
0.28,-0.8,0.213,0.752,Watermelon
0.972,-0.444,-0.916,-1.017,Grape
1.51,-0.295,1.002,0.965,Watermelon
0.944,-1.214,1.132,1.445,Watermelon
0.128,-1.059,0.221,-0.062,Orange
1.145,0.44,-0.054,0.053,Apple
-0.93,0.771,-0.845,-0.063,Banana
-1.41,1.281,-0.616,0.04,Banana
-1.408,0.693,-0.931,-0.107,Banana
1.449,-1.163,-0.172,-0.46,Orange
1.204,-0.767,0.413,0.762,Watermelon
0.945,-1.184,1.305,0.791,Watermelon
1.25,-0.83,-0.338,0.065,Orange
0.462,-1.022,0.729,0.963,Watermelon
-1.164,1.021,-0.997,0.349,Banana
1.062,1.201,-0.741,-0.122,Apple
0.471,-1.978,1.69,0.671,Watermelon
0.843,0.348,-0.459,-0.228,Apple
1.085,0.578,-0.455,-0.171,Apple
1.083,1.045,-0.034,-0.338,Apple
1.487,0.897,-0.057,-0.044,Apple
0.426,-0.446,-1.224,-1.353,Grape
0.851,-0.943,0.452,1.009,Watermelon
-1.076,1.363,-1.222,0.716,Banana
-0.865,0.988,-0.554,0.973,Banana
0.926,-0.859,-0.85,-1.498,Grape
0.145,-0.543,-0.4,-0.8,Lemon
1.697,-1.484,-0.383,-0.779,Lemon
1.623,0.814,-0.4,-0.933,Apple
1.729,-1.216,-0.132,-0.198,Orange
0.807,-1.78,-0.38,-0.295,Orange
1.112,-0.249,1.226,1.301,Watermelon
0.893,-1.46,-0.398,-0.457,Orange
0.982,0.827,-0.887,0.143,Apple
-1.049,0.884,-1.387,0.134,Banana
0.698,-1.018,-0.943,-1.164,Grape
1.262,-0.726,-0.96,-0.97,Grape
-0.865,0.706,-0.685,-0.113,Banana
0.615,-1.422,-0.642,-0.188,Lemon
1.194,-0.63,0.894,1.318,Watermelon
0.358,-1.16,-0.554,-0.202,Lemon
0.808,-0.357,-0.919,-0.882,Grape
-1.299,0.865,-1.033,0.418,Banana
0.717,0.548,-1.046,-0.039,Apple
-0.67,0.297,-0.974,0.168,Banana
1.426,-0.674,-0.809,-1.149,Grape
0.76,-0.731,1.377,0.556,Watermelon
-0.6,0.659,-1.816,0.304,Banana
-0.822,0.469,-1.694,0.127,Banana
-1.22,1.479,-0.996,0.557,Banana
-0.927,1.549,-1.312,0.269,Banana
0.451,1.284,0.09,0.005,Apple
0.956,0.479,-0.33,-0.537,Apple
1.323,0.851,-0.457,0.461,Apple
-0.72,1.377,-1.179,-0.085,Banana
-0.627,1.522,-1.45,0.119,Banana
0.28,-0.832,-0.22,-0.629,Lemon
-1.13,0.315,-1.334,0.828,Banana
1.172,-0.676,0.872,0.904,Watermelon
1.007,-0.887,0.182,-0.435,Orange
0.952,-1.278,0.311,1.322,Watermelon
1.612,-0.732,-0.219,0.449,Orange
0.761,-0.719,-0.551,-0.397,Lemon
-1.047,1.291,-1.382,0.447,Banana
0.701,-0.422,-0.162,-0.755,Grape
1.411,-0.684,-1.114,-0.246,Orange
1.157,-1.731,-0.399,-0.228,Orange
0.569,0.661,0.168,-1.553,Apple
1.095,1.407,-0.309,0.193,Apple
-1.15,0.683,-1.003,0.166,Banana
-1.2,0.937,-1.277,0.007,Banana
0.207,-0.854,-0.95,-0.935,Lemon
-1.376,1.072,-0.766,0.563,Banana
0.675,-0.813,-0.619,-0.341,Lemon
1.154,-1.255,-0.676,0.273,Orange
0.644,-0.632,-0.985,-0.642,Lemon
0.518,-0.774,-0.515,-0.394,Orange
1.685,1.233,-0.071,-0.721,Apple
0.35,1.34,-1.084,-0.476,Apple
0.716,-1.324,-0.454,-0.57,Orange
-1.426,1.089,-0.627,-0.308,Banana
1.068,1.189,-0.144,-0.377,Apple
0.791,1.266,-0.183,-0.963,Apple
-1.077,1.019,-1.383,0.215,Banana
1.172,-0.89,-0.918,-1.346,Grape
0.567,1.215,0.111,-0.714,Apple
1.334,-1.005,0.225,0.498,Watermelon
0.813,-1.568,-0.816,-0.528,Lemon
1.157,-0.935,1.549,0.714,Watermelon
1.035,1.158,-0.051,0.068,Apple
0.848,-0.772,-0.624,-0.227,Orange
1.175,1.341,-0.1,-0.268,Apple
0.972,-0.408,-0.234,-0.701,Grape
1.134,-1.079,-1.296,-1.113,Grape
1.319,0.672,-0.075,-0.258,Apple
0.724,-1.076,-0.809,-0.841,Lemon
1.214,-0.627,-1.377,-0.922,Grape
2.0,-0.671,-0.421,-1.905,Grape
0.905,-0.666,-0.295,-0.425,Orange
-1.009,1.345,-0.25,0.673,Banana
-1.177,0.918,-1.079,-0.004,Banana
0.946,0.904,-0.72,-0.007,Apple
1.147,0.776,-0.248,-0.638,Apple
0.807,-0.759,1.165,0.82,Watermelon
-0.891,0.974,-1.349,0.241,Banana
0.751,-0.893,-1.192,-0.442,Lemon
1.009,-1.264,-1.283,-0.828,Grape
1.485,-1.174,-0.657,-1.658,Grape
-0.511,0.916,-1.25,0.424,Banana
0.663,-0.819,0.957,-0.334,Watermelon
-1.284,1.067,-0.627,0.416,Banana
0.968,-1.313,-0.345,-0.239,Lemon
0.429,1.385,-0.185,-0.399,Apple
0.895,-0.963,-0.779,-0.894,Grape
1.204,-0.972,-0.228,-0.304,Orange
1.377,-0.788,-0.24,-0.247,Orange
0.381,0.305,-0.429,0.144,Apple
0.353,-1.233,-0.94,-0.952,Lemon
0.68,-0.902,-0.472,-0.388,Orange
0.781,1.083,-0.163,-0.954,Apple
0.334,-1.031,-0.446,-0.455,Lemon
1.288,-1.494,-0.155,0.518,Orange
0.617,-0.969,-0.418,-0.691,Lemon
0.669,1.02,-0.879,-0.161,Apple
0.798,-1.561,-0.543,-0.576,Lemon
1.517,-0.542,-0.005,0.224,Orange
0.872,1.091,-0.388,-0.649,Apple
-0.971,0.971,-1.071,0.279,Banana
1.021,1.311,-0.505,-0.748,Apple
-0.763,1.3,-0.875,-0.099,Banana
0.954,1.1,-0.674,-0.568,Apple
0.949,-0.186,-0.921,-1.2,Grape
0.929,-1.233,-0.444,0.053,Orange
0.328,-0.54,0.466,-0.143,Orange
-1.291,1.407,-0.903,0.116,Banana
0.66,-0.742,-0.933,-0.687,Grape
1.099,1.159,-0.417,-0.001,Apple
0.928,1.643,-0.528,-0.162,Apple
1.766,-0.635,1.261,1.104,Watermelon
1.018,-1.061,0.803,0.462,Watermelon
1.224,-1.538,1.228,0.892,Watermelon
0.266,-0.508,-1.107,-0.733,Lemon
0.4,-0.948,-0.814,0.012,Lemon
0.52,0.43,0.629,2.0,Watermelon
1.383,-1.039,1.079,0.867,Watermelon
1.121,-0.858,-0.752,-0.936,Grape
0.654,1.15,-0.172,-0.551,Apple
-1.15,1.179,-0.618,0.25,Banana
1.326,1.408,0.156,-0.154,Apple
-1.316,1.312,-1.067,0.477,Banana
-1.22,0.79,-1.245,-0.164,Banana
0.795,-1.362,-0.102,-0.573,Orange
0.366,-0.999,0.034,-0.742,Lemon
0.516,-1.059,-1.301,-1.23,Grape
-0.193,1.338,-1.11,0.948,Banana
0.786,0.856,-0.465,0.059,Apple
0.576,-0.472,-0.448,-0.182,Lemon
-0.036,-1.595,-1.183,-0.65,Lemon
0.461,-0.166,-1.07,-0.785,Grape
0.828,-0.711,0.312,0.983,Watermelon
-0.825,1.205,-1.111,-0.299,Banana
-0.646,0.863,-1.107,1.077,Banana
1.034,-1.182,0.797,1.226,Watermelon
-1.287,1.179,-0.615,0.269,Banana
-0.654,0.976,-1.241,-0.283,Banana
1.096,1.104,0.043,0.01,Apple
1.724,-1.203,-0.175,-0.441,Orange
1.326,-1.324,0.02,-0.458,Orange
-0.732,1.422,-1.544,-0.172,Banana
1.082,-0.955,0.898,0.833,Watermelon
0.301,-0.884,-0.938,-0.372,Lemon
0.799,0.852,0.126,0.034,Apple
-1.349,0.694,-0.728,-0.202,Banana
1.509,-0.553,-1.202,-0.996,Grape
1.476,-1.346,-0.641,-0.582,Grape
0.488,-1.025,-0.552,-0.243,Lemon
0.745,-1.005,0.965,1.238,Watermelon
1.936,0.743,-0.272,-0.566,Apple
0.429,-1.377,-1.136,-0.086,Lemon
1.125,-0.567,-1.306,-1.026,Grape
-1.405,0.99,-0.883,0.11,Banana
0.335,-1.172,-0.315,-0.429,Lemon
0.438,-0.747,-0.11,-0.135,Orange
1.576,-0.992,-0.149,-0.036,Orange
1.307,0.922,-0.526,0.041,Apple
1.322,-0.154,-0.855,-1.577,Grape
1.057,-0.988,1.43,1.37,Watermelon
1.214,0.274,-0.589,-0.427,Apple
0.881,-0.542,-0.482,-0.727,Grape
0.678,0.71,-0.622,-0.341,Apple
-0.718,1.337,-1.132,0.289,Banana
1.586,-1.52,1.223,1.185,Watermelon
0.896,0.994,-0.153,-0.403,Apple
0.777,-0.85,-0.348,-1.154,Grape
1.07,1.275,-0.374,-0.287,Apple
0.776,-1.297,-1.138,-0.756,Lemon
1.605,0.799,-0.254,-0.764,Apple
1.47,0.895,-0.459,-0.347,Apple
1.88,-0.845,0.945,-0.009,Watermelon
1.474,0.757,-0.598,-0.567,Apple
-0.487,0.985,-1.533,0.229,Banana
0.709,-0.474,-1.135,-1.549,Grape
0.971,-1.02,0.561,0.314,Watermelon
0.699,-1.098,-0.675,-0.239,Lemon
-1.679,1.021,-0.768,0.236,Banana
0.504,-1.231,-0.458,-0.753,Orange
1.13,-0.999,0.775,1.345,Watermelon
-1.183,1.518,-1.094,-0.034,Banana
0.276,-0.968,-0.975,-0.449,Lemon
-1.14,0.852,-1.015,0.652,Banana
0.81,1.064,-0.144,-0.723,Apple
0.783,-0.715,-0.262,-0.888,Lemon
0.636,0.981,-0.339,-0.293,Apple
0.875,-0.935,0.106,1.23,Watermelon
1.515,-1.194,-0.229,0.388,Orange
1.012,-0.893,0.345,0.513,Orange
-1.371,0.856,-0.687,0.474,Banana
-0.753,0.082,-1.684,0.924,Banana
1.271,1.124,-0.735,-0.445,Apple
1.199,-1.484,-0.547,-0.069,Orange
-0.794,0.817,-0.656,0.632,Banana
0.373,-0.427,0.108,-0.128,Orange
0.952,-0.724,-0.113,-0.295,Orange
-0.438,0.263,-1.233,0.457,Banana
0.982,-0.755,-0.788,-0.289,Orange
1.003,-1.523,-0.684,-0.686,Lemon
1.127,1.138,-0.266,-0.401,Apple
1.022,0.942,-0.311,0.21,Apple
0.179,-0.88,-0.93,0.184,Lemon
1.031,0.556,-0.381,-0.811,Apple
-1.222,1.216,-0.524,0.678,Banana
0.963,-0.8,-0.017,0.587,Orange
0.789,-0.472,-0.682,0.213,Orange
0.783,-1.239,-0.4,-0.472,Orange
1.149,-0.571,0.261,0.939,Watermelon
0.62,-0.683,1.497,0.939,Watermelon
0.754,-1.565,0.382,0.262,Orange
-0.092,-0.771,-0.989,-0.678,Lemon
0.563,-1.3,-1.016,-0.337,Grape
0.276,-0.688,-0.233,-0.247,Lemon
-0.301,1.334,-0.368,-0.101,Banana
1.261,-0.471,-0.57,-1.42,Orange
0.556,0.746,-0.104,-0.498,Apple
1.001,-1.212,-0.345,-0.223,Orange
0.779,-0.713,0.183,-0.602,Orange
1.076,-1.5,-0.913,0.163,Orange
1.703,-1.115,1.642,0.773,Watermelon
0.518,-0.416,-0.919,-0.179,Lemon
0.478,-1.252,-0.778,-1.259,Lemon
1.441,-0.921,0.948,0.757,Watermelon
1.109,-0.691,-0.396,0.137,Orange
1.096,0.967,0.019,-0.478,Apple
0.562,-0.619,-0.988,-1.078,Grape
1.016,-0.825,-0.64,-0.502,Lemon
1.028,-0.816,-0.282,-0.254,Orange
0.533,-0.848,-0.903,-0.934,Grape
0.08,-1.197,-0.925,-0.022,Lemon
1.088,-0.449,-1.023,-1.219,Grape
-1.156,1.172,-1.091,0.476,Banana
1.05,-0.497,-0.879,-1.184,Grape
0.891,-0.682,0.339,0.121,Orange
0.024,-1.265,1.04,0.616,Watermelon
0.599,-0.747,-0.879,-0.784,Grape
0.471,-1.155,-0.895,-0.323,Lemon
1.154,-0.683,-0.255,-0.659,Orange
0.878,-0.7,-0.907,-0.23,Orange
1.1,-0.299,-0.51,-0.243,Orange
1.591,-1.206,1.376,1.137,Watermelon
0.523,-0.842,-0.652,0.29,Lemon
0.277,-1.099,0.911,0.953,Watermelon
1.378,0.844,-0.128,-0.219,Apple
1.293,-1.048,1.113,0.957,Watermelon
0.655,-0.04,-1.267,-1.167,Grape
0.3,-0.859,-0.767,0.03,Lemon
1.187,0.903,-0.618,-0.339,Apple
1.182,0.984,-0.349,-0.657,Apple
1.785,-0.67,-1.481,-1.376,Grape
0.48,-0.319,-0.66,-0.631,Lemon
0.896,-0.679,-0.369,-0.43,Lemon
-1.387,0.737,-1.557,0.222,Banana
0.851,0.815,-0.202,-0.53,Apple
0.881,-0.77,-1.011,-0.872,Grape
-1.471,1.159,-0.908,0.447,Banana
1.047,-0.473,-1.145,-0.845,Grape
1.401,-1.173,0.839,1.221,Watermelon
0.406,-1.252,-0.452,-0.651,Lemon
1.428,0.837,-0.587,-0.302,Apple
1.152,-0.488,-0.811,-1.194,Grape
1.397,-1.179,-1.273,-0.987,Grape
-1.244,0.892,-1.344,0.227,Banana
1.162,-1.187,-0.608,-0.361,Orange
0.986,-0.617,-0.767,-0.322,Lemon
0.994,-0.551,1.067,0.929,Watermelon
1.56,-0.923,-0.888,-0.522,Grape
-0.767,0.733,-1.286,-0.193,Banana
1.519,0.603,-0.05,-0.799,Apple
1.895,0.526,-0.285,0.124,Apple
0.754,-0.403,-1.099,-0.864,Grape
0.978,-1.15,-0.076,-0.377,Lemon
1.682,-1.291,-0.525,-0.281,Orange
-1.424,1.324,-1.027,-0.101,Banana
0.712,-1.304,0.023,-0.04,Orange
0.954,0.872,-0.384,0.323,Apple
0.918,-0.3,-1.115,-0.411,Grape
0.573,-0.318,-1.266,-0.225,Grape
1.244,-1.596,-0.626,0.04,Orange
0.83,-0.796,-0.545,-0.612,Lemon
1.38,-1.302,1.019,0.783,Watermelon
0.755,-1.161,0.743,1.192,Watermelon
0.483,-0.849,0.778,1.011,Watermelon
0.542,-1.175,-0.175,-0.63,Lemon
-0.754,1.251,-1.095,-0.14,Banana
0.691,1.448,-0.128,-0.251,Apple
0.802,0.006,-1.304,-0.951,Grape
1.176,-1.057,-1.265,-1.16,Grape
0.902,-1.153,-1.103,-1.036,Lemon
0.732,-1.522,1.269,1.283,Watermelon
1.002,-1.092,-0.04,0.045,Orange
0.655,0.703,-0.053,-0.205,Apple
1.213,-0.913,-1.263,-0.838,Grape
0.761,0.468,-0.533,-0.372,Apple
1.595,0.707,-0.322,0.415,Apple
-1.383,1.231,-1.249,0.441,Banana
1.817,-0.723,1.053,0.667,Watermelon
0.939,-1.198,-0.808,-0.945,Orange
-1.291,0.989,-0.608,0.042,Banana
1.067,0.405,-0.58,-1.157,Apple
1.782,-0.531,-0.942,-0.813,Grape
1.886,0.848,-0.643,0.4,Apple
0.569,1.454,-0.326,-0.148,Apple
0.497,-0.092,0.866,0.755,Watermelon
1.192,0.774,-0.151,-0.741,Apple
1.051,-1.211,-0.574,-0.529,Orange
1.31,-1.123,0.936,1.149,Watermelon
-0.601,0.677,-0.923,-0.018,Banana
0.927,-0.227,-1.821,-1.323,Grape
0.519,-0.867,-0.173,-1.094,Lemon
1.495,1.182,-0.384,-0.814,Apple
0.4,-0.641,-0.591,-0.563,Lemon
-1.34,1.257,-1.052,0.217,Banana
-1.033,0.774,-1.285,-0.232,Banana
0.383,-1.63,-0.43,-0.734,Lemon
-1.137,0.987,-1.281,-0.111,Banana
1.078,1.661,0.019,0.148,Apple
-1.454,0.933,-1.069,0.8,Banana
-0.679,0.943,-1.801,-0.106,Banana
1.222,-1.112,-0.339,0.015,Orange
1.396,-1.273,-0.093,0.364,Orange
1.1,-1.186,-0.497,-0.237,Lemon
0.607,-1.087,-1.206,-0.803,Lemon
0.757,0.559,-0.262,0.003,Apple
0.853,0.229,-0.341,-0.204,Apple
1.072,-1.252,0.578,1.31,Watermelon
-0.877,0.762,-1.525,0.378,Banana
0.686,-0.866,1.055,1.727,Watermelon
0.573,-0.3,-0.571,-0.733,Lemon
-1.369,0.693,-0.85,0.345,Banana
0.356,-0.643,0.217,-0.847,Orange
0.954,-0.411,-1.229,-0.664,Lemon
0.703,-0.259,-1.145,-1.159,Grape
1.147,1.546,-0.322,-0.465,Apple
0.9,-0.77,0.534,0.994,Watermelon
0.672,0.579,-0.981,-0.48,Apple
1.378,0.306,-0.11,-0.527,Apple
-1.372,1.12,-0.541,0.824,Banana
1.099,-0.625,-0.863,-0.133,Grape
0.498,-0.603,-0.807,-0.791,Lemon
-0.381,1.001,-0.921,0.491,Banana
-1.312,0.847,-1.225,0.416,Banana
-0.872,0.79,-0.29,0.29,Banana
0.636,-0.53,-0.906,-0.682,Lemon
1.1,-1.516,0.917,1.718,Watermelon
1.24,-0.686,-0.186,-0.327,Lemon
0.849,-0.025,-1.332,-0.661,Grape
0.822,-1.157,-0.111,0.512,Orange
1.5,1.119,-0.278,-0.026,Apple
1.078,-1.616,-0.644,-0.868,Lemon
0.923,-1.04,-1.632,-1.462,Grape
-1.194,1.205,-1.285,-0.003,Banana
1.139,-0.9,1.596,1.327,Watermelon
0.641,0.765,-0.039,-0.61,Apple
0.886,-1.599,0.543,1.441,Watermelon
1.059,-1.22,0.829,1.6,Watermelon
0.37,-0.834,-0.295,0.006,Lemon
0.702,-1.49,-0.686,0.056,Orange
1.697,1.268,-0.531,0.116,Apple
-1.164,0.709,-1.116,0.097,Banana
0.754,-0.572,0.819,0.444,Watermelon
1.205,-1.334,0.677,1.245,Watermelon
0.746,-1.158,-0.285,-0.3,Orange
0.85,-1.82,0.939,1.565,Watermelon
1.22,-1.131,-0.135,0.02,Orange
-1.295,1.44,-0.943,0.191,Banana
1.557,0.276,-0.712,-0.075,Apple
1.236,1.576,-1.09,0.001,Apple
-1.436,1.147,-1.023,0.597,Banana
0.918,-0.646,-0.59,-0.229,Orange
1.067,-0.413,1.292,1.072,Watermelon
-0.776,1.38,-0.869,-0.059,Banana
0.82,-1.01,-0.724,-0.775,Lemon
0.803,-0.821,-0.934,-0.887,Lemon
1.662,-0.699,-0.27,0.012,Orange
0.436,-1.06,-0.592,-0.162,Lemon
0.505,0.643,-0.729,-0.001,Apple
0.965,-1.321,0.922,0.779,Watermelon
0.098,-0.559,-0.652,-0.051,Lemon
0.493,-0.824,-0.805,0.656,Orange
0.395,1.629,-0.307,-0.364,Apple
1.206,0.672,-0.025,0.0,Apple
-0.996,1.088,-0.325,0.528,Banana
0.726,-0.337,-1.188,-1.256,Grape
1.179,0.647,-0.284,-0.064,Apple
1.668,-0.777,-0.814,-0.66,Orange
-0.396,0.778,-1.531,-0.052,Banana
1.278,-0.561,-0.773,-1.012,Grape
-1.386,0.374,-1.292,0.343,Banana
0.586,-0.656,0.65,0.422,Watermelon
0.6,-0.734,-0.078,-1.064,Lemon
-0.502,1.065,-1.217,0.538,Banana
1.474,0.412,-0.451,-0.491,Apple
1.219,-0.089,-0.974,-1.102,Grape
0.756,-1.082,-1.359,-0.319,Lemon
1.345,1.376,-0.705,-0.087,Apple
1.536,0.286,-0.832,-0.656,Grape
0.253,-1.393,-0.254,-1.213,Lemon
0.654,-0.499,-0.351,-0.253,Lemon
0.983,-1.143,1.754,1.432,Watermelon
1.296,-0.59,-1.204,-0.622,Grape
-1.107,1.028,-0.785,0.373,Banana
1.142,-1.462,-0.576,0.248,Lemon
1.314,-1.069,1.28,0.983,Watermelon
-0.487,1.287,-1.303,0.383,Banana
-0.853,1.164,-0.888,0.498,Banana
1.147,0.748,-0.46,-0.389,Apple
1.033,-1.088,1.386,0.664,Watermelon
0.393,-0.312,0.714,1.385,Watermelon
1.213,0.726,-0.347,-0.399,Apple
0.725,-1.269,-0.662,-0.513,Lemon
1.386,0.856,-0.641,-0.491,Apple
1.128,-1.62,0.119,-0.193,Orange
1.152,1.077,-0.534,-0.679,Apple
0.755,0.473,-0.178,-0.357,Apple
0.463,-1.216,-0.072,0.253,Orange
0.551,1.756,-0.636,-0.897,Apple
1.615,-1.364,1.533,0.767,Watermelon
-1.103,0.543,-0.553,0.699,Banana
0.769,-0.626,-0.768,-1.165,Grape
1.477,-1.037,-0.482,-0.754,Orange
0.547,-0.794,1.082,1.285,Watermelon
0.803,-1.574,0.826,1.713,Watermelon
0.262,-1.013,-1.445,-0.682,Lemon
-1.145,1.116,-1.111,-0.232,Banana
0.768,-1.071,0.651,0.702,Watermelon
1.352,-0.819,-0.846,-1.062,Grape
0.57,0.883,-0.198,0.308,Apple
0.73,-1.03,0.018,0.241,Orange
0.373,-1.055,-0.211,-0.321,Lemon
-0.638,1.41,-0.806,0.35,Banana
0.765,0.915,-0.362,0.12,Apple
1.062,-0.535,-1.348,-0.578,Grape
0.731,0.9,0.158,0.01,Apple
-1.297,0.622,-1.071,0.098,Banana
0.486,-0.864,-1.962,-0.684,Grape
1.294,-0.107,-0.876,-1.157,Grape
1.358,-1.246,0.536,0.948,Watermelon
1.144,-1.284,0.633,0.854,Watermelon
1.144,-0.651,-0.077,-1.048,Grape
1.263,-1.507,1.205,0.838,Watermelon
0.597,-0.41,-0.73,-0.958,Lemon
0.597,-0.939,1.042,1.027,Watermelon
0.15,-0.291,-0.087,-0.454,Lemon
0.468,-0.045,-0.602,-0.964,Grape
1.42,-1.173,-0.636,-0.145,Orange
-1.543,0.611,-0.81,0.384,Banana
0.516,-1.143,-0.768,-0.371,Orange
0.791,-0.253,-1.055,-1.085,Grape
0.863,-1.202,-1.035,-0.831,Grape
-0.919,1.242,-0.741,1.069,Banana
0.605,1.082,-0.179,-0.412,Apple
0.379,-0.825,-0.459,-0.869,Lemon
-1.629,0.828,-1.236,0.511,Banana
0.677,-0.662,-1.597,-1.543,Grape
-1.269,0.912,-1.287,0.35,Banana
0.005,-1.075,-0.671,-1.007,Lemon
-0.92,0.241,-1.24,0.576,Banana
-1.779,1.235,-1.408,0.093,Banana
1.492,-1.219,0.265,-0.307,Orange
0.97,-0.705,-0.11,-0.146,Orange
-1.162,0.457,-1.526,0.76,Banana
1.595,1.045,-0.921,-0.57,Apple
0.712,-1.195,0.69,1.182,Watermelon
0.687,-0.447,-0.736,-0.43,Lemon
1.259,-0.642,0.568,1.142,Watermelon
1.051,-0.894,-0.279,0.4,Orange
0.288,-1.333,-0.887,-0.602,Lemon
1.103,-1.16,1.352,0.999,Watermelon
0.966,-1.466,1.637,0.983,Watermelon
1.573,-0.818,-0.709,-1.197,Grape
1.637,-0.608,1.297,0.746,Watermelon
1.267,-0.287,-0.733,-0.443,Lemon
1.324,-1.69,0.101,0.158,Orange
0.403,-1.767,-0.483,-0.897,Lemon
-1.556,1.13,-0.539,0.223,Banana
1.415,-0.768,0.519,0.806,Watermelon
0.978,-1.197,-0.313,-0.644,Lemon
1.252,-0.45,-1.087,-0.757,Grape
-0.156,-1.38,-0.762,-0.09,Lemon
-1.506,0.988,-0.889,0.387,Banana
0.965,-1.217,-0.386,0.141,Orange
0.759,0.244,-0.137,0.224,Apple
0.632,-0.524,-0.118,-0.605,Orange
-1.246,0.738,-0.941,0.237,Banana
1.387,-0.703,-0.841,-0.697,Orange
1.215,0.82,-0.361,-0.109,Apple
1.3,-1.432,0.222,0.96,Watermelon
0.701,-0.977,-0.331,-0.541,Orange
-0.27,1.006,-1.201,0.336,Banana
1.185,-1.221,1.812,0.467,Watermelon
0.491,-1.56,1.001,1.166,Watermelon
0.884,-0.836,-0.14,-0.326,Orange
1.15,-1.069,0.857,0.826,Watermelon
1.082,-0.574,-0.722,-0.368,Orange
1.057,1.615,-0.149,-0.584,Apple
0.277,-0.655,-0.71,-0.931,Lemon
1.355,-0.892,0.582,0.531,Watermelon
0.241,-1.218,-0.193,0.136,Orange
1.149,-1.457,0.901,1.5,Watermelon
0.821,-0.731,-0.074,0.066,Orange
1.151,-0.735,-0.819,0.33,Orange
0.368,-0.491,-1.017,-1.219,Grape
0.659,-0.808,-0.02,-0.236,Orange
0.499,-0.552,-0.748,-0.515,Lemon
0.929,-0.135,0.706,1.291,Watermelon
0.405,-1.335,0.892,0.954,Watermelon
0.904,-1.035,0.759,1.451,Watermelon
0.65,-0.739,-0.063,-0.532,Orange
-1.128,0.999,-0.414,0.171,Banana
2.0,-0.731,1.12,1.309,Watermelon
-1.602,1.41,-1.463,0.604,Banana
0.393,-1.28,0.02,-0.535,Lemon
0.464,-0.259,-1.427,-0.524,Grape
0.994,-1.446,1.287,1.182,Watermelon
-0.143,-1.022,-0.495,-0.416,Lemon
-1.065,1.261,-0.801,0.311,Banana
0.917,-0.948,-0.511,-0.558,Orange
-1.393,0.965,-1.3,0.244,Banana
1.466,-1.072,-0.252,-0.28,Orange
1.457,-0.02,-1.164,-0.745,Grape
1.732,-1.006,-0.657,-1.609,Grape
1.01,0.951,-0.897,0.081,Apple
1.052,0.675,-0.185,0.016,Apple
0.381,-1.702,-1.015,-1.269,Grape
-0.532,0.87,-0.892,0.235,Banana
0.459,-0.989,-0.764,-0.681,Orange
0.616,-1.415,0.926,0.863,Watermelon
1.099,-1.151,-1.088,-1.168,Grape
1.07,-0.913,-0.245,-0.547,Orange
1.009,0.82,0.16,-0.261,Apple
1.028,0.552,-0.507,-0.209,Apple
-1.028,0.969,-1.614,0.015,Banana
0.904,-0.579,0.338,0.635,Watermelon
-0.064,-0.886,-0.185,-0.374,Lemon
-0.798,0.639,-0.871,0.03,Banana
1.021,-0.824,0.898,1.287,Watermelon
-1.057,1.096,-0.338,0.474,Banana
0.338,-1.168,-0.294,-0.135,Lemon
-1.013,0.466,-1.333,0.363,Banana
0.803,-0.648,-1.311,-0.195,Lemon
1.499,-1.838,-0.302,0.065,Orange
0.106,-1.175,-0.404,-0.683,Lemon
0.873,1.077,-0.709,-0.673,Apple
1.164,-0.668,1.139,1.476,Watermelon
1.147,1.646,-0.277,-0.212,Apple
1.141,-1.22,-0.572,-0.515,Orange
-1.195,1.725,-0.362,0.185,Banana
0.853,0.249,-0.648,-0.583,Apple
0.846,-1.199,1.075,1.271,Watermelon
0.745,-0.097,-0.879,-0.689,Grape
0.846,-0.409,-0.841,-0.486,Grape
1.228,-0.701,0.815,1.419,Watermelon
0.553,-1.201,-0.202,-0.603,Orange
0.677,0.677,-0.167,-0.356,Apple
1.337,-0.342,1.095,0.821,Watermelon
1.129,-1.313,-0.322,0.662,Orange
-1.071,1.106,-1.057,0.157,Banana
1.168,-1.445,0.942,0.525,Watermelon
1.541,-0.254,-1.269,-1.65,Grape
1.172,-1.015,0.485,0.291,Orange
1.222,-0.785,-1.092,-0.894,Grape
1.124,0.752,-0.777,0.375,Apple
0.612,-0.852,-0.9,-0.022,Lemon
0.964,-0.979,-0.526,-0.4,Lemon
1.034,1.195,-0.168,-0.362,Apple
0.591,-1.009,-0.037,0.035,Orange
1.459,-0.504,-0.054,-0.134,Orange
1.12,-0.801,-0.72,-0.537,Grape
1.365,-0.805,-0.384,-0.325,Orange
0.944,0.744,-0.204,-1.279,Apple
-1.189,1.024,-0.124,0.302,Banana
0.614,-1.292,0.002,-0.785,Lemon
1.711,0.741,0.03,-0.32,Apple
-1.197,1.353,-0.535,0.235,Banana
0.992,0.856,-0.222,-0.683,Apple
0.057,-1.655,-0.377,-0.574,Orange
0.959,-1.179,0.753,0.773,Watermelon
0.939,-0.918,-0.052,-0.464,Lemon
-0.068,-1.365,-0.56,-0.415,Lemon
0.395,-1.279,-0.813,-0.551,Lemon
0.983,-1.384,-0.214,-0.117,Orange
-1.038,0.758,-0.765,0.763,Banana
0.843,-1.22,1.163,0.59,Watermelon
0.553,-0.827,-0.892,-1.308,Grape
-1.007,0.297,-0.784,0.804,Banana
0.282,-0.845,-0.673,-0.463,Lemon
0.514,-1.106,-0.892,-0.883,Lemon
1.385,-1.588,0.993,0.978,Watermelon
0.584,-0.767,-0.73,-0.271,Lemon
1.695,-1.053,0.289,0.95,Watermelon
0.916,-0.859,-0.998,-0.086,Orange
0.853,-0.719,-0.481,0.104,Orange
0.071,-0.994,-0.94,-0.671,Lemon
1.952,0.668,-0.43,-0.7,Apple
0.493,-1.052,-0.857,0.052,Lemon
1.404,0.669,-0.014,-0.468,Apple
0.57,-0.851,-1.44,-0.671,Grape
0.293,-0.549,-0.551,-0.641,Lemon
0.424,-0.387,-0.596,-0.677,Lemon
1.299,-0.795,-0.646,-0.198,Orange
0.367,-1.012,-0.19,-0.043,Orange
0.25,-1.258,-0.513,-0.062,Lemon
1.032,-0.795,-0.66,-0.955,Grape
0.663,-0.721,-0.634,-0.827,Lemon
0.946,1.389,0.362,-0.727,Apple
1.173,-1.128,-0.593,0.095,Lemon
0.857,-0.696,-1.225,-0.987,Grape
1.109,-0.84,-0.492,-1.262,Grape
-0.826,1.009,-0.565,0.019,Banana
1.2,1.847,-0.805,-0.615,Apple
1.729,-0.647,-0.96,-1.116,Grape
1.579,-1.165,-0.567,-1.517,Grape
0.052,-1.38,-0.645,-0.75,Lemon
-1.271,0.675,-1.319,-0.026,Banana
-0.918,0.777,-1.933,0.287,Banana
0.862,-1.098,-1.041,-0.239,Lemon
0.12,-1.112,-0.608,-0.122,Lemon
-0.798,1.083,-0.674,-0.105,Banana
1.553,-2.0,0.2,-0.494,Orange
0.733,-0.493,-0.404,-0.37,Lemon
-0.697,0.482,-1.465,0.395,Banana
0.931,-0.709,-0.567,-0.597,Grape
0.678,-0.845,0.452,0.444,Watermelon
-1.312,0.981,-1.229,0.458,Banana
0.995,-0.21,-0.809,-1.363,Grape
1.315,0.698,-0.156,-0.472,Apple
1.463,1.256,-0.542,-0.435,Apple
1.744,-1.441,-0.852,-0.735,Lemon
-1.406,0.631,-1.038,0.467,Banana
0.442,0.824,-0.581,-0.71,Apple
1.349,0.732,-0.779,0.008,Apple
1.438,-0.517,-1.329,-1.097,Grape
-1.229,0.983,-0.749,0.291,Banana
0.999,0.82,-0.067,-0.171,Apple
0.357,-1.624,-0.416,0.14,Orange
1.408,1.267,-0.353,0.213,Apple
0.347,-1.119,-1.097,-0.621,Lemon
0.698,-0.462,0.169,-0.178,Orange
1.163,-0.811,-1.888,-1.267,Grape
0.862,-0.847,-0.737,-0.241,Lemon
0.835,-1.0,-0.741,-1.214,Grape
0.959,-1.699,-0.799,-0.291,Lemon
1.173,0.923,-0.199,-0.251,Apple
-1.521,0.873,-0.92,0.477,Banana
0.577,-1.193,-1.067,-0.237,Lemon
1.225,1.346,-0.677,-0.257,Apple
-1.242,1.016,0.017,0.616,Banana
-1.264,0.912,-1.127,0.343,Banana
-1.533,1.113,-1.741,-0.285,Banana
1.301,-1.126,-0.101,-0.784,Lemon
0.264,-1.368,1.941,0.506,Watermelon
1.622,-0.479,-0.958,-1.262,Grape
0.685,1.197,0.162,-0.231,Apple
1.259,-1.149,1.761,1.084,Watermelon
1.712,0.662,-0.316,0.075,Apple
1.05,-0.419,-1.342,-1.142,Grape
0.694,-0.63,-1.066,-1.185,Grape
1.221,0.627,-1.052,-0.5,Apple
1.753,-0.822,-0.596,-0.044,Orange
0.953,-0.864,1.308,1.068,Watermelon
1.042,-0.48,1.189,1.068,Watermelon
1.015,-1.198,-0.736,0.035,Orange
1.447,1.15,-0.102,-0.61,Apple
0.791,-1.449,0.913,1.344,Watermelon
0.356,-1.026,-0.354,-0.077,Lemon
0.424,0.833,-0.558,-0.607,Apple
-1.134,0.318,-1.129,0.312,Banana
0.235,-1.169,-0.593,-0.458,Lemon
-1.572,1.245,-0.746,0.04,Banana
1.187,-0.84,-0.491,-0.261,Lemon
-1.362,0.876,-0.784,0.021,Banana
0.877,-0.79,-0.192,-0.193,Orange
1.022,-1.061,-0.002,0.532,Orange
0.702,-0.551,-0.753,-0.739,Lemon
-1.276,0.679,-1.103,0.61,Banana
0.951,-1.178,-0.713,-0.501,Lemon
1.082,-0.795,-0.44,-0.27,Orange
-0.526,0.902,-1.201,0.27,Banana
1.027,0.461,-0.455,-0.153,Apple
1.702,-0.785,-0.732,-0.937,Grape
1.406,-1.217,0.086,0.291,Orange
1.506,-0.5,1.067,1.205,Watermelon
0.853,-1.778,-0.21,-0.256,Orange
1.337,1.302,-0.672,0.519,Apple
1.136,-1.449,0.6,0.238,Watermelon
1.267,-1.184,0.706,0.775,Watermelon
0.495,-0.799,-1.176,-0.874,Lemon
1.163,-1.208,1.204,0.826,Watermelon
1.551,-0.927,0.129,-0.019,Orange
1.202,-0.863,-0.591,-0.924,Grape
-1.334,0.262,-0.951,0.828,Banana
0.682,-1.329,-0.411,0.185,Orange
0.357,-1.228,0.648,1.197,Watermelon
0.95,-0.721,-1.063,-0.725,Grape
1.393,1.359,-0.099,0.184,Apple
0.274,-0.864,0.222,-1.143,Lemon
0.413,-1.363,-0.499,0.003,Lemon
1.188,-1.076,-0.109,-0.301,Orange
1.068,-0.783,1.613,1.157,Watermelon
1.076,-0.288,-0.985,-0.232,Orange
0.741,-1.083,1.211,1.343,Watermelon
0.818,1.234,-0.614,-0.748,Apple
1.025,-1.076,1.522,1.745,Watermelon
0.387,-1.634,-1.079,-0.792,Lemon
1.073,0.909,-0.74,0.325,Apple
-0.768,1.616,-1.63,0.745,Banana
0.548,-1.137,-0.591,-0.745,Lemon
0.95,-0.269,-1.687,-0.476,Grape
1.137,-1.039,0.027,-0.073,Orange
0.832,-1.27,1.525,0.482,Watermelon
0.931,-1.494,-0.129,-0.234,Orange
0.563,0.696,-0.284,-0.2,Apple
0.322,-0.847,-0.944,-0.577,Grape
-0.706,0.841,-0.65,0.19,Banana
-0.093,-0.096,-0.84,-0.934,Grape
-0.997,1.106,-0.997,0.199,Banana
-1.229,1.027,-1.308,-0.1,Banana
1.094,-0.657,-0.579,-0.418,Orange
0.406,-1.461,0.553,1.341,Watermelon
0.392,-0.839,-0.393,0.012,Orange
1.408,-1.01,0.097,0.342,Orange
-0.529,0.765,-1.689,0.256,Banana
1.062,-1.284,-0.979,-1.9,Grape
-0.459,1.167,-1.286,0.344,Banana
1.088,-0.431,-0.976,-0.669,Grape
0.556,-0.645,-0.375,-1.123,Grape
1.084,0.652,0.455,-0.2,Apple
-1.441,1.382,-1.376,0.539,Banana
1.36,0.109,-0.922,-0.983,Grape
-1.709,0.84,-1.25,0.237,Banana
-1.182,1.275,-1.196,0.466,Banana
0.56,-1.218,-0.85,-0.418,Lemon
1.48,-1.256,-0.283,-0.031,Orange
0.993,-1.216,-0.832,-1.527,Grape
0.478,-1.457,0.943,0.663,Watermelon
0.498,1.133,-0.309,-0.035,Apple
0.345,-1.022,-0.32,-0.96,Lemon
0.768,-0.253,-0.993,-1.053,Grape
0.986,1.428,-0.308,-0.284,Apple
0.594,-1.566,-0.424,-0.787,Lemon
-1.442,0.389,-1.539,-0.494,Banana
0.641,-1.152,0.071,-0.179,Orange
1.089,-0.552,0.002,1.137,Watermelon
1.11,-0.312,-1.629,-1.201,Grape
0.674,-1.051,-0.191,-1.198,Grape
1.325,-0.353,-1.504,-1.184,Grape
1.021,-0.462,-0.884,-0.386,Grape
1.319,-0.77,1.339,1.473,Watermelon
0.782,0.447,-0.512,-0.781,Apple
0.656,-0.565,-1.194,-0.773,Grape
-0.894,1.128,-1.443,-0.007,Banana
0.332,-0.801,0.373,-0.137,Orange
0.694,-1.186,-0.676,-0.054,Lemon
1.032,-0.776,0.155,0.185,Orange
1.011,-0.563,-1.135,-0.825,Grape
0.855,1.123,0.063,-0.89,Apple
0.35,0.984,-0.066,-0.2,Apple
0.576,1.315,0.368,-0.604,Apple
0.746,1.009,-0.344,0.121,Apple
1.099,-0.702,-1.206,-1.535,Grape
1.079,-0.78,-0.632,-0.462,Lemon
-1.038,0.382,-1.497,0.229,Banana
0.523,-1.004,-0.006,-0.6,Lemon
0.733,1.019,-0.789,-0.246,Apple
0.746,1.079,-0.363,-0.35,Apple
-0.781,1.257,-0.288,0.543,Banana
0.914,-1.221,-0.179,0.312,Orange
1.3,0.751,-0.142,-0.222,Apple
1.367,-0.895,-0.208,-0.613,Orange
-0.723,0.513,-0.969,0.107,Banana
0.787,-0.396,-1.001,-1.838,Grape
0.931,-1.136,0.14,-0.635,Orange
1.671,1.3,-0.397,-0.447,Apple
0.777,-0.888,0.724,0.959,Watermelon
0.62,-0.751,1.059,0.836,Watermelon
0.515,-1.243,-0.49,-0.939,Lemon
1.316,-0.939,0.843,1.206,Watermelon
1.136,-0.966,-0.542,-1.874,Grape
0.981,-1.057,-0.253,0.004,Lemon
0.85,-1.133,-0.19,-0.597,Orange
0.484,-1.146,-1.015,-0.664,Lemon
1.264,-0.762,-0.362,-0.178,Orange
0.494,-1.616,-0.956,-0.164,Lemon
-0.581,0.7,-0.608,-0.12,Banana
0.819,-1.042,-0.396,-0.442,Orange
1.044,-0.728,-0.809,-0.156,Orange
1.338,-0.744,-1.191,-1.298,Grape
1.7,-0.477,0.897,1.413,Watermelon
0.816,-0.654,-1.371,-1.645,Grape
0.797,-1.149,1.149,1.229,Watermelon
-1.043,0.653,-1.23,0.857,Banana
1.22,1.498,0.322,-0.53,Apple
1.287,-1.316,1.362,1.29,Watermelon
0.26,-0.859,-0.6,-0.319,Orange
0.369,-0.682,-0.839,-0.948,Lemon
0.717,-0.675,-0.856,-0.581,Grape
1.18,-0.796,1.258,1.286,Watermelon
1.362,1.877,-0.02,-0.2,Apple
0.837,1.108,0.104,-0.726,Apple
1.441,-1.149,0.919,1.183,Watermelon
0.816,1.161,-0.703,0.007,Apple
1.069,0.999,-0.204,-0.307,Apple
1.155,-0.673,-1.102,-1.619,Grape
-0.522,0.593,-0.435,0.215,Banana
-0.574,1.365,-0.663,0.316,Banana
0.582,-0.664,-1.11,-1.036,Grape
0.57,-0.7,-2.0,-1.105,Grape
1.044,-1.274,0.905,1.057,Watermelon
-0.646,1.369,-0.893,0.29,Banana
1.124,1.63,-0.124,-0.209,Apple
1.376,-0.583,-1.299,-0.839,Grape
-0.94,0.923,-0.81,-0.334,Banana
-1.189,0.692,-1.271,0.246,Banana
0.681,-0.013,-0.842,-1.278,Grape
0.391,-0.804,-1.115,-1.222,Grape
1.49,-1.579,-0.582,-0.545,Lemon
0.913,-1.279,-1.015,-0.937,Grape
0.848,-0.831,-0.174,-1.216,Lemon
-1.082,1.877,-0.629,-0.209,Banana
-0.969,0.633,-1.151,1.0,Banana
-0.665,0.468,-1.268,0.3,Banana
0.907,-0.89,0.729,0.872,Watermelon
0.725,-0.729,-0.754,-0.896,Grape
0.755,1.396,0.072,-0.3,Apple
0.91,-0.383,1.562,0.47,Watermelon
-0.582,1.603,-0.77,0.137,Banana
-1.121,1.599,-0.708,0.492,Banana
1.816,-1.353,-0.332,-0.134,Orange
0.926,-1.644,0.051,-0.463,Orange
-1.269,0.874,-1.081,0.257,Banana
0.937,-0.591,-0.691,-0.709,Lemon
-1.045,0.687,-1.01,-0.031,Banana
1.745,1.045,-0.488,-0.053,Apple
0.569,-1.249,-0.152,-0.153,Orange
1.367,-1.955,-0.014,-0.39,Orange
0.59,-1.203,-1.194,-0.444,Grape
0.939,-0.428,-0.64,-0.463,Lemon
0.447,-1.553,0.949,0.518,Watermelon
0.7,-0.985,0.145,-0.197,Orange
0.524,-1.638,1.042,0.78,Watermelon
1.041,-1.071,-0.325,0.221,Orange
1.369,1.129,-0.613,-0.493,Apple
1.267,-0.545,-0.746,0.335,Orange
-1.273,1.234,-0.02,-0.256,Banana
-0.823,0.89,-0.843,0.083,Banana
-1.868,0.736,-0.879,0.772,Banana
-0.858,1.515,-1.173,0.099,Banana
1.12,-1.131,0.093,-0.692,Orange
1.302,-0.177,-0.872,-0.681,Grape
0.773,-1.291,1.123,0.747,Watermelon
1.105,-0.894,0.976,1.099,Watermelon
1.222,0.965,-0.467,-0.012,Apple
1.096,-0.442,-0.796,-0.948,Grape
-1.12,0.784,-1.031,0.469,Banana
-0.815,1.05,-0.877,-0.087,Banana
0.837,1.235,-0.592,-0.251,Apple
1.018,-1.04,-0.062,-0.12,Orange
0.581,-0.419,-1.177,-1.477,Grape
1.26,-1.415,0.876,1.103,Watermelon
0.974,-1.218,0.652,0.734,Watermelon
0.623,0.956,-0.491,-0.783,Apple
0.899,-1.225,-0.206,-0.073,Orange
1.47,-0.373,-1.381,-1.761,Grape
0.468,0.824,-0.863,-0.516,Apple
1.011,-1.197,-0.202,-0.413,Orange
0.733,-0.402,0.988,1.039,Watermelon
1.295,-0.693,0.872,1.366,Watermelon
0.843,-0.244,-1.432,-1.107,Grape
-0.922,1.126,-1.295,-0.277,Banana
1.161,0.928,-0.437,0.279,Apple
0.897,-0.781,-1.63,-1.379,Grape
0.907,-1.254,-0.38,-0.952,Lemon
-1.304,0.687,-0.833,0.226,Banana
0.611,-0.75,1.173,1.119,Watermelon
1.103,-0.899,-0.559,-1.035,Grape
1.094,-0.466,-1.331,-0.336,Grape
-1.009,1.012,-1.144,0.702,Banana
1.417,1.055,-0.813,-0.358,Apple
-1.023,0.842,-1.344,-0.244,Banana
1.515,-0.34,-0.988,-1.227,Grape
1.126,-0.529,-1.14,-0.864,Grape
-0.821,1.241,-1.311,0.451,Banana
1.412,-0.896,0.473,-0.263,Orange
0.399,-1.297,-0.534,-0.004,Orange
1.291,-0.952,1.102,1.67,Watermelon
0.709,-1.026,0.842,0.589,Watermelon
-0.109,-0.546,-0.867,-0.588,Lemon
1.151,-1.416,-0.592,-0.208,Orange
0.847,-1.447,1.213,0.838,Watermelon
1.048,-0.98,1.339,1.124,Watermelon
0.698,-0.593,-0.466,-0.485,Orange
0.263,-1.82,-0.813,-0.361,Lemon
0.523,-0.402,-1.084,-0.474,Orange
0.079,-0.679,-0.372,-0.593,Lemon
0.502,-1.419,-0.213,-0.437,Orange
0.803,-0.626,-1.144,-1.612,Grape
0.534,-1.057,-1.255,-0.968,Grape
1.017,-0.585,0.508,1.107,Watermelon
0.725,-0.309,0.963,0.803,Watermelon
0.696,-0.931,-0.733,-0.292,Lemon
1.129,-0.679,-0.652,0.122,Lemon
1.169,-1.384,1.019,0.924,Watermelon
0.811,1.11,-0.958,0.261,Apple
0.814,-1.644,-0.39,-0.345,Lemon
1.113,-0.397,0.062,-0.597,Lemon
-0.811,0.832,-0.658,-0.457,Banana
0.554,-0.752,-1.021,-0.943,Grape
1.446,0.772,-0.752,-0.436,Apple
0.388,-0.806,-0.066,0.002,Lemon
1.381,-1.199,0.943,1.149,Watermelon
0.73,0.763,-0.169,-0.778,Apple
1.382,-1.141,1.189,1.072,Watermelon
1.439,-1.745,0.141,0.233,Orange
1.098,-0.818,1.209,0.685,Watermelon
1.019,-0.688,-0.926,-0.035,Orange
1.03,-0.38,-1.445,-1.26,Grape
0.511,0.508,-0.009,-0.506,Apple
-1.232,1.382,-1.12,0.637,Banana
0.633,-1.121,-0.617,-0.008,Orange
0.928,-0.744,-0.247,-0.881,Orange
0.908,-1.137,-0.879,-0.806,Grape
-0.769,0.957,-1.571,0.373,Banana
1.143,-1.064,1.03,0.339,Watermelon
1.023,0.962,-0.724,-0.115,Apple
0.827,-0.52,-0.829,-0.885,Grape
0.531,-1.134,0.445,0.288,Orange
-0.708,1.096,-1.346,0.243,Banana
0.852,-1.03,0.494,1.334,Watermelon
-0.34,-0.7,-0.293,0.314,Lemon
0.913,-0.782,-0.958,-0.804,Grape
0.968,-1.414,1.195,1.0,Watermelon
0.647,-1.569,1.864,1.291,Watermelon
1.196,-1.04,1.241,0.632,Watermelon
1.07,-0.915,-0.66,-0.237,Orange
0.856,-0.867,-1.189,-1.597,Grape
1.372,-0.453,0.676,1.388,Watermelon
0.989,-0.604,-1.453,-1.195,Grape
1.186,-1.341,0.74,0.822,Watermelon
-0.193,-0.485,-0.777,-0.872,Grape
-0.67,0.845,-0.366,0.004,Banana
0.521,-1.113,-0.535,-0.584,Lemon
0.964,-1.237,-0.453,-0.982,Orange
-0.719,0.642,-1.172,-0.071,Banana
-0.801,0.81,-1.855,0.398,Banana
0.738,-0.608,-0.709,-1.346,Grape
0.982,-1.27,0.045,-0.172,Orange
0.992,-1.434,-0.037,0.107,Orange
0.732,-0.546,-0.794,-0.224,Grape
1.137,1.0,-0.354,-0.334,Apple
1.269,0.691,0.026,-0.839,Apple
1.233,-0.669,-0.018,-0.105,Orange
1.138,-1.14,0.606,1.087,Watermelon
1.024,-0.677,0.951,1.056,Watermelon
1.101,-0.8,1.332,0.666,Watermelon
1.246,0.937,-0.075,0.217,Apple
0.262,1.425,-0.341,-0.599,Apple
0.847,-0.961,-0.822,-1.362,Grape
1.022,-0.758,-0.52,-1.213,Lemon
-1.463,0.972,-1.009,0.629,Banana
-0.419,-1.266,-0.307,-0.618,Lemon
0.436,-1.564,-0.23,-0.67,Lemon
1.383,1.513,0.161,-0.311,Apple
0.831,0.807,0.389,-0.374,Apple
-0.631,1.169,-1.144,0.211,Banana
-0.586,1.011,-1.159,0.018,Banana
1.112,-1.181,1.208,1.89,Watermelon
1.181,1.631,-0.55,-0.061,Apple
1.439,-0.517,0.148,-0.194,Orange
-0.689,0.644,-0.438,-0.033,Banana
1.439,-0.635,1.363,1.723,Watermelon
1.368,-1.464,1.206,0.339,Watermelon
0.968,0.852,-0.077,-0.588,Apple
0.722,-0.425,-0.589,-0.999,Grape
1.813,0.88,-0.062,-0.181,Apple
0.88,-0.541,0.688,0.273,Watermelon
0.956,-1.09,1.372,0.563,Watermelon
1.183,-0.859,1.113,1.365,Watermelon
0.992,-0.582,-0.842,-1.036,Grape
0.526,-0.744,-1.091,-1.197,Grape
-1.111,1.063,-1.096,0.599,Banana
1.304,-1.833,0.498,0.158,Watermelon
-1.096,0.882,-0.947,0.595,Banana
0.985,-0.811,-1.002,-1.173,Grape
0.483,-0.665,1.149,1.507,Watermelon
0.567,-1.165,-1.328,-0.86,Grape
1.301,-0.9,-0.25,0.099,Orange
0.839,-0.63,1.695,0.628,Watermelon
0.511,-1.486,-0.938,-0.363,Lemon
0.41,0.727,0.069,-0.222,Apple
1.269,-1.053,-0.976,-0.34,Grape
0.768,-1.171,1.204,0.685,Watermelon
1.251,-1.629,-1.149,-0.09,Orange
0.657,0.802,0.007,-0.082,Apple
0.57,1.182,-0.405,-0.154,Apple
0.993,-1.526,0.75,0.156,Watermelon
1.065,1.139,-0.547,-0.34,Apple
0.259,-0.56,-1.05,-0.609,Lemon
0.546,-0.518,-0.637,-1.727,Grape
-0.771,1.571,-0.955,0.064,Banana
0.587,-1.191,0.088,-0.208,Lemon
1.315,0.154,-0.529,-1.042,Grape
1.009,-0.174,0.741,0.94,Watermelon
0.645,-1.636,0.692,0.699,Watermelon
0.381,-0.786,-0.604,-0.146,Lemon
-0.947,1.063,-1.102,0.981,Banana
0.852,-0.679,0.586,0.915,Watermelon
1.703,-0.76,-0.79,-0.561,Orange
1.561,1.031,-0.396,-0.573,Apple
0.889,1.495,-0.545,-0.511,Apple
1.21,0.636,-0.627,-0.298,Apple
0.611,-1.283,-0.434,-0.423,Lemon
0.309,-0.327,-1.199,-0.718,Grape
1.728,-1.023,0.774,1.483,Watermelon
0.706,-0.338,0.838,0.781,Watermelon
1.828,-0.873,1.568,0.991,Watermelon
0.966,-2.0,0.054,-0.065,Orange
0.961,-0.793,-0.287,-0.53,Orange
0.727,-1.067,-0.341,-0.598,Lemon
0.836,-1.19,-0.609,-0.383,Orange
1.151,-1.262,0.589,1.276,Watermelon
0.552,-0.731,-0.677,-0.7,Lemon
-1.61,0.605,-1.305,0.398,Banana
0.562,-1.359,-1.573,-0.338,Lemon
1.307,-0.262,-1.338,-0.641,Grape
0.798,-0.804,-0.813,-0.546,Lemon
1.641,-0.013,-1.017,-0.933,Grape
0.232,-0.579,1.261,1.121,Watermelon
0.789,1.023,0.213,-0.173,Apple
1.921,-0.716,-0.622,-0.344,Orange
0.752,1.3,0.104,0.301,Apple
0.884,-0.436,-0.552,-0.458,Grape
0.569,1.217,-0.718,-0.511,Apple
-1.457,0.783,-1.507,-0.114,Banana
0.283,-0.894,-0.588,-1.075,Lemon
1.959,0.829,-0.765,-0.096,Apple
0.598,-1.284,-0.463,-0.735,Lemon
-1.103,1.513,-0.957,0.515,Banana
0.417,-0.946,-0.87,-0.785,Lemon
-1.144,0.757,-0.637,0.503,Banana
0.198,-0.397,-0.076,0.201,Orange
0.54,-1.523,-1.063,0.098,Lemon
0.43,-1.506,-0.451,-0.685,Orange
-0.813,1.214,-0.855,0.085,Banana
0.701,-0.376,-1.102,-0.109,Lemon
0.883,-1.037,-0.542,-0.375,Lemon
-1.342,0.429,-0.683,-0.136,Banana
-1.383,0.82,-0.9,0.125,Banana
-1.253,1.333,-1.117,0.021,Banana
1.138,-0.979,1.01,1.155,Watermelon
0.952,1.296,-0.8,0.134,Apple
-1.32,0.427,-1.276,0.178,Banana
0.343,-1.338,-0.246,-0.805,Lemon
-1.79,0.877,-0.284,-0.072,Banana
0.685,0.859,0.24,-0.426,Apple
0.642,1.127,-0.199,-0.13,Apple
0.628,0.802,0.094,-0.157,Apple
1.283,-1.019,1.37,1.103,Watermelon
0.817,-0.739,-0.606,0.34,Orange
1.353,0.898,-0.365,-0.254,Apple
0.939,-0.538,-0.489,-0.726,Orange
0.509,-0.737,-0.245,-0.46,Lemon
0.778,0.985,-0.529,-1.107,Apple
0.702,-0.821,-0.395,-0.308,Orange
1.387,-1.337,0.697,1.116,Watermelon
-1.249,0.749,-0.458,-0.075,Banana
0.744,-0.846,-0.317,-0.681,Orange
1.624,-1.278,-0.386,-0.047,Orange
1.357,-1.143,-0.922,-0.326,Lemon
1.731,-0.552,-1.1,-0.863,Grape
0.274,-1.215,0.361,0.874,Watermelon
0.82,0.077,-0.237,-0.084,Apple
0.932,-1.535,0.143,0.464,Orange
1.14,-1.124,0.881,1.152,Watermelon
1.032,1.152,-0.143,-0.558,Apple
0.712,0.902,-0.136,-0.846,Apple
0.92,-1.013,0.83,1.491,Watermelon
1.431,-0.855,0.32,0.107,Orange
1.047,-0.767,-1.138,-0.867,Grape
-1.13,0.469,-1.133,0.66,Banana
0.099,-0.509,-0.099,-0.282,Orange
1.101,-0.664,1.012,1.332,Watermelon
-0.702,1.061,-1.389,0.266,Banana
-0.114,-0.844,-0.747,-0.715,Lemon
1.229,0.555,-0.261,-0.419,Apple
-1.063,1.1,-0.362,0.439,Banana
1.475,-0.512,-0.031,-0.845,Orange
-1.084,0.618,0.002,-0.051,Banana
0.476,-1.97,-0.663,-0.157,Orange
1.381,-1.375,1.41,0.978,Watermelon
0.83,1.06,0.196,-0.282,Apple
0.612,1.148,-0.157,-0.367,Apple
1.358,0.199,-0.175,-0.025,Apple
0.493,-1.519,0.049,0.211,Orange
-0.524,0.757,-0.93,0.417,Banana
-1.598,1.055,-0.951,0.561,Banana
-1.2,1.438,-0.972,0.898,Banana
1.261,-0.903,-0.714,-0.662,Orange
1.56,-0.693,-0.4,-0.346,Orange
1.078,-1.071,-1.164,-0.786,Grape
1.261,-1.129,1.56,1.366,Watermelon
-1.269,0.553,-0.792,0.142,Banana
0.376,-0.922,-0.348,-0.223,Lemon
0.619,-1.803,-0.266,-0.782,Lemon
0.708,-1.043,0.185,0.22,Lemon
-1.161,0.529,-1.443,0.395,Banana
0.811,-1.389,0.817,1.158,Watermelon
-1.027,0.831,-1.125,0.243,Banana
1.078,-0.902,0.423,1.058,Watermelon
0.473,-1.355,-0.73,-0.095,Lemon
0.883,-0.966,-0.914,-0.976,Lemon
0.67,-0.596,-0.988,-1.228,Grape
1.307,-0.465,-1.928,-0.962,Grape
1.264,-0.929,-0.096,-0.292,Orange
0.977,-1.016,-0.236,-0.403,Orange
0.982,-0.502,-0.786,-0.909,Lemon
0.529,-0.458,-0.794,-0.857,Grape
1.173,0.801,-0.997,-0.474,Apple
1.179,-0.907,-0.451,-0.183,Lemon
0.706,-0.922,-0.121,-0.526,Orange
1.127,-0.547,-0.44,-0.803,Orange
0.66,-1.23,-0.537,-0.795,Lemon
1.021,-0.57,-0.31,-0.777,Orange
1.132,-0.593,-0.925,-0.659,Grape
0.816,-1.101,-0.66,-0.132,Orange
-0.942,0.909,-0.739,-0.063,Banana
-0.956,1.21,-1.19,-0.181,Banana
0.407,1.054,0.293,-0.513,Apple
1.158,-1.849,-0.169,-0.581,Orange
0.862,-0.972,-0.881,0.901,Orange
0.788,-0.388,-0.478,-0.897,Grape
0.57,-0.964,0.357,0.884,Watermelon
1.587,-1.494,0.712,1.649,Watermelon
0.539,-1.313,-0.464,-0.664,Lemon
0.049,0.524,0.42,-0.185,Apple
1.512,0.64,-0.319,-0.359,Apple
0.808,-0.926,0.61,1.423,Watermelon
1.164,0.939,-0.253,-0.406,Apple
0.397,-1.347,-0.363,-0.323,Orange
1.227,1.196,-0.496,-0.635,Apple
1.264,-0.934,0.782,0.6,Watermelon
0.763,1.137,0.29,-0.374,Apple
0.708,1.755,-0.43,-0.578,Apple
-1.143,0.84,-0.555,-0.286,Banana
1.208,-1.004,0.805,0.882,Watermelon
0.512,-0.969,-0.758,-0.523,Lemon
0.728,0.164,-0.647,-0.829,Grape
0.845,1.288,-0.195,-0.258,Apple
0.813,-0.504,-0.411,-0.972,Grape
0.908,-0.565,-0.985,-1.191,Grape
0.741,-0.722,1.422,1.793,Watermelon
1.16,-0.959,0.016,-0.518,Orange
0.825,-0.636,-0.242,0.084,Lemon
-1.209,0.828,-1.075,-0.09,Banana
0.788,-0.764,-0.403,-0.448,Lemon
1.352,-0.799,0.789,-0.032,Watermelon
-1.116,1.014,-0.983,0.237,Banana
0.812,-1.296,-0.662,-0.048,Orange
1.381,0.562,-0.321,-0.024,Apple
-1.066,1.251,-0.623,0.438,Banana
-1.173,1.46,-1.094,0.206,Banana
1.18,0.894,-0.378,-0.431,Apple
-1.063,1.069,-1.69,0.266,Banana
-0.018,-1.142,-0.482,-0.615,Lemon
0.846,-0.878,-1.355,-0.081,Lemon
-0.913,0.801,-1.164,-0.43,Banana
1.076,1.228,-0.538,-0.617,Apple
-0.951,1.418,-0.618,0.59,Banana
1.707,-0.676,0.105,-0.17,Orange
0.879,-0.203,-1.343,-0.852,Grape
-1.213,1.119,-0.906,0.357,Banana
0.994,-0.814,1.242,0.51,Watermelon
-1.016,0.854,-0.932,0.154,Banana
1.046,-1.024,-0.255,-0.833,Lemon
-1.098,0.785,-0.862,-0.115,Banana
0.402,-1.219,-0.104,-0.483,Orange
1.093,0.773,-0.913,-0.002,Apple
1.227,-1.014,1.015,0.927,Watermelon
-1.361,1.457,-1.035,0.427,Banana
-1.175,1.155,-0.599,0.358,Banana
0.726,-0.693,-0.352,-0.135,Lemon
0.712,-0.888,-0.516,-0.197,Lemon
0.849,-0.414,-0.196,-0.874,Grape
-1.419,0.898,-0.783,0.065,Banana
0.658,0.517,-0.373,0.264,Apple
0.814,1.307,-0.398,-0.436,Apple
0.781,-1.537,-0.016,-0.312,Lemon
1.368,-1.09,1.174,1.326,Watermelon
0.968,-0.906,-1.33,-1.148,Grape
-0.921,0.943,-1.171,0.537,Banana
0.839,0.791,0.029,-0.107,Apple
0.171,-1.466,-0.988,-0.511,Lemon
1.412,-0.493,1.263,1.67,Watermelon
1.071,-0.612,0.8,0.455,Watermelon
0.892,-0.644,-0.095,-1.0,Grape
0.644,-0.662,0.734,1.05,Watermelon
1.307,-0.926,-0.469,-0.606,Grape
1.124,1.613,-0.434,-0.022,Apple
1.098,-1.223,-0.513,0.511,Orange
0.971,-0.689,-0.819,-0.252,Lemon
0.471,-0.406,-0.175,-0.178,Lemon
-0.714,0.969,-0.829,0.839,Banana
1.163,-1.294,1.439,0.762,Watermelon
0.99,-1.166,0.087,1.061,Watermelon
1.76,-0.888,2.0,0.946,Watermelon
0.678,-1.036,-0.579,-0.371,Lemon
1.529,0.706,-0.297,-0.084,Apple
1.448,-1.355,-1.489,-0.986,Grape
-0.608,0.832,-0.766,0.992,Banana
0.604,-1.08,-0.435,-0.437,Lemon
1.089,-0.663,-1.09,-1.352,Grape
1.215,-0.964,-1.286,-1.419,Grape
0.886,-0.991,-0.685,-0.293,Orange
1.057,-1.149,-1.266,-0.368,Grape
0.752,1.248,-0.478,-0.23,Apple
0.721,-1.666,-0.454,-0.045,Orange
1.237,1.05,-0.572,0.022,Apple
-1.253,0.769,-1.343,0.152,Banana
0.497,-0.897,-1.074,-0.661,Lemon
0.72,-0.45,-0.894,-1.36,Grape
1.172,-0.618,-0.722,-1.226,Grape
1.207,-0.297,-0.976,-0.266,Grape
1.172,-0.383,0.583,-0.786,Orange
1.003,-0.819,-0.515,-0.731,Lemon
-1.312,0.631,-0.222,0.471,Banana
0.524,0.632,-1.009,0.117,Apple
1.016,-0.822,1.001,1.332,Watermelon
-1.139,1.103,-0.904,-0.106,Banana
0.747,0.894,-0.188,0.186,Apple
1.041,-1.031,-0.192,-0.255,Orange
0.592,-0.469,-0.678,-0.408,Lemon
0.774,1.441,-0.619,-0.325,Apple
1.344,-1.303,0.004,-0.917,Orange
0.618,-1.033,0.543,-0.149,Orange
1.058,1.402,-0.68,-1.362,Apple
1.607,-0.388,-1.156,-0.98,Grape
-0.632,0.955,-0.949,1.012,Banana
0.565,1.181,-0.728,0.247,Apple
1.103,0.76,-0.825,-0.423,Apple
1.065,-0.595,0.617,0.711,Watermelon
0.426,-1.271,-0.78,-0.831,Lemon
1.146,0.831,-0.296,-0.193,Apple
-1.483,1.208,-0.927,0.374,Banana
0.953,0.906,-0.281,-0.267,Apple
0.587,-0.049,-1.244,-0.977,Grape
1.008,-1.12,-0.517,-1.267,Lemon
0.306,-1.009,1.066,1.387,Watermelon
1.28,-1.557,0.144,-0.617,Orange
-0.698,0.842,-0.049,0.093,Banana
0.974,1.055,-0.385,-0.649,Apple
1.771,0.786,-0.526,-0.338,Apple
1.068,-1.24,0.034,-0.147,Orange
0.607,-0.805,-0.897,-0.705,Lemon
0.992,1.325,-0.385,-0.411,Apple
0.262,-1.243,-0.878,-0.691,Orange
1.128,0.162,1.068,1.116,Watermelon
-1.266,0.633,-0.28,0.018,Banana
-0.1,-0.914,-0.75,-0.291,Lemon
1.549,-0.871,-0.221,0.031,Orange
1.547,-0.203,-0.711,-0.168,Lemon
1.625,1.243,-0.323,-0.474,Apple
1.035,0.601,0.013,0.187,Apple
0.861,-1.158,-0.67,-0.037,Orange
0.996,0.495,0.72,-0.922,Apple
0.496,-0.671,1.23,0.75,Watermelon
0.727,-0.84,1.132,0.754,Watermelon
1.348,-0.8,0.168,-0.217,Orange
1.284,0.92,-0.111,-0.175,Apple
1.297,1.182,-0.961,-0.519,Apple
1.029,-0.837,-0.011,-0.008,Orange
-1.247,1.321,-1.283,0.742,Banana
1.465,-0.604,-1.227,-1.244,Grape
0.617,0.677,-0.363,-0.496,Apple
0.437,-1.169,1.033,0.881,Watermelon
0.687,-1.837,0.101,-0.214,Orange
1.112,-0.537,-0.826,-0.916,Grape
1.035,-0.333,-0.658,-0.516,Grape
-1.291,1.087,-1.562,0.132,Banana
0.531,-0.741,-0.641,-0.265,Lemon
0.879,0.798,-0.581,-0.058,Apple
0.868,-1.849,-0.077,-0.525,Orange
1.068,0.605,-0.295,-1.305,Apple
0.588,-1.306,-1.044,-0.233,Lemon
-1.042,0.915,-1.254,0.613,Banana
0.848,-0.479,1.43,1.499,Watermelon
1.339,-1.212,-0.282,-0.271,Orange
1.293,-1.004,0.915,1.58,Watermelon
0.485,-1.219,-0.741,-0.125,Lemon
0.666,-0.84,-0.517,-1.268,Lemon
0.626,0.902,-0.19,-0.645,Apple
0.245,-1.109,-0.136,-1.254,Lemon
0.072,-0.393,0.464,0.858,Watermelon
0.475,0.894,-0.348,0.264,Apple
1.252,-1.449,-0.968,-0.025,Orange
-1.182,0.747,-0.585,-0.315,Banana
-1.128,1.221,-1.413,0.754,Banana
0.646,0.975,-0.543,-1.259,Apple
0.853,1.277,-0.662,-0.52,Apple
0.819,-0.812,0.874,1.008,Watermelon
1.013,0.817,0.291,-0.659,Apple
0.846,-0.553,-0.648,-0.479,Lemon
1.186,-1.13,0.336,0.913,Watermelon
1.176,-0.801,-0.573,-0.235,Lemon
0.949,1.01,-0.451,-0.133,Apple
0.812,-1.11,0.008,-0.268,Orange
1.198,-0.373,-1.027,-1.122,Grape
0.538,0.616,-0.087,-0.093,Apple
0.654,-0.461,-0.924,-0.673,Grape
1.758,-0.799,0.758,1.26,Watermelon
0.635,-0.223,0.571,1.153,Watermelon
1.001,0.855,-0.467,0.177,Apple
-0.802,0.947,-0.394,0.258,Banana
-0.743,0.531,-1.45,0.548,Banana
1.108,-0.249,-0.547,0.037,Orange
0.914,-0.303,-0.731,-1.01,Grape
-1.259,0.881,-1.389,0.428,Banana
-0.383,-1.203,-0.284,-0.192,Lemon
0.436,-0.796,-0.699,-0.332,Orange
1.268,-1.341,1.499,1.09,Watermelon
1.162,-0.623,1.312,1.281,Watermelon
0.37,-1.389,-0.699,-0.334,Lemon
0.55,-0.796,1.131,0.936,Watermelon
1.022,-0.977,-0.145,0.061,Orange
2.0,-0.541,-1.225,-1.667,Grape
0.507,0.735,-0.059,-0.438,Apple
-0.858,0.744,-0.841,0.605,Banana
0.859,-0.848,0.846,0.569,Watermelon
1.194,-0.456,-0.792,-0.666,Grape
0.913,-1.061,-0.4,-0.079,Orange
0.951,-0.956,0.748,0.64,Watermelon
-1.318,1.146,-1.015,0.127,Banana
1.232,1.51,-0.473,-0.679,Apple
-0.669,1.005,-1.064,0.656,Banana
0.908,-0.861,-0.244,0.936,Orange
0.953,-0.672,0.912,1.158,Watermelon
0.931,-0.322,-1.033,-0.824,Grape
0.735,0.721,-0.959,-0.172,Apple
0.773,0.168,-1.165,-0.564,Grape
1.401,-1.086,0.742,0.953,Watermelon
1.397,-0.2,-0.732,-0.195,Orange
-1.212,0.873,-0.403,0.031,Banana
0.437,1.071,-0.167,-0.447,Apple
0.762,-0.544,-1.472,-0.852,Grape
-1.122,1.485,-0.889,0.246,Banana
0.92,-1.277,-1.043,-1.071,Grape
1.018,0.933,0.2,-0.394,Apple
0.705,-1.183,-1.156,-1.366,Grape
0.546,-1.109,1.398,1.327,Watermelon
0.151,-0.987,-0.452,-0.295,Lemon
1.561,-1.409,-0.61,-0.432,Orange
-0.872,0.047,-1.08,-0.324,Banana
-1.001,1.725,-0.685,-0.129,Banana
0.453,-1.311,-0.147,-1.271,Lemon
0.446,-1.244,-1.011,0.08,Lemon
0.452,-1.418,1.558,0.965,Watermelon
0.939,-1.219,-0.301,-0.35,Orange
0.743,-1.09,-0.986,-1.209,Grape
0.836,1.231,-0.477,-0.338,Apple
-0.414,1.134,-1.189,-0.084,Banana
0.954,-0.724,-0.507,-0.215,Orange
0.785,-1.143,-0.747,-0.126,Orange
-0.971,1.495,-0.985,0.028,Banana
1.085,-0.895,-0.557,-0.528,Lemon
-0.97,0.674,-1.054,0.198,Banana
1.1,-0.234,-0.687,-0.846,Grape
-0.028,-1.177,-1.263,-0.146,Lemon
0.933,-0.676,-1.265,-0.582,Grape
1.011,-0.665,-0.981,-0.954,Grape
0.928,-0.583,1.413,1.008,Watermelon
0.703,-0.91,0.767,1.475,Watermelon
1.525,-0.373,-1.431,-1.188,Grape
0.905,-0.919,-1.13,-0.943,Grape
1.16,-0.174,-1.032,-1.129,Grape
0.525,-0.903,-0.483,-0.297,Orange
0.778,0.788,-0.073,-0.344,Apple
1.523,-1.415,1.414,0.804,Watermelon
-1.043,1.149,-0.664,0.65,Banana
1.343,0.904,0.311,-0.108,Apple
-0.053,-1.003,0.852,0.876,Watermelon
1.209,-0.907,0.749,1.512,Watermelon
0.536,-1.487,0.606,1.142,Watermelon
-0.885,0.702,-1.222,0.285,Banana
0.212,-0.734,-0.066,-0.576,Lemon
1.107,-0.576,-0.535,-0.335,Grape
0.461,-1.003,-0.314,-0.393,Lemon
-1.333,0.353,-1.223,0.401,Banana
0.848,0.617,-0.517,0.327,Apple
0.191,-1.124,-0.794,0.171,Lemon
0.471,-1.289,-0.291,-0.155,Orange
1.379,1.343,-0.56,-0.204,Apple
0.926,-0.774,-0.658,-0.924,Grape
1.545,-0.447,-0.689,-1.963,Grape
0.618,-0.861,-0.429,0.029,Lemon
1.204,0.564,-0.123,-0.019,Apple
0.775,0.845,-0.036,-0.31,Apple
0.972,-0.945,-1.374,-0.489,Lemon
0.851,-0.394,-0.861,-1.339,Grape
1.06,-0.821,-0.154,0.133,Orange
0.633,0.936,-1.089,0.104,Apple
1.034,0.961,-0.345,-0.132,Apple
-0.636,0.898,-0.857,0.439,Banana
0.231,0.752,-0.148,0.132,Apple
1.476,0.571,0.05,0.062,Apple
0.744,-1.707,-0.788,-0.462,Lemon
0.917,0.241,-0.391,-0.626,Apple
1.207,-0.832,1.183,0.871,Watermelon
0.607,-1.029,-0.28,-0.687,Lemon
0.735,1.337,-0.013,-0.137,Apple
-0.447,1.731,-0.569,0.038,Banana
1.291,-0.561,-1.197,-1.259,Grape
1.094,-0.714,0.183,0.036,Orange
1.201,-1.072,-0.224,-0.723,Orange
0.798,-0.849,0.07,-0.514,Lemon
1.017,-1.166,-0.006,0.007,Lemon
1.396,1.021,-0.378,-0.43,Apple
0.66,-0.836,-0.387,-0.066,Orange
0.659,-1.376,-0.229,-0.466,Lemon
-0.698,0.592,-1.267,0.163,Banana
1.085,-0.636,-0.522,-0.638,Grape
0.744,2.0,-0.33,0.152,Apple
0.5,-0.781,-0.268,-1.026,Lemon
1.611,-1.273,-0.422,-0.412,Orange
0.801,-0.782,-1.418,-0.734,Grape
1.04,-1.048,1.356,1.618,Watermelon
0.454,-0.032,-1.008,-1.473,Grape
1.144,-1.041,1.301,1.051,Watermelon
1.125,0.848,-0.66,-0.04,Apple
-1.184,1.141,-0.48,0.244,Banana
0.845,-1.011,-0.728,-1.047,Lemon
0.986,-0.657,-1.305,-1.712,Grape
0.415,-0.375,1.013,0.497,Watermelon
0.389,-0.996,-0.443,-0.582,Lemon
-0.293,1.724,-0.866,0.172,Banana
1.134,0.535,0.05,-0.24,Apple
0.578,-1.204,1.201,0.417,Watermelon
0.687,-1.163,1.341,1.6,Watermelon
-0.867,-0.106,-1.391,1.523,Banana
1.055,0.088,0.53,-0.768,Apple
1.201,0.599,0.471,-0.796,Apple
0.395,-0.633,-0.794,-0.33,Lemon
1.291,-0.938,0.611,0.725,Watermelon
0.866,-0.394,-0.716,-0.928,Grape
1.246,-1.557,1.104,0.977,Watermelon
-0.827,1.263,-1.368,0.262,Banana
-0.533,1.106,-1.035,-0.126,Banana
1.19,-1.487,0.938,0.828,Watermelon
1.138,0.79,-0.415,-0.619,Apple
0.513,-0.925,-0.722,-0.61,Lemon
1.058,-0.25,-0.739,-1.453,Grape
0.869,-0.521,-0.353,-1.345,Lemon
1.093,1.484,-0.457,0.715,Apple
0.237,-0.949,1.253,1.06,Watermelon
1.054,-1.364,-0.501,0.001,Orange
0.26,-0.283,-1.04,-0.807,Grape
1.296,0.306,1.49,0.579,Watermelon
1.757,-1.95,0.845,1.061,Watermelon
0.487,-0.901,-0.659,-0.05,Lemon
0.831,-1.04,1.62,1.339,Watermelon
0.541,-0.835,0.055,-0.985,Lemon
0.619,-0.801,-0.924,-0.661,Grape
0.732,0.67,-0.759,-0.63,Apple
0.77,0.243,-0.496,-0.667,Apple
0.943,-0.406,0.442,1.355,Watermelon
1.584,-0.662,-0.18,0.26,Orange
1.222,-0.211,-0.958,-1.371,Grape
1.007,-0.087,-0.719,-0.492,Lemon
1.039,-1.514,-0.597,-0.093,Orange
0.567,-0.994,-0.591,-0.541,Lemon
0.732,-0.448,-0.885,-1.308,Grape
1.145,-1.218,1.229,0.985,Watermelon
1.138,1.062,-0.32,-0.186,Apple
1.295,1.042,-0.264,-0.424,Apple
0.363,1.012,-0.743,-0.498,Apple
0.697,-0.851,-1.229,-0.83,Grape
0.716,-0.961,-0.177,0.57,Lemon
1.178,1.318,-0.202,-0.073,Apple
-1.569,0.053,-1.74,0.081,Banana
1.078,-0.911,-0.737,-0.301,Lemon
0.724,-1.474,-0.436,-0.209,Lemon
1.735,-0.628,-0.407,-1.142,Grape
1.814,0.792,-0.075,-0.2,Apple
1.521,-0.526,0.635,0.882,Watermelon
1.744,-0.965,-0.015,-0.575,Orange
-1.086,0.752,-0.676,0.558,Banana
1.428,0.62,-0.108,-0.293,Apple
0.144,-0.438,-0.548,-0.45,Grape
-1.012,1.29,-0.809,0.034,Banana
0.286,-1.017,-0.683,-0.469,Lemon
0.854,-0.926,0.627,1.533,Watermelon
0.363,-1.028,0.929,0.953,Watermelon
0.305,-1.529,-0.516,-0.572,Lemon
1.135,-1.577,1.601,0.972,Watermelon
-0.065,-0.534,-1.165,-1.397,Grape
1.431,-0.275,-0.88,-0.973,Grape
-0.823,0.448,-0.933,0.733,Banana
1.364,-1.368,1.065,0.607,Watermelon
-0.945,0.737,-1.305,0.425,Banana
0.746,-1.278,1.123,0.481,Watermelon
0.887,-1.138,-1.474,-0.59,Grape
0.454,-1.251,-0.302,0.066,Lemon
0.688,-0.643,-0.793,-0.481,Lemon
1.003,-0.487,-0.662,-1.514,Grape
0.688,-0.77,-1.34,-0.92,Grape
0.676,-0.979,-0.741,-0.028,Lemon
1.076,-0.653,-0.977,-0.739,Grape
1.075,0.698,0.317,-0.138,Apple
0.197,-1.636,-0.359,-0.048,Lemon
-0.842,1.214,-0.777,0.302,Banana
0.411,-1.245,-0.022,0.005,Orange
0.532,-1.192,-0.539,-0.62,Lemon
-1.028,1.046,-1.272,0.58,Banana
-1.058,1.171,-0.978,0.84,Banana
1.19,-0.857,1.13,1.729,Watermelon
-1.015,1.057,-0.963,-0.388,Banana
1.033,1.356,-0.12,0.229,Apple
0.875,-0.824,-0.289,-0.372,Lemon
0.902,-1.045,0.166,1.558,Watermelon
0.931,-0.965,-1.128,-0.385,Grape
1.025,-0.51,-0.27,-0.708,Grape
0.499,-1.595,-0.376,-0.737,Lemon
1.231,-0.617,-0.857,-0.686,Grape
0.395,-0.955,0.994,1.101,Watermelon
1.177,-0.947,-0.527,-0.595,Orange
0.044,-0.958,-0.416,-0.62,Lemon
0.891,-1.04,-0.63,-1.003,Lemon
0.845,1.322,0.189,-0.367,Apple
0.903,-0.505,-0.928,-0.389,Lemon
1.067,-0.224,-1.292,-0.89,Grape
0.91,-0.851,1.427,1.517,Watermelon
1.031,-1.347,-0.766,-0.148,Lemon
-0.788,0.908,-1.321,-1.067,Banana
0.442,-1.107,-0.402,-0.056,Orange
-0.789,1.791,-1.269,-0.383,Banana
0.675,-0.013,-0.995,-0.646,Grape
0.803,-1.175,0.4,0.884,Watermelon
1.004,1.304,-0.104,0.395,Apple
0.546,-0.915,-0.605,-0.743,Lemon
1.143,-0.696,-0.418,-1.276,Grape
-1.119,0.565,-0.882,-0.165,Banana
0.597,-1.409,-0.944,-0.768,Lemon
1.255,-1.033,-0.343,-0.003,Orange
0.769,-1.288,-1.385,-1.1,Grape
0.983,1.196,-0.351,0.056,Apple
1.127,-1.493,0.108,0.647,Watermelon
1.048,-0.87,0.963,1.042,Watermelon
-0.538,1.005,-0.878,0.859,Banana
-0.034,-0.402,-1.496,-0.789,Lemon
0.404,-1.572,-0.658,-0.518,Lemon
1.259,-0.752,-0.239,0.191,Orange
0.826,-1.114,-0.558,-0.722,Lemon
0.571,-0.85,0.475,0.934,Watermelon
-0.204,-0.975,-0.854,-0.301,Lemon
-1.078,0.955,-0.982,0.086,Banana
0.802,-1.198,0.956,0.805,Watermelon
1.158,-1.219,-1.525,-0.339,Grape
0.848,-1.355,-0.309,0.068,Orange
-0.776,0.738,-1.179,0.183,Banana
1.109,-0.584,-1.321,-1.178,Grape
-1.093,1.519,-1.062,1.458,Banana
0.906,-1.189,-0.877,-0.633,Grape
-0.834,1.069,-1.133,0.2,Banana
0.185,-0.699,0.867,1.401,Watermelon
-1.186,0.981,-0.563,0.768,Banana
1.294,0.345,-0.747,-0.055,Apple
-1.244,1.026,-0.927,0.39,Banana
0.63,-0.642,0.816,1.206,Watermelon
0.927,0.072,-0.493,-0.254,Grape
1.578,-1.047,-0.487,-0.597,Orange
1.093,-0.991,-0.315,-0.49,Orange
-0.874,0.866,-1.169,0.357,Banana
0.973,-1.499,0.724,1.186,Watermelon
0.983,-1.68,1.245,0.983,Watermelon
0.628,-0.834,-0.942,-1.773,Grape
1.147,-0.655,1.312,1.404,Watermelon
-1.273,1.362,-0.905,0.008,Banana
0.763,-0.847,-0.061,-0.081,Lemon
0.758,-0.881,-0.185,-0.112,Orange
0.893,0.014,-1.218,-0.417,Grape
0.501,-1.133,-0.032,-0.568,Orange
0.343,-0.813,-1.205,-0.113,Lemon
1.517,-0.067,-0.886,-1.15,Grape
0.873,-0.899,-0.255,-0.333,Orange
1.554,-0.686,-0.497,-0.965,Grape
1.013,-0.819,-0.123,-0.251,Orange
0.798,-0.759,-0.021,-0.475,Lemon
0.727,-1.237,0.529,-0.858,Orange
0.184,-0.991,-0.815,-0.213,Lemon
1.256,0.813,0.226,-0.686,Apple
0.742,1.55,-0.757,-0.179,Apple
1.549,-1.91,-0.418,0.132,Orange
0.905,-0.579,-0.934,-0.891,Grape
0.718,-0.332,-0.911,-1.401,Grape
0.837,-1.095,-0.925,-0.828,Grape
1.074,-0.408,-0.953,-0.733,Grape
0.955,-0.754,0.55,0.511,Watermelon
0.63,-0.76,-0.697,-0.277,Lemon
0.708,-1.717,0.213,-0.941,Lemon
-1.331,1.402,-0.993,0.031,Banana
0.436,-1.308,-0.88,-0.224,Lemon
0.826,0.626,-0.566,-0.354,Apple
-1.262,0.892,-0.878,0.132,Banana
-1.301,0.756,-0.513,1.061,Banana
1.016,-0.746,-0.629,-0.407,Orange
1.157,-1.827,1.27,0.802,Watermelon
0.623,-0.464,-0.495,-1.11,Grape
1.102,-0.441,-0.916,-1.349,Grape
1.078,-0.536,-1.955,-0.7,Grape
0.474,1.045,0.231,-0.385,Apple
0.634,-0.804,0.191,-0.588,Orange
0.174,-0.186,-0.701,-0.865,Grape
-0.03,-0.791,-0.238,0.255,Lemon
0.901,-0.944,0.247,1.339,Watermelon
1.33,-0.859,0.116,-0.474,Orange
0.524,-1.063,-0.215,-0.107,Lemon
0.711,-0.907,-0.407,-0.618,Lemon
1.077,-1.158,-0.45,-0.709,Lemon
-0.669,0.965,-0.277,0.256,Banana
1.328,-1.221,-0.408,-0.215,Orange
1.123,-1.261,0.8,1.031,Watermelon
0.74,-1.013,-0.663,-0.965,Lemon
1.175,1.295,0.036,-0.247,Apple
-1.211,0.887,-0.946,0.293,Banana
0.704,-1.589,0.806,0.903,Watermelon
1.108,-0.743,-1.088,-0.961,Grape
1.548,-0.658,-1.542,-1.24,Grape
1.233,-0.498,-0.271,-0.254,Lemon
0.85,-1.084,-0.296,-0.183,Lemon
1.296,-0.81,-1.114,-1.225,Grape
1.349,-0.494,-0.863,-0.799,Grape
0.506,-0.291,-1.189,-1.157,Grape
0.307,-0.972,-0.623,-0.987,Lemon
0.374,-1.071,-0.015,0.051,Orange
1.35,-0.669,-1.124,-1.039,Grape
1.282,-0.036,-1.161,-1.093,Grape
1.011,-1.093,0.797,0.956,Watermelon
0.723,-0.346,-0.484,-1.099,Grape
1.582,-1.038,-0.544,0.04,Orange
0.677,-0.782,1.089,0.859,Watermelon
-1.178,0.695,-0.639,0.222,Banana
1.109,-1.004,0.926,1.114,Watermelon
0.779,-0.952,-0.666,-0.88,Lemon
0.789,-0.707,-0.994,-1.609,Grape
1.217,-0.888,0.796,0.679,Watermelon
0.76,0.537,-0.419,-0.363,Apple
1.321,1.166,0.136,-0.261,Apple
0.681,1.609,-0.411,-0.841,Apple
1.077,0.444,-0.33,-0.466,Apple
0.783,-0.666,-0.714,-0.639,Lemon
1.265,0.732,-0.277,-0.11,Apple
0.723,0.895,-0.265,0.166,Apple
0.577,0.948,0.174,0.04,Apple
0.904,-1.025,-0.139,-0.032,Orange
1.082,-0.604,-1.084,-1.058,Lemon
0.81,-1.648,0.159,-0.724,Orange
0.895,-0.905,-1.555,-0.587,Grape
0.798,1.667,0.192,-0.301,Apple
0.267,-0.719,-0.2,-0.85,Grape
0.941,-0.814,-0.689,-0.871,Grape
1.099,-0.202,-0.621,-0.847,Grape
0.445,0.656,-0.516,-0.313,Apple
1.525,1.718,-0.163,-0.107,Apple
0.471,0.852,-0.494,-0.523,Apple
1.203,-1.158,-0.963,0.095,Orange
1.421,-0.499,-1.059,-1.315,Grape
0.307,-0.625,-0.862,0.204,Lemon
1.332,-0.481,-0.05,-0.553,Grape
0.849,-0.958,-1.148,-1.036,Grape
0.735,-0.994,-0.918,-0.689,Grape
1.65,-0.973,-0.089,-0.848,Orange
1.301,-1.353,1.107,0.985,Watermelon
0.915,-1.519,-0.565,-0.534,Orange
0.792,-0.186,-1.123,-1.236,Grape
1.227,-0.486,-0.289,-0.646,Grape
0.304,1.282,-0.06,0.281,Apple
0.931,-0.216,-1.124,-0.898,Grape
0.631,-1.481,1.304,1.001,Watermelon
0.552,1.285,-1.257,-0.583,Apple
0.419,-0.18,-1.152,-0.972,Grape
1.106,1.283,-0.057,-0.02,Apple
0.907,-0.301,-1.229,-1.141,Grape
0.462,-0.413,-0.648,0.294,Orange
1.188,1.07,-0.172,-0.673,Apple
1.562,0.873,0.055,-0.49,Apple
0.499,0.094,-1.211,-0.838,Grape
-2.0,0.975,-0.789,0.35,Banana
-1.034,0.926,-0.695,-0.153,Banana
0.917,-0.498,-0.819,-0.237,Orange
-1.386,1.105,-0.988,-0.03,Banana
1.008,-0.977,-0.513,-0.346,Orange
0.773,-1.798,0.024,0.218,Orange
-1.613,1.423,-0.859,-0.086,Banana
0.927,-1.247,0.023,-0.521,Orange
1.743,1.405,-0.729,0.273,Apple
1.255,-0.653,-0.763,-0.676,Grape
-1.265,1.292,-1.151,0.585,Banana
0.552,-1.353,-0.379,-0.633,Lemon
1.054,-0.857,0.214,-0.353,Orange
0.703,-0.024,-0.999,-1.191,Grape
1.127,-1.12,0.906,1.901,Watermelon
-1.346,0.497,-0.571,0.167,Banana
1.112,-0.777,-0.912,0.199,Orange
0.804,-0.335,-0.579,0.348,Orange
1.611,-1.171,-0.367,-0.31,Orange
1.532,-0.937,1.186,0.95,Watermelon
1.165,-0.812,-0.509,0.42,Orange
0.929,-0.24,-1.442,-0.761,Grape
1.373,-0.507,-0.623,-1.248,Grape
-0.835,0.468,-0.948,0.022,Banana
0.976,-0.517,0.308,-0.649,Orange
1.436,1.49,-0.186,0.175,Apple
0.855,0.82,-0.478,-0.05,Apple
0.966,-0.851,-1.234,-1.0,Grape
0.703,-0.766,0.118,0.141,Orange
2.0,-0.456,-0.407,-0.936,Grape
0.503,-0.958,-0.542,-0.543,Lemon
-1.379,0.657,-0.603,0.592,Banana
1.623,-0.737,-1.17,-1.402,Grape
-0.63,0.688,-1.011,0.41,Banana
0.453,-0.728,0.054,-0.103,Orange
0.97,0.989,0.19,-0.281,Apple
0.993,0.76,-1.28,0.084,Apple
0.999,0.694,0.439,-0.146,Apple
-1.072,1.356,-0.871,0.422,Banana
0.787,-0.756,1.329,0.789,Watermelon
-0.063,-0.667,-0.38,-0.205,Lemon
0.616,-0.663,-0.829,-0.565,Lemon
0.234,-0.595,-0.616,-0.419,Lemon
1.152,0.917,-0.012,0.28,Apple
0.943,-1.603,-0.562,-0.446,Lemon
1.435,-1.192,-0.664,0.092,Orange
0.993,-1.218,0.909,0.506,Watermelon
-0.94,0.894,-0.813,0.228,Banana
-0.988,0.841,-1.089,-0.095,Banana
1.361,-1.015,-0.996,-0.755,Orange
0.963,-1.015,-0.607,-0.501,Lemon
-0.829,1.536,-0.844,0.408,Banana
0.8,0.46,-0.134,-0.106,Apple
-0.615,1.599,-1.406,0.085,Banana
1.234,1.0,0.205,-0.368,Apple
1.7,1.02,0.27,-1.142,Apple
1.17,-0.992,0.267,0.995,Watermelon
0.567,-1.182,-0.193,-0.243,Orange
1.125,-0.945,1.824,1.091,Watermelon
0.639,-0.853,-0.609,-1.054,Lemon
1.242,-0.148,-0.456,-0.759,Grape
0.506,-0.908,0.025,-0.578,Lemon
0.182,-0.227,-0.956,-1.05,Lemon
-0.888,1.143,-0.84,0.607,Banana
0.943,-0.652,-1.201,-0.952,Grape
1.19,-0.683,0.686,0.564,Watermelon
0.91,-1.185,-0.945,-1.148,Lemon
1.493,-0.504,-0.809,-0.847,Grape
1.074,-0.608,-1.025,-1.342,Grape
-0.018,-0.214,-0.587,-0.653,Lemon
0.32,-0.633,-0.549,-0.802,Lemon
0.494,-0.891,-0.735,-0.215,Lemon
1.743,-1.148,0.9,0.71,Watermelon
0.946,-1.686,1.385,0.533,Watermelon
0.318,-0.971,-0.118,-0.799,Lemon
-1.065,1.103,-1.235,0.258,Banana
0.443,-1.185,0.131,0.085,Orange
0.845,-1.355,0.926,0.488,Watermelon
0.931,0.856,-0.456,-0.349,Apple
1.188,-0.964,-0.665,-0.606,Grape
1.37,-0.896,-0.084,-0.158,Lemon
1.067,0.574,0.013,-0.216,Apple
1.626,1.259,0.07,-0.502,Apple
1.086,0.327,-0.106,0.126,Apple
1.487,-1.124,-0.935,-0.388,Orange
0.973,1.143,-1.01,-0.337,Apple
0.237,-0.494,-1.417,-0.146,Lemon
-1.056,0.284,-0.413,0.773,Banana
1.437,-0.967,-0.535,-0.177,Orange
1.191,0.81,-0.6,-0.127,Apple
1.068,1.324,0.233,-0.0,Apple
0.597,-1.005,1.135,1.283,Watermelon
-0.7,0.98,-1.172,0.653,Banana
1.132,1.099,-0.547,0.435,Apple
1.087,-0.63,-0.913,-1.046,Grape
0.549,-0.495,-1.508,-0.964,Grape
0.042,-1.754,-0.385,-0.886,Lemon
1.152,-0.541,-0.949,-1.219,Grape
0.954,0.77,0.031,-0.469,Apple
-1.087,1.261,-1.218,-0.327,Banana
0.629,-0.63,-0.271,-0.098,Orange
1.104,0.026,-1.726,-1.045,Grape
1.011,-1.007,-0.02,0.089,Orange
0.924,-1.191,-0.122,-1.002,Grape
1.031,-0.558,0.862,1.452,Watermelon
0.893,-0.36,1.159,0.764,Watermelon
-0.237,1.211,-1.213,-0.192,Banana
-0.756,1.484,-0.865,0.416,Banana
1.546,1.209,-0.53,-0.515,Apple
1.194,1.176,0.081,-0.171,Apple
1.238,1.122,0.037,-0.039,Apple
-1.09,0.934,-0.887,0.339,Banana
1.46,1.074,-0.798,-0.714,Apple
0.916,-0.747,0.746,1.228,Watermelon
0.732,-0.944,-0.155,-0.6,Orange
1.138,-0.435,0.931,1.027,Watermelon
1.089,-0.968,1.008,0.981,Watermelon
0.451,-0.841,0.624,1.132,Watermelon
1.245,-0.858,0.691,1.11,Watermelon
0.925,-1.206,0.422,-0.514,Orange
1.173,1.534,-0.166,-0.515,Apple
0.807,0.511,-0.267,-0.254,Apple
0.912,-0.502,-0.313,-0.743,Orange
-0.469,0.598,-0.808,0.538,Banana
0.987,-0.659,1.042,0.889,Watermelon
0.285,-1.191,-0.021,-0.728,Grape
1.055,-0.104,-0.71,-0.532,Lemon
-1.561,0.916,-1.094,0.18,Banana
-0.615,1.268,-0.661,-0.11,Banana
-0.973,1.137,-0.329,0.358,Banana
-1.04,1.397,-1.073,0.482,Banana
-0.829,0.835,-1.225,0.289,Banana
0.849,-1.524,-0.047,-0.0,Orange
0.74,-0.894,-0.829,-0.387,Grape
1.357,-0.18,-1.107,-0.855,Grape
0.554,-1.254,-0.532,-0.804,Lemon
0.739,-1.156,-0.418,-0.21,Orange
0.277,-1.326,0.25,-0.203,Orange
1.196,-0.854,-0.338,-0.509,Orange
0.808,-0.315,0.813,1.603,Watermelon
0.855,-1.112,-0.273,-0.262,Orange
-1.328,0.995,-1.515,0.428,Banana
1.079,-0.745,-0.474,0.058,Orange
1.151,-0.955,1.692,1.165,Watermelon
0.838,-0.062,-0.821,-0.377,Grape
-0.049,-1.105,-0.704,-1.161,Lemon
0.658,-1.13,-1.3,-0.768,Lemon
1.485,-0.682,0.751,0.741,Watermelon
1.301,-1.688,1.208,0.359,Watermelon
1.175,-0.77,-1.245,-0.633,Lemon
0.711,-1.695,-0.615,-0.331,Lemon
0.276,1.261,-0.344,0.021,Apple
-1.082,0.63,-1.404,0.191,Banana
0.934,1.372,-0.398,-0.846,Apple
0.84,0.467,-0.178,-0.097,Apple
0.863,-1.106,-0.845,-0.679,Lemon
0.968,0.822,0.263,-0.428,Apple
0.964,-1.263,0.745,0.554,Watermelon
0.64,0.055,-0.81,-1.119,Grape
0.77,-0.168,-1.292,-1.596,Grape
-0.834,0.676,-1.449,-0.082,Banana
1.145,-1.036,0.655,1.164,Watermelon
0.71,-1.572,0.542,1.008,Watermelon
0.326,-0.963,-0.211,-0.721,Lemon
1.933,-0.903,-0.362,-0.667,Orange
0.878,0.913,-0.034,-0.509,Apple
0.751,-0.985,-0.259,-0.131,Lemon
1.117,-0.732,1.393,1.188,Watermelon
-0.903,1.143,-0.436,0.339,Banana
1.255,-0.837,-0.475,-0.843,Grape
0.879,0.975,-0.376,-0.298,Apple
1.073,-1.069,0.444,1.621,Watermelon
1.093,-0.505,-1.017,-0.682,Grape
1.017,-1.109,0.914,1.438,Watermelon
1.071,-0.612,-1.152,-1.112,Grape
1.378,-0.921,-0.766,-0.753,Grape
1.075,-0.666,-1.519,-0.768,Grape
0.442,-0.942,-0.282,0.069,Orange
-1.314,0.669,-0.813,0.24,Banana
-0.106,-1.002,0.033,-0.308,Lemon
0.585,1.164,0.044,-0.904,Apple
0.899,1.455,-0.833,-0.398,Apple
0.925,-1.145,1.482,1.428,Watermelon
0.894,0.644,0.146,-0.029,Apple
0.994,1.229,-0.073,-0.606,Apple
-1.208,1.002,-1.677,0.18,Banana
0.723,-0.54,-1.394,-0.85,Grape
1.078,-1.036,1.164,1.207,Watermelon
0.917,-0.588,-1.238,-1.242,Grape
1.153,-1.071,-0.604,-0.527,Lemon
1.13,0.81,-0.457,0.028,Apple
0.479,-0.935,0.713,0.297,Watermelon
0.972,0.596,-0.767,0.609,Apple
1.19,1.198,-0.319,-0.718,Apple
0.942,0.876,-0.973,0.327,Apple
-1.031,0.709,-0.957,-0.183,Banana
0.672,1.538,-0.482,-0.306,Apple
-0.964,0.939,-1.189,1.094,Banana
0.741,0.687,-0.128,-0.75,Apple
1.357,0.93,-0.255,-0.197,Apple
0.881,1.32,-0.073,-0.119,Apple
0.47,-0.722,-1.039,-0.392,Grape
0.105,-1.223,-0.221,-0.829,Lemon
0.77,-0.014,-0.872,-0.7,Grape
1.253,-0.559,-0.968,-0.69,Grape
0.304,-0.393,-0.787,-0.142,Lemon
-0.823,0.808,-0.831,0.345,Banana
-1.618,0.97,-1.437,0.478,Banana
0.95,1.307,-0.544,-0.754,Apple
0.623,-0.293,0.76,0.5,Orange
0.461,-1.082,-1.373,-0.729,Grape
1.738,-0.683,1.066,0.676,Watermelon
0.9,-0.969,1.309,0.825,Watermelon
1.14,-0.504,-0.965,-1.138,Grape
1.042,-0.634,-1.274,-0.69,Grape
-0.449,1.06,-1.016,0.566,Banana
-0.935,1.399,-0.963,0.505,Banana
1.607,1.444,-0.355,0.078,Apple
0.626,-1.07,-0.008,0.335,Orange
-1.263,0.99,-0.999,0.268,Banana
0.574,1.175,-0.746,0.098,Apple
1.472,-0.823,-1.444,-1.011,Grape
0.818,-0.673,-0.968,-1.326,Grape
1.581,-0.824,-0.673,-1.311,Grape
1.021,1.158,-0.253,-0.389,Apple
0.427,-1.142,-0.836,-0.383,Lemon
-0.359,1.126,-0.791,0.679,Banana
0.842,-1.632,1.001,1.299,Watermelon
1.704,-1.343,1.385,1.091,Watermelon
0.464,-1.366,-0.804,-0.299,Lemon
1.428,0.047,-0.121,-0.501,Apple
-1.168,1.146,-0.328,0.049,Banana
0.567,-1.551,-0.447,-0.742,Lemon
-0.448,1.126,-1.099,0.203,Banana
1.128,1.242,-0.709,-0.352,Apple
-1.001,1.074,-0.543,-0.199,Banana
1.335,-0.872,0.826,1.282,Watermelon
-1.134,0.366,-2.0,-0.126,Banana
-1.19,1.06,-0.791,0.21,Banana
0.506,0.867,-0.376,0.308,Apple
1.195,-1.58,0.89,1.244,Watermelon
-0.993,0.432,-0.714,0.427,Banana
0.945,0.718,0.055,-0.935,Apple
0.456,-1.257,-0.194,-0.677,Orange
0.809,0.881,-0.18,-0.397,Apple
0.904,0.753,0.081,-0.069,Apple
0.818,-1.272,-0.779,-0.333,Lemon
0.394,-1.324,-0.499,-0.958,Lemon
-1.073,1.312,-0.949,-0.066,Banana
1.165,-0.81,-0.704,-0.822,Grape
0.879,0.738,-0.597,0.606,Apple
0.198,0.384,0.086,0.01,Apple
1.126,-1.297,-0.811,-1.343,Grape
0.965,-0.858,1.177,0.772,Watermelon
1.45,-0.715,-0.636,-0.368,Orange
0.734,-0.622,-0.78,-1.648,Grape
-0.094,-1.291,-0.127,-0.417,Lemon
1.552,-1.055,0.705,0.413,Watermelon
0.71,-1.217,-1.149,-0.494,Orange
-1.297,1.008,-1.015,0.412,Banana
-1.568,0.603,-0.676,0.209,Banana
1.296,-1.049,1.066,1.185,Watermelon
0.805,0.767,-0.538,-0.327,Apple
1.201,-0.742,-0.596,-0.388,Grape
0.693,1.416,-0.306,-0.167,Apple
0.953,-0.573,-0.178,-0.322,Orange
0.854,-1.02,-1.2,-0.573,Grape
1.379,0.776,-0.684,0.033,Apple
0.75,-1.692,0.408,-0.496,Lemon
1.596,-0.939,-0.664,-0.132,Orange
-1.514,0.956,-1.381,0.228,Banana
1.087,-0.897,-0.811,-0.426,Orange
0.309,1.217,-0.229,-0.711,Apple
1.492,-0.837,-0.337,-0.366,Orange
0.777,-0.876,-0.589,-0.904,Grape
0.633,-0.546,0.968,0.678,Watermelon
1.691,0.617,-0.589,-0.3,Apple
1.113,-1.264,-1.074,-0.189,Orange
-1.366,0.874,-1.284,-0.079,Banana
0.907,0.779,-0.594,0.038,Apple
0.652,-0.688,-1.013,-1.592,Grape
0.609,0.986,-0.327,-0.576,Apple
0.991,-0.906,1.205,1.233,Watermelon
1.423,-0.962,0.514,0.896,Watermelon
0.556,-0.704,0.181,-0.202,Orange
1.407,-0.217,-0.894,-0.816,Grape
-0.668,0.511,-0.913,0.494,Banana
-1.502,1.669,-0.618,0.685,Banana
0.743,-1.332,-1.044,-0.535,Lemon
1.244,-0.81,1.599,0.891,Watermelon
0.874,-0.997,0.595,1.526,Watermelon
0.912,-0.911,1.285,0.737,Watermelon
0.697,-1.003,-0.259,-0.497,Lemon
0.0,-1.327,-0.825,0.475,Orange
1.495,-1.753,0.646,0.515,Watermelon
-0.924,0.665,-1.093,-0.182,Banana
0.751,-1.588,0.276,0.027,Lemon
1.869,-0.388,-0.455,-0.688,Grape
-1.352,0.87,-0.852,0.703,Banana
-1.002,1.194,-1.116,0.156,Banana
0.485,-0.845,0.828,0.55,Watermelon
0.792,-0.5,-0.766,-1.065,Grape
1.374,-0.478,0.9,1.341,Watermelon
-1.234,0.545,-1.331,-0.003,Banana
0.847,-0.306,-0.483,-0.332,Orange
1.054,0.538,-0.249,-0.07,Apple
1.519,1.46,-0.173,-0.378,Apple
0.942,-0.457,-1.016,-1.032,Grape
-1.327,1.235,-0.896,0.035,Banana
1.521,-0.927,-0.798,0.131,Orange
0.765,-1.143,-0.365,0.102,Orange
0.98,-0.784,0.449,0.614,Watermelon
1.011,-0.854,-1.072,-0.739,Grape
0.719,0.743,-0.262,-1.044,Apple
1.353,-0.954,-0.267,-0.389,Orange
0.841,-1.056,-0.171,-1.099,Lemon
-0.978,1.015,-0.891,0.791,Banana
0.123,-1.488,-0.724,-1.162,Lemon
1.807,-0.273,-0.819,-0.726,Grape
-0.555,0.785,-1.126,0.42,Banana
0.824,-0.925,-1.185,-0.866,Grape
1.319,-1.045,-1.066,-1.019,Grape
0.513,-0.843,-0.337,-0.528,Orange
0.831,-0.813,0.042,-0.081,Orange
1.267,-0.61,-0.407,-0.746,Lemon
1.396,-1.269,1.261,0.145,Watermelon
0.827,-1.489,0.9,0.461,Watermelon
1.01,1.163,-0.528,-0.412,Apple
0.677,-1.016,-0.128,-0.74,Lemon
1.188,1.091,-0.856,-0.269,Apple
0.97,-1.172,1.621,1.45,Watermelon
0.733,1.222,-0.04,-0.249,Apple
-1.384,0.667,-0.815,0.477,Banana
0.9,-0.139,-0.477,-0.481,Grape
1.52,0.994,-0.767,-0.413,Apple
0.96,-1.22,-0.433,-0.604,Orange
1.25,1.57,0.534,-0.213,Apple
0.94,-0.613,-0.524,-0.529,Grape
0.916,-0.179,-0.943,-1.257,Grape
0.946,-0.404,-0.047,-0.377,Orange
1.328,1.25,-0.408,-0.561,Apple
0.611,-1.575,0.771,0.938,Watermelon
1.441,-0.712,-0.231,-0.856,Orange
1.103,-1.576,0.006,0.116,Orange
1.018,1.286,0.055,-0.262,Apple
0.549,-1.465,-0.724,-0.849,Lemon
0.248,-1.257,-1.287,-0.157,Lemon
1.077,-0.594,-0.019,-0.025,Orange
1.278,1.053,0.157,-0.478,Apple
0.993,-1.098,1.706,0.779,Watermelon
1.451,-1.477,-0.265,-0.264,Orange
0.643,-0.833,-0.824,-1.118,Grape
0.662,-0.286,-1.007,-0.884,Grape
0.983,-0.459,-1.4,-0.538,Lemon
0.413,-0.046,-0.247,0.141,Orange
0.381,-1.124,-0.215,-0.32,Lemon
1.187,-1.292,-0.676,-0.32,Lemon
1.233,1.147,-0.763,-0.63,Apple
1.12,-1.54,0.69,1.013,Watermelon
0.728,-0.92,-0.331,-0.476,Orange
0.732,-0.153,-0.866,-0.913,Grape
1.019,0.682,-0.498,-1.14,Apple
0.377,-1.217,-0.408,-0.711,Lemon
1.275,-0.691,-0.948,-1.011,Grape
1.245,-0.578,0.655,1.616,Watermelon
0.3,-1.064,-0.785,0.028,Lemon
0.629,-0.749,-1.073,0.085,Orange
0.933,-0.731,-1.242,-1.023,Grape
